gene	condition	intervention	string	replicate	copynumber	affinity	readout
EIF3D	HUP-T3-311cas9	ACTTCAACTGAAGAGTCTCG	9606.ENSP00000216190	A	0.645396648976	0.6831	-0.964496400619
EIF3D	HUP-T3-311cas9	ACTTCAACTGAAGAGTCTCG	9606.ENSP00000216190	B	0.645396648976	0.6831	-1.29955948199
EIF3D	HUP-T3-311cas9	ACTTCAACTGAAGAGTCTCG	9606.ENSP00000216190	C	0.645396648976	0.6831	-1.26038978963
EIF3D	HUP-T3-311cas9	ACTTCAACTGAAGAGTCTCG	9606.ENSP00000216190	D	0.645396648976	0.6831	-0.392232808547
EIF3D	NCI-H2122-311cas9	ACTTCAACTGAAGAGTCTCG	9606.ENSP00000216190	A	0.860790688189	0.6831	-0.509575478347
EIF3D	NCI-H2122-311cas9	ACTTCAACTGAAGAGTCTCG	9606.ENSP00000216190	B	0.860790688189	0.6831	0.123711651752
EIF3D	NCI-H2122-311cas9	ACTTCAACTGAAGAGTCTCG	9606.ENSP00000216190	C	0.860790688189	0.6831	0.261275242753
EIF3D	NCI-H2122-311cas9	ACTTCAACTGAAGAGTCTCG	9606.ENSP00000216190	D	0.860790688189	0.6831	-0.594600394137
EIF3D	SK-N-BE_2_-311Cas9	ACTTCAACTGAAGAGTCTCG	9606.ENSP00000216190	A	1.06567654901	0.6831	-0.640199290735
EIF3D	SK-N-BE_2_-311Cas9	ACTTCAACTGAAGAGTCTCG	9606.ENSP00000216190	B	1.06567654901	0.6831	-0.440944694334
EIF3D	SK-N-BE_2_-311Cas9	ACTTCAACTGAAGAGTCTCG	9606.ENSP00000216190	C	1.06567654901	0.6831	-0.355090081679
EIF3D	SK-N-BE_2_-311Cas9	ACTTCAACTGAAGAGTCTCG	9606.ENSP00000216190	D	1.06567654901	0.6831	-0.469753636371
EIF3D	SUP-M2-311Cas9	ACTTCAACTGAAGAGTCTCG	9606.ENSP00000216190	A	0.968852663877	0.6831	-2.01715599117
EIF3D	SUP-M2-311Cas9	ACTTCAACTGAAGAGTCTCG	9606.ENSP00000216190	B	0.968852663877	0.6831	0.054127570337
EIF3D	SUP-M2-311Cas9	ACTTCAACTGAAGAGTCTCG	9606.ENSP00000216190	C	0.968852663877	0.6831	-0.841687211998
EIF3D	SUP-M2-311Cas9	ACTTCAACTGAAGAGTCTCG	9606.ENSP00000216190	D	0.968852663877	0.6831	-1.29483926603
EIF3D	HUP-T3-311cas9	ACTTCCACCACCAAACTGAG	9606.ENSP00000216190	A	0.645396648976	0.6942	-1.37292924693
EIF3D	HUP-T3-311cas9	ACTTCCACCACCAAACTGAG	9606.ENSP00000216190	B	0.645396648976	0.6942	-0.878085963016
EIF3D	HUP-T3-311cas9	ACTTCCACCACCAAACTGAG	9606.ENSP00000216190	C	0.645396648976	0.6942	-1.11923869366
EIF3D	HUP-T3-311cas9	ACTTCCACCACCAAACTGAG	9606.ENSP00000216190	D	0.645396648976	0.6942	-1.70974787481
EIF3D	NCI-H2122-311cas9	ACTTCCACCACCAAACTGAG	9606.ENSP00000216190	A	0.860790688189	0.6942	-0.43754450631
EIF3D	NCI-H2122-311cas9	ACTTCCACCACCAAACTGAG	9606.ENSP00000216190	B	0.860790688189	0.6942	-0.357538573779
EIF3D	NCI-H2122-311cas9	ACTTCCACCACCAAACTGAG	9606.ENSP00000216190	C	0.860790688189	0.6942	-0.113733473934
EIF3D	NCI-H2122-311cas9	ACTTCCACCACCAAACTGAG	9606.ENSP00000216190	D	0.860790688189	0.6942	-0.676712899979
EIF3D	SK-N-BE_2_-311Cas9	ACTTCCACCACCAAACTGAG	9606.ENSP00000216190	A	1.06567654901	0.6942	-0.212742347918
EIF3D	SK-N-BE_2_-311Cas9	ACTTCCACCACCAAACTGAG	9606.ENSP00000216190	B	1.06567654901	0.6942	-0.496217577801
EIF3D	SK-N-BE_2_-311Cas9	ACTTCCACCACCAAACTGAG	9606.ENSP00000216190	C	1.06567654901	0.6942	-0.470168295852
EIF3D	SK-N-BE_2_-311Cas9	ACTTCCACCACCAAACTGAG	9606.ENSP00000216190	D	1.06567654901	0.6942	-0.495237373296
EIF3D	SUP-M2-311Cas9	ACTTCCACCACCAAACTGAG	9606.ENSP00000216190	A	0.968852663877	0.6942	-1.41052912616
EIF3D	SUP-M2-311Cas9	ACTTCCACCACCAAACTGAG	9606.ENSP00000216190	B	0.968852663877	0.6942	-1.69003423198
EIF3D	SUP-M2-311Cas9	ACTTCCACCACCAAACTGAG	9606.ENSP00000216190	C	0.968852663877	0.6942	-1.58309050891
EIF3D	SUP-M2-311Cas9	ACTTCCACCACCAAACTGAG	9606.ENSP00000216190	D	0.968852663877	0.6942	-1.89197591649
EIF3D	HUP-T3-311cas9	ATATGCTTATTTCCATGAGG	9606.ENSP00000216190	A	0.645396648976	0.6107	-1.08007616375
EIF3D	HUP-T3-311cas9	ATATGCTTATTTCCATGAGG	9606.ENSP00000216190	B	0.645396648976	0.6107	-1.10770560148
EIF3D	HUP-T3-311cas9	ATATGCTTATTTCCATGAGG	9606.ENSP00000216190	C	0.645396648976	0.6107	-1.10641813781
EIF3D	HUP-T3-311cas9	ATATGCTTATTTCCATGAGG	9606.ENSP00000216190	D	0.645396648976	0.6107	-1.07889610947
EIF3D	NCI-H2122-311cas9	ATATGCTTATTTCCATGAGG	9606.ENSP00000216190	A	0.860790688189	0.6107	-0.423622395633
EIF3D	NCI-H2122-311cas9	ATATGCTTATTTCCATGAGG	9606.ENSP00000216190	B	0.860790688189	0.6107	-0.392255272281
EIF3D	NCI-H2122-311cas9	ATATGCTTATTTCCATGAGG	9606.ENSP00000216190	C	0.860790688189	0.6107	-0.28728613547
EIF3D	NCI-H2122-311cas9	ATATGCTTATTTCCATGAGG	9606.ENSP00000216190	D	0.860790688189	0.6107	-0.563001388153
EIF3D	SK-N-BE_2_-311Cas9	ATATGCTTATTTCCATGAGG	9606.ENSP00000216190	A	1.06567654901	0.6107	-0.650933738461
EIF3D	SK-N-BE_2_-311Cas9	ATATGCTTATTTCCATGAGG	9606.ENSP00000216190	B	1.06567654901	0.6107	-0.768322101473
EIF3D	SK-N-BE_2_-311Cas9	ATATGCTTATTTCCATGAGG	9606.ENSP00000216190	C	1.06567654901	0.6107	-0.642579164564
EIF3D	SK-N-BE_2_-311Cas9	ATATGCTTATTTCCATGAGG	9606.ENSP00000216190	D	1.06567654901	0.6107	-0.824738556248
EIF3D	SUP-M2-311Cas9	ATATGCTTATTTCCATGAGG	9606.ENSP00000216190	A	0.968852663877	0.6107	-0.734588515218
EIF3D	SUP-M2-311Cas9	ATATGCTTATTTCCATGAGG	9606.ENSP00000216190	B	0.968852663877	0.6107	-1.02948679413
EIF3D	SUP-M2-311Cas9	ATATGCTTATTTCCATGAGG	9606.ENSP00000216190	C	0.968852663877	0.6107	-1.89601815635
EIF3D	SUP-M2-311Cas9	ATATGCTTATTTCCATGAGG	9606.ENSP00000216190	D	0.968852663877	0.6107	-1.05095263688
EIF3D	HUP-T3-311cas9	CCTTTGACCGCATCACCACG	9606.ENSP00000216190	A	0.645396648976	0.7236	-0.763769209831
EIF3D	HUP-T3-311cas9	CCTTTGACCGCATCACCACG	9606.ENSP00000216190	B	0.645396648976	0.7236	-0.651094028288
EIF3D	HUP-T3-311cas9	CCTTTGACCGCATCACCACG	9606.ENSP00000216190	C	0.645396648976	0.7236	-0.565098978474
EIF3D	HUP-T3-311cas9	CCTTTGACCGCATCACCACG	9606.ENSP00000216190	D	0.645396648976	0.7236	-1.06909625286
EIF3D	NCI-H2122-311cas9	CCTTTGACCGCATCACCACG	9606.ENSP00000216190	A	0.860790688189	0.7236	-0.0971522813723
EIF3D	NCI-H2122-311cas9	CCTTTGACCGCATCACCACG	9606.ENSP00000216190	B	0.860790688189	0.7236	-0.0131110739393
EIF3D	NCI-H2122-311cas9	CCTTTGACCGCATCACCACG	9606.ENSP00000216190	C	0.860790688189	0.7236	0.314369606065
EIF3D	NCI-H2122-311cas9	CCTTTGACCGCATCACCACG	9606.ENSP00000216190	D	0.860790688189	0.7236	-0.441867592069
EIF3D	SK-N-BE_2_-311Cas9	CCTTTGACCGCATCACCACG	9606.ENSP00000216190	A	1.06567654901	0.7236	-0.615646080331
EIF3D	SK-N-BE_2_-311Cas9	CCTTTGACCGCATCACCACG	9606.ENSP00000216190	B	1.06567654901	0.7236	-0.257839594921
EIF3D	SK-N-BE_2_-311Cas9	CCTTTGACCGCATCACCACG	9606.ENSP00000216190	C	1.06567654901	0.7236	-0.379242336784
EIF3D	SK-N-BE_2_-311Cas9	CCTTTGACCGCATCACCACG	9606.ENSP00000216190	D	1.06567654901	0.7236	-0.104930356933
EIF3D	SUP-M2-311Cas9	CCTTTGACCGCATCACCACG	9606.ENSP00000216190	A	0.968852663877	0.7236	-1.68914150404
EIF3D	SUP-M2-311Cas9	CCTTTGACCGCATCACCACG	9606.ENSP00000216190	B	0.968852663877	0.7236	-1.32188450302
EIF3D	SUP-M2-311Cas9	CCTTTGACCGCATCACCACG	9606.ENSP00000216190	C	0.968852663877	0.7236	-0.994484244225
EIF3D	SUP-M2-311Cas9	CCTTTGACCGCATCACCACG	9606.ENSP00000216190	D	0.968852663877	0.7236	-0.000303481104761
PSMC4	HUP-T3-311cas9	AGAAATTGTCCGATGACCAG	9606.ENSP00000157812	A	0.657606014254	0.5642	-1.10993094573
PSMC4	HUP-T3-311cas9	AGAAATTGTCCGATGACCAG	9606.ENSP00000157812	B	0.657606014254	0.5642	-1.24813104382
PSMC4	HUP-T3-311cas9	AGAAATTGTCCGATGACCAG	9606.ENSP00000157812	C	0.657606014254	0.5642	-0.873741199436
PSMC4	HUP-T3-311cas9	AGAAATTGTCCGATGACCAG	9606.ENSP00000157812	D	0.657606014254	0.5642	-1.62227770723
PSMC4	NCI-H2122-311cas9	AGAAATTGTCCGATGACCAG	9606.ENSP00000157812	A	1.06677731666	0.5642	-0.546006087058
PSMC4	NCI-H2122-311cas9	AGAAATTGTCCGATGACCAG	9606.ENSP00000157812	B	1.06677731666	0.5642	-0.587451454662
PSMC4	NCI-H2122-311cas9	AGAAATTGTCCGATGACCAG	9606.ENSP00000157812	C	1.06677731666	0.5642	-0.478329088938
PSMC4	NCI-H2122-311cas9	AGAAATTGTCCGATGACCAG	9606.ENSP00000157812	D	1.06677731666	0.5642	-0.455797092579
PSMC4	SK-N-BE_2_-311Cas9	AGAAATTGTCCGATGACCAG	9606.ENSP00000157812	A	1.01398462916	0.5642	-0.599892084901
PSMC4	SK-N-BE_2_-311Cas9	AGAAATTGTCCGATGACCAG	9606.ENSP00000157812	B	1.01398462916	0.5642	-0.780802519639
PSMC4	SK-N-BE_2_-311Cas9	AGAAATTGTCCGATGACCAG	9606.ENSP00000157812	C	1.01398462916	0.5642	-0.804822857632
PSMC4	SK-N-BE_2_-311Cas9	AGAAATTGTCCGATGACCAG	9606.ENSP00000157812	D	1.01398462916	0.5642	-0.648537958456
PSMC4	SUP-M2-311Cas9	AGAAATTGTCCGATGACCAG	9606.ENSP00000157812	A	0.966024236864	0.5642	-1.52727303345
PSMC4	SUP-M2-311Cas9	AGAAATTGTCCGATGACCAG	9606.ENSP00000157812	B	0.966024236864	0.5642	-1.05188371657
PSMC4	SUP-M2-311Cas9	AGAAATTGTCCGATGACCAG	9606.ENSP00000157812	C	0.966024236864	0.5642	-1.80370028574
PSMC4	SUP-M2-311Cas9	AGAAATTGTCCGATGACCAG	9606.ENSP00000157812	D	0.966024236864	0.5642	-2.61519713535
PSMC4	HUP-T3-311cas9	ATCGGCATCGATCCCCCCCG	9606.ENSP00000157812	A	0.657606014254	0.6851	-0.501075868226
PSMC4	HUP-T3-311cas9	ATCGGCATCGATCCCCCCCG	9606.ENSP00000157812	B	0.657606014254	0.6851	-0.28715291293
PSMC4	HUP-T3-311cas9	ATCGGCATCGATCCCCCCCG	9606.ENSP00000157812	C	0.657606014254	0.6851	-0.26061585082
PSMC4	HUP-T3-311cas9	ATCGGCATCGATCCCCCCCG	9606.ENSP00000157812	D	0.657606014254	0.6851	-0.879017881255
PSMC4	NCI-H2122-311cas9	ATCGGCATCGATCCCCCCCG	9606.ENSP00000157812	A	1.06677731666	0.6851	0.297465729401
PSMC4	NCI-H2122-311cas9	ATCGGCATCGATCCCCCCCG	9606.ENSP00000157812	B	1.06677731666	0.6851	0.279197001449
PSMC4	NCI-H2122-311cas9	ATCGGCATCGATCCCCCCCG	9606.ENSP00000157812	C	1.06677731666	0.6851	0.151303758252
PSMC4	NCI-H2122-311cas9	ATCGGCATCGATCCCCCCCG	9606.ENSP00000157812	D	1.06677731666	0.6851	0.205154638035
PSMC4	SK-N-BE_2_-311Cas9	ATCGGCATCGATCCCCCCCG	9606.ENSP00000157812	A	1.01398462916	0.6851	-0.15881926292
PSMC4	SK-N-BE_2_-311Cas9	ATCGGCATCGATCCCCCCCG	9606.ENSP00000157812	B	1.01398462916	0.6851	-0.413726482748
PSMC4	SK-N-BE_2_-311Cas9	ATCGGCATCGATCCCCCCCG	9606.ENSP00000157812	C	1.01398462916	0.6851	-0.351746787176
PSMC4	SK-N-BE_2_-311Cas9	ATCGGCATCGATCCCCCCCG	9606.ENSP00000157812	D	1.01398462916	0.6851	-0.0139767182347
PSMC4	SUP-M2-311Cas9	ATCGGCATCGATCCCCCCCG	9606.ENSP00000157812	A	0.966024236864	0.6851	-0.583429513564
PSMC4	SUP-M2-311Cas9	ATCGGCATCGATCCCCCCCG	9606.ENSP00000157812	B	0.966024236864	0.6851	-0.298145085148
PSMC4	SUP-M2-311Cas9	ATCGGCATCGATCCCCCCCG	9606.ENSP00000157812	C	0.966024236864	0.6851	-1.2295065527
PSMC4	SUP-M2-311Cas9	ATCGGCATCGATCCCCCCCG	9606.ENSP00000157812	D	0.966024236864	0.6851	-0.118248470617
PSMC4	HUP-T3-311cas9	GCATCCTGAGCACCATCGAT	9606.ENSP00000157812	A	0.657606014254	0.5745	-0.53174533191
PSMC4	HUP-T3-311cas9	GCATCCTGAGCACCATCGAT	9606.ENSP00000157812	B	0.657606014254	0.5745	-1.47004571239
PSMC4	HUP-T3-311cas9	GCATCCTGAGCACCATCGAT	9606.ENSP00000157812	C	0.657606014254	0.5745	-0.826439705587
PSMC4	HUP-T3-311cas9	GCATCCTGAGCACCATCGAT	9606.ENSP00000157812	D	0.657606014254	0.5745	-0.432020563726
PSMC4	NCI-H2122-311cas9	GCATCCTGAGCACCATCGAT	9606.ENSP00000157812	A	1.06677731666	0.5745	0.129831614067
PSMC4	NCI-H2122-311cas9	GCATCCTGAGCACCATCGAT	9606.ENSP00000157812	B	1.06677731666	0.5745	-0.257808526177
PSMC4	NCI-H2122-311cas9	GCATCCTGAGCACCATCGAT	9606.ENSP00000157812	C	1.06677731666	0.5745	0.177317714886
PSMC4	NCI-H2122-311cas9	GCATCCTGAGCACCATCGAT	9606.ENSP00000157812	D	1.06677731666	0.5745	0.31169497232
PSMC4	SK-N-BE_2_-311Cas9	GCATCCTGAGCACCATCGAT	9606.ENSP00000157812	A	1.01398462916	0.5745	-0.541374600726
PSMC4	SK-N-BE_2_-311Cas9	GCATCCTGAGCACCATCGAT	9606.ENSP00000157812	B	1.01398462916	0.5745	-0.164389372365
PSMC4	SK-N-BE_2_-311Cas9	GCATCCTGAGCACCATCGAT	9606.ENSP00000157812	C	1.01398462916	0.5745	-0.409232058088
PSMC4	SK-N-BE_2_-311Cas9	GCATCCTGAGCACCATCGAT	9606.ENSP00000157812	D	1.01398462916	0.5745	-0.461260946691
PSMC4	SUP-M2-311Cas9	GCATCCTGAGCACCATCGAT	9606.ENSP00000157812	A	0.966024236864	0.5745	-0.560697032698
PSMC4	SUP-M2-311Cas9	GCATCCTGAGCACCATCGAT	9606.ENSP00000157812	B	0.966024236864	0.5745	-0.893338573769
PSMC4	SUP-M2-311Cas9	GCATCCTGAGCACCATCGAT	9606.ENSP00000157812	C	0.966024236864	0.5745	-1.28017429545
PSMC4	SUP-M2-311Cas9	GCATCCTGAGCACCATCGAT	9606.ENSP00000157812	D	0.966024236864	0.5745	-1.33223412947
PSMC4	HUP-T3-311cas9	GGGTCGAATGTACCTTGTAG	9606.ENSP00000157812	A	0.657606014254	0.6517	-0.12780713055
PSMC4	HUP-T3-311cas9	GGGTCGAATGTACCTTGTAG	9606.ENSP00000157812	B	0.657606014254	0.6517	-0.483098299209
PSMC4	HUP-T3-311cas9	GGGTCGAATGTACCTTGTAG	9606.ENSP00000157812	C	0.657606014254	0.6517	-0.765584203546
PSMC4	HUP-T3-311cas9	GGGTCGAATGTACCTTGTAG	9606.ENSP00000157812	D	0.657606014254	0.6517	-0.222594076122
PSMC4	NCI-H2122-311cas9	GGGTCGAATGTACCTTGTAG	9606.ENSP00000157812	A	1.06677731666	0.6517	-0.102453210887
PSMC4	NCI-H2122-311cas9	GGGTCGAATGTACCTTGTAG	9606.ENSP00000157812	B	1.06677731666	0.6517	-0.571511472424
PSMC4	NCI-H2122-311cas9	GGGTCGAATGTACCTTGTAG	9606.ENSP00000157812	C	1.06677731666	0.6517	-0.058137077062
PSMC4	NCI-H2122-311cas9	GGGTCGAATGTACCTTGTAG	9606.ENSP00000157812	D	1.06677731666	0.6517	-0.216813719903
PSMC4	SK-N-BE_2_-311Cas9	GGGTCGAATGTACCTTGTAG	9606.ENSP00000157812	A	1.01398462916	0.6517	-0.130597763291
PSMC4	SK-N-BE_2_-311Cas9	GGGTCGAATGTACCTTGTAG	9606.ENSP00000157812	B	1.01398462916	0.6517	-0.325678166302
PSMC4	SK-N-BE_2_-311Cas9	GGGTCGAATGTACCTTGTAG	9606.ENSP00000157812	C	1.01398462916	0.6517	-0.476091992749
PSMC4	SK-N-BE_2_-311Cas9	GGGTCGAATGTACCTTGTAG	9606.ENSP00000157812	D	1.01398462916	0.6517	-0.644502633919
PSMC4	SUP-M2-311Cas9	GGGTCGAATGTACCTTGTAG	9606.ENSP00000157812	A	0.966024236864	0.6517	-0.241462151023
PSMC4	SUP-M2-311Cas9	GGGTCGAATGTACCTTGTAG	9606.ENSP00000157812	B	0.966024236864	0.6517	-0.327397542065
PSMC4	SUP-M2-311Cas9	GGGTCGAATGTACCTTGTAG	9606.ENSP00000157812	C	0.966024236864	0.6517	-0.172738620232
PSMC4	SUP-M2-311Cas9	GGGTCGAATGTACCTTGTAG	9606.ENSP00000157812	D	0.966024236864	0.6517	-0.159144464908
