condition	intervention	gene	c1	c2	r1	r2
Neuron	ACSM3_sg001	ACSM3	9268.479887309451	9169.299863227623	8987.01595723109	9300.411518121717
Neuron	ACSM3_sg002	ACSM3	15612.87658986591	15165.219487090737	15742.897878881371	15869.90586507779
Neuron	ACSM3_sg003	ACSM3	17103.405479139747	17366.128173812867	17348.226026433415	17373.00267608736
Neuron	ACSM3_sg004	ACSM3	9160.963315148514	9082.330862584808	9330.654939224338	9374.692465177422
Neuron	ACSM3_sg005	ACSM3	9118.691842333103	9194.006965682967	8995.077868832104	9365.953530229692
Neuron	ACSM3_sg006	ACSM3	20122.140005196812	20302.320229606063	20333.14879670909	20061.31753938282
Neuron	ACSM3_sg007	ACSM3	11691.738013705943	12220.132874413619	12011.240546561712	12021.497387471163
Neuron	ACSM3_sg008	ACSM3	12858.798241435767	12969.252220859677	12854.71804781787	12881.19011295411
Neuron	ACSM3_sg009	ACSM3	12028.071906106821	11842.608348895947	11793.568933334316	11597.659042506257
Neuron	ACSM3_sg010	ACSM3	14585.496011439183	14605.850687501728	14593.067736786656	14655.193907343311
Neuron	ANAPC4_sg011	ANAPC4	12917.61072535286	13109.588562806037	12745.882241204172	12857.158041847852
Neuron	ANAPC4_sg012	ANAPC4	12556.465316299458	12444.47336470815	12271.237195694435	12314.251708220121
Neuron	ANAPC4_sg013	ANAPC4	16301.166440708144	16599.21971359896	16295.138823550875	16258.788470251777
Neuron	ANAPC4_sg014	ANAPC4	18157.435464341408	17887.942177669753	18403.32870721621	17995.651791113127
Neuron	ANAPC4_sg015	ANAPC4	10925.337832661318	10839.499989208942	10863.42588236725	11227.346674096194
Neuron	ANAPC4_sg016	ANAPC4	11583.302496483802	11294.11067438729	11326.985799425593	11201.129869253005
Neuron	ANAPC4_sg017	ANAPC4	13172.15850730653	13164.932472306009	13026.033669339433	13332.337629630672
Neuron	ANAPC4_sg018	ANAPC4	10334.45615830677	10457.034043200201	10338.393889351171	10586.127322306502
Neuron	ANAPC4_sg019	ANAPC4	7952.550559664484	8002.136343237126	8229.196266735711	8186.197312286134
Neuron	ANAPC4_sg020	ANAPC4	20859.13394428289	21143.349997186004	20623.37761434562	20772.44837075435
Neuron	ANXA7_sg021	ANXA7	14768.366078618896	14637.47577864457	14903.45133342572	14805.940535191654
Neuron	ANXA7_sg022	ANXA7	14670.038957070004	14910.242189751578	14868.18047017128	14761.153493584538
Neuron	ANXA7_sg023	ANXA7	12084.127554840301	12128.222453279735	12575.574358632739	12229.047092479754
Neuron	ANXA7_sg024	ANXA7	9163.720150332128	9069.483169308029	9241.973911613177	9030.59690161055
Neuron	ANXA7_sg025	ANXA7	8460.72717851062	8615.860768227894	8714.926440696845	8717.087610360735
Neuron	ANXA7_sg026	ANXA7	17596.87897700661	17465.94486773246	17501.402346852694	17962.88078505914
Neuron	ANXA7_sg027	ANXA7	12240.348215245082	12210.250033431481	12165.424605931117	12279.2959684292
Neuron	ANXA7_sg028	ANXA7	12488.463381770318	12459.297626181358	12487.901069971704	12732.628218842698
Neuron	ANXA7_sg029	ANXA7	13865.962028515993	13455.487997180866	13577.26687505881	13419.726979107974
Neuron	ANXA7_sg030	ANXA7	34082.75337501687	33780.53876104585	34121.03311234441	33974.79434303754
Neuron	APOH_sg031	APOH	14341.056625158764	14314.306878528658	14835.932823767222	14401.76479385914
Neuron	APOH_sg032	APOH	10379.484466305794	10307.803144369918	10276.921813393434	10299.927202768342
Neuron	APOH_sg033	APOH	11838.769223498677	11715.119700226367	11496.285943046902	11766.975907118525
Neuron	APOH_sg034	APOH	16303.923275891759	16359.066677733006	16081.498166123987	16431.382435469444
Neuron	APOH_sg035	APOH	18729.938237471866	18808.0346731068	18532.319292832442	18534.18865726699
Neuron	APOH_sg036	APOH	13785.094863129989	13984.219989725249	14041.83453106728	13738.69810470012
Neuron	APOH_sg037	APOH	10137.80191520899	10296.932019289567	10337.386150401044	10100.024065839018
Neuron	APOH_sg038	APOH	12903.82654943479	12821.99789022582	12719.681028500874	13035.21384140785
Neuron	APOH_sg039	APOH	15781.962481127553	15549.662001295905	15787.238392686952	15710.420302281716
Neuron	APOH_sg040	APOH	19864.835388059528	19983.104465883007	20101.368838179922	19728.14564450061
Neuron	ARHGAP44_sg041	ARHGAP44	7838.601372075115	7921.097047183594	7848.270943587769	7983.01707475141
Neuron	ARHGAP44_sg042	ARHGAP44	17485.686624600854	17407.636105937847	17430.860620343814	17601.307351596806
Neuron	ARHGAP44_sg043	ARHGAP44	9727.033472850539	10131.888574887862	9975.60786730551	9791.976608931533
Neuron	ARHGAP44_sg044	ARHGAP44	11648.547595829328	11715.119700226367	11725.042684725691	12088.131766447606
Neuron	ARHGAP44_sg045	ARHGAP44	11237.779153470878	11103.371843432025	11167.763045305554	11316.920757310429
Neuron	ARHGAP44_sg046	ARHGAP44	9649.842087709354	9634.78167348632	9478.792564892983	9456.61998031239
Neuron	ARHGAP44_sg047	ARHGAP44	10142.396640515011	9647.629366763102	9818.400591085725	9940.538503042944
Neuron	ARHGAP44_sg048	ARHGAP44	10338.131938551589	10444.186349923422	10358.548668353707	10259.50962863509
Neuron	ARHGAP44_sg049	ARHGAP44	9108.583446659854	8945.947657031304	9045.464816338445	8943.20755213325
Neuron	ARHGAP44_sg050	ARHGAP44	9694.870395708378	9741.516356093412	9721.65765187355	9513.423057472637
Neuron	ARHGEF4_sg051	ARHGEF4	14557.927659603045	14499.116004894637	14718.027366602382	14839.803908114109
Neuron	ARHGEF4_sg052	ARHGEF4	10538.461961894189	10427.385520253787	10599.39827743402	10185.228681579385
Neuron	ARHGEF4_sg053	ARHGEF4	14387.003878218993	14390.40475409112	14769.422053058852	14703.258049555827
Neuron	ARHGEF4_sg054	ARHGEF4	13410.165278158518	13656.109669118267	13686.102681672506	13472.160588794353
Neuron	ARHGEF4_sg055	ARHGEF4	11719.306365542081	12076.831680172618	11968.915510656385	11785.546143882453
Neuron	ARHGEF4_sg056	ARHGEF4	12913.934945108042	12766.653980725849	12939.368119628525	12757.752656817422
Neuron	ARHGEF4_sg057	ARHGEF4	12595.06100887005	12674.743559591965	12727.742940101889	12816.740467714599
Neuron	ARHGEF4_sg058	ARHGEF4	7814.708800483796	7823.256921460429	7702.1487958193775	7700.094055818649
Neuron	ARHGEF4_sg059	ARHGEF4	11116.478405391872	11122.149241298088	11424.736477587896	11181.467265620611
Neuron	ARHGEF4_sg060	ARHGEF4	9459.620460040005	9221.678920432954	9402.204404683343	9246.88554156687
Neuron	ATG5_sg061	ATG5	20865.566559711322	20543.461549570227	20973.06303003963	21250.905059142573
Neuron	ATG5_sg062	ATG5	12166.832610348714	12080.784816565472	12421.390299263332	12068.469162815212
Neuron	ATG5_sg063	ATG5	29226.12872655064	28811.446315226865	28354.750839718676	29007.802192121468
Neuron	ATG5_sg064	ATG5	7699.840667833223	7376.552509067792	7527.809957447436	7736.142162478036
Neuron	ATG5_sg065	ATG5	13247.512002325306	13305.26881425237	13152.001038105285	13248.225380758771
Neuron	ATG5_sg066	ATG5	20301.334292131705	20263.777149775724	20163.848653087785	20399.951268607358
Neuron	ATG5_sg067	ATG5	11236.860208409673	11106.336695726668	11228.227382313164	10983.74886242822
Neuron	ATG5_sg068	ATG5	6377.478724759824	6252.873489398703	6155.269507374691	6487.566831821104
Neuron	ATG5_sg069	ATG5	28762.98041570353	28617.742631976962	28768.931548220804	28443.048521124412
Neuron	ATG5_sg070	ATG5	15244.37962032287	15430.079625412036	15009.263923189037	15521.440834037054
Neuron	B4GALT6_sg071	B4GALT6	12454.46241450575	12656.954445824118	12491.93202577221	12596.082360284416
Neuron	B4GALT6_sg072	B4GALT6	9488.107756937346	9239.468034200801	9563.442636703638	9530.900927368097
Neuron	B4GALT6_sg073	B4GALT6	13530.547081176319	13462.405985868363	13854.395086343688	13798.778282465764
Neuron	B4GALT6_sg074	B4GALT6	12239.429270183877	12503.770410600979	12226.896681888855	12338.283779326379
Neuron	B4GALT6_sg075	B4GALT6	21261.6318810905	21259.967520775233	21624.062391821564	21456.27003041423
Neuron	B4GALT6_sg076	B4GALT6	29355.69998018049	29396.510501369437	29450.163078506543	29181.488524207605
Neuron	B4GALT6_sg077	B4GALT6	22679.564110529172	22467.650688792495	22648.93290410055	22370.581099320487
Neuron	B4GALT6_sg078	B4GALT6	13658.280444683756	13348.753314573776	13604.475826712234	13433.927748398035
Neuron	B4GALT6_sg079	B4GALT6	0.9189450612045856	0.9882840982137985	1.0077389501268321	1.0923668684662575
Neuron	B4GALT6_sg080	B4GALT6	9220.694744126813	9415.382603682858	8942.675443425509	9155.126724615704
Neuron	BCL11B_sg081	BCL11B	10791.17185372545	10947.222955914245	10810.015718010529	10866.86560750233
Neuron	BCL11B_sg082	BCL11B	13216.26787024435	13063.13921018999	13226.573720414672	12967.487095562943
Neuron	BCL11B_sg083	BCL11B	11916.879553701066	11977.014986253023	12349.840833804328	12061.914961604416
Neuron	BCL11B_sg084	BCL11B	19624.071782023926	19519.599223820733	19950.207995660894	19642.941028760244
Neuron	BCL11B_sg085	BCL11B	22296.364020006862	22678.155201712034	22157.156296438658	22477.63305243018
Neuron	BCL11B_sg086	BCL11B	12531.653799646934	12606.551956815214	12684.410165246436	12706.411413999507
Neuron	BCL11B_sg087	BCL11B	13434.976794811042	13308.23366654701	13446.26081154232	13676.433193197545
Neuron	BCL11B_sg088	BCL11B	15568.76722692809	15190.914873644297	15772.12230843505	15322.630063976194
Neuron	BCL11B_sg089	BCL11B	10474.135807609868	10406.631554191297	10443.198740164362	10203.798918343311
Neuron	BCL11B_sg090	BCL11B	17504.065525824946	17409.612674134274	17669.694751523875	17540.1348069627
Neuron	BCR_sg091	BCR	6580.5655832860375	6710.449026871692	6538.210308422887	6535.630974033619
Neuron	BCR_sg092	BCR	11011.718668414549	11182.43457128913	11176.832695856696	11051.475608273127
Neuron	BCR_sg093	BCR	21427.041992107323	21757.074422176775	21733.90593738539	21529.45861060147
Neuron	BCR_sg094	BCR	9221.613689188016	9158.428738147271	9350.809718226876	9358.306962150427
Neuron	BCR_sg095	BCR	12406.677271323111	12448.426501101005	12643.092868291236	12467.183069805396
Neuron	BCR_sg096	BCR	12957.125362984658	12996.924175609664	12675.340514695294	12941.270290719753
Neuron	BCR_sg097	BCR	9455.944679795186	9107.037965040154	9356.856151927635	9600.812406949937
Neuron	BCR_sg098	BCR	9084.690875068534	8916.29913408489	8815.700335709527	9040.428203426747
Neuron	BCR_sg099	BCR	10414.404378631569	10818.746023146452	10730.404340950508	10476.890635459877
Neuron	BCR_sg100	BCR	9953.093957906867	9833.426777227294	9866.772060691814	9736.265898639753
Neuron	C2CD2L_sg101	C2CD2L	12494.895997198752	12042.241736735134	12288.36875784659	12250.894429849079
Neuron	C2CD2L_sg102	C2CD2L	10056.01580476178	9948.067732620095	10069.327589667306	10209.260752685643
Neuron	C2CD2L_sg103	C2CD2L	11772.605179091946	11611.349869913918	11891.31961149662	11633.707149165642
Neuron	C2CD2L_sg104	C2CD2L	17531.633877661086	17083.47892172372	17245.43665352048	16973.19640222871
Neuron	C2CD2L_sg105	C2CD2L	10352.835059530862	9915.45435737904	10209.403303734936	10102.20879957595
Neuron	C2CD2L_sg106	C2CD2L	10518.245170547687	10413.549542878794	10548.003590977552	10284.634066609815
Neuron	C2CD2L_sg107	C2CD2L	10118.504068923692	10010.329630807564	9872.818494392573	10257.324894898158
Neuron	C2CD2L_sg108	C2CD2L	12759.552174825672	12698.462377949096	12575.574358632739	12653.977804313126
Neuron	C2CD2L_sg109	C2CD2L	13012.262066656933	13087.846312645333	13146.962343354651	13261.333783180366
Neuron	C2CD2L_sg110	C2CD2L	11178.966669553784	11541.181698940738	11430.782911288657	11255.748212676317
Neuron	CAV2_sg111	CAV2	14379.652317729357	14373.603924421484	14266.560316945563	14349.33118417276
Neuron	CAV2_sg112	CAV2	18282.41199266523	18220.993918767803	18312.632201704793	18407.474100524905
Neuron	CAV2_sg113	CAV2	11405.027154610112	11443.341573217573	11474.11568614411	11490.607089396563
Neuron	CAV2_sg114	CAV2	13760.283346477465	14112.696922493042	13996.486278311571	13837.011122862084
Neuron	CAV2_sg115	CAV2	9509.243493345051	9404.511478602506	9542.280118750974	9513.423057472637
Neuron	CAV2_sg116	CAV2	13192.37529865303	12889.20120890436	13098.590873748564	13128.065025227483
Neuron	CAV2_sg117	CAV2	13277.837189345059	12804.208776457974	12678.363731545674	11888.22862951828
Neuron	CAV2_sg118	CAV2	12463.651865117796	12454.356205690288	12407.281953961558	12621.20679825914
Neuron	CAV2_sg119	CAV2	8893.55030233798	9200.924954370465	8836.86285366219	8985.809860003434
Neuron	CAV2_sg120	CAV2	9169.233820699355	9439.101422039988	9277.244774867617	9397.632169415214
Neuron	CDC123_sg121	CDC123	10957.500909803479	10792.062352494679	10901.71996247207	10802.415962262821
Neuron	CDC123_sg122	CDC123	10872.039019111453	10602.31180563763	10631.64592383808	10811.15489721055
Neuron	CDC123_sg123	CDC123	17788.938494798367	17714.004176384125	17830.932983544168	18225.04883349104
Neuron	CDC123_sg124	CDC123	25246.17766647358	24881.04045663059	25267.03869653006	24956.21347698012
Neuron	CDC123_sg125	CDC123	14138.888711693755	14380.521913108982	14016.641057314107	14383.194557095212
Neuron	CDC123_sg126	CDC123	12004.179334515502	11836.678644306665	11658.531914017321	12150.396677950182
Neuron	CDC123_sg127	CDC123	10194.776509003674	10041.954721950406	10074.36628441794	9952.554538596072
Neuron	CDC123_sg128	CDC123	9521.189779140712	9409.452899093576	9949.406654602213	9972.217142228465
Neuron	CDC123_sg129	CDC123	8849.44093940016	8791.77533770995	8848.955721063712	8972.70145758184
Neuron	CDC123_sg130	CDC123	9914.498265336275	9784.012572316606	9893.981012345237	9837.856017407115
Neuron	CDC45_sg131	CDC45	12473.760260791045	12582.833138458082	13051.227143092603	12785.061828529078
Neuron	CDC45_sg132	CDC45	14364.949196750084	14275.763798698319	14286.715095948099	14130.857810479507
Neuron	CDC45_sg133	CDC45	10377.646576183386	10299.896871584207	10242.658689089121	10122.963770076809
Neuron	CDC45_sg134	CDC45	9886.010968438932	9857.145595584427	9916.151269248028	9983.140810913128
Neuron	CDC45_sg135	CDC45	9763.791275298723	9577.461195789921	9464.684219591207	9538.547495447361
Neuron	CDC45_sg136	CDC45	8780.520059809816	8912.345997692035	9045.464816338445	9078.661043823065
Neuron	CDC45_sg137	CDC45	10987.82609682323	10719.917613325071	10854.35623181611	10953.162590111164
Neuron	CDC45_sg138	CDC45	10992.420822129254	10842.464841503583	11307.838759373184	10902.913714161716
Neuron	CDC45_sg139	CDC45	14590.090736745206	14609.803823894583	14421.752115265095	14576.54349281374
Neuron	CDC45_sg140	CDC45	10572.462929158757	10504.471679914464	10616.529839586176	10688.80980794233
Neuron	CDHR5_sg141	CDHR5	6903.115299768847	6798.40631161272	6930.220760022225	6772.674584490796
Neuron	CDHR5_sg142	CDHR5	14279.487306058056	13771.738908609283	14104.314345975143	14180.014319560489
Neuron	CDHR5_sg143	CDHR5	17972.727507039286	17846.434245544773	18073.798070524736	18079.764039985028
Neuron	CDHR5_sg144	CDHR5	12885.4476482107	12749.853151056213	12340.771183253186	12907.4069177973
Neuron	CDHR5_sg145	CDHR5	11052.152251107551	11151.797764244502	11378.380485882062	11171.635963804416
Neuron	CDHR5_sg146	CDHR5	11142.2088671056	11013.43799049457	11315.900670974197	11178.190165015214
Neuron	CDHR5_sg147	CDHR5	7651.13657958938	7794.5966826122285	7670.908888365446	7701.186422687116
Neuron	CDHR5_sg148	CDHR5	10838.956996908088	10903.738455592838	10587.305410032499	10853.757205080734
Neuron	CDHR5_sg149	CDHR5	16573.1741788247	16250.35542692949	16271.960827697958	16349.454920334476
Neuron	CDHR5_sg150	CDHR5	14460.51948311536	14809.43721173377	14574.928435684373	14454.198403545519
Neuron	CERS5_sg151	CERS5	16421.548243725945	16464.813076241884	16623.66172129222	16487.093145761224
Neuron	CERS5_sg152	CERS5	12530.73485458573	12379.24661422604	12664.2553862439	12406.010525171287
Neuron	CERS5_sg153	CERS5	18365.117048173644	18167.626577464256	18214.88152354249	18199.92439551632
Neuron	CERS5_sg154	CERS5	19119.57094342261	18940.464742267446	18575.652067687897	19097.84996139558
Neuron	CERS5_sg155	CERS5	12062.991818432596	11807.03012136025	11789.53797753381	11930.830937388464
Neuron	CERS5_sg156	CERS5	14071.80572222582	14324.189719510796	13687.110420622634	14197.492189455948
Neuron	CERS5_sg157	CERS5	14780.312364414556	14920.125030733716	14782.5226594105	14692.334380871163
Neuron	CERS5_sg158	CERS5	16460.14393629654	16853.208726839905	16266.922132947324	16631.28557239877
Neuron	CERS5_sg159	CERS5	18135.380782872497	18226.923623357085	17872.250280499367	18173.707590673126
Neuron	CERS5_sg160	CERS5	12376.352084303358	12366.398920949261	12325.655099001284	12146.027210476317
Neuron	CHD8_sg161	CHD8	19124.16566872863	18968.136697017435	18748.983167109713	19334.893571852757
Neuron	CHD8_sg162	CHD8	13683.09196133628	13638.32055535042	13680.056247971746	13622.907216642698
Neuron	CHD8_sg163	CHD8	9721.519802483312	9725.70381052199	9855.686932240418	9688.201756427237
Neuron	CHD8_sg164	CHD8	18207.97744270766	18223.958771062444	18101.007022178157	18356.13285770699
Neuron	CHD8_sg165	CHD8	14389.760713402606	14484.29174342143	14462.061673270167	14608.222131999262
Neuron	CHD8_sg166	CHD8	9688.437780279946	9807.731390673736	9612.821845259852	9893.566727698895
Neuron	CHD8_sg167	CHD8	8454.294563082189	8274.902754344135	8473.069092666405	8226.614886419386
Neuron	CHD8_sg168	CHD8	12653.873492787145	12363.434068654618	12834.563268815335	12541.464016861102
Neuron	CHD8_sg169	CHD8	13516.76290525825	13625.47286207364	13573.235919258303	13704.834731777666
Neuron	CHD8_sg170	CHD8	8979.012193030007	9026.986953084835	9085.774374343519	9103.78548179779
Neuron	CHST1_sg171	CHST1	14309.812493077807	14249.080128046546	14248.42101584328	14067.500532108465
Neuron	CHST1_sg172	CHST1	12313.863820141447	12068.925407386907	12331.701532702045	12121.99513937006
Neuron	CHST1_sg173	CHST1	7617.135612324811	7404.224463817778	7578.196904953777	7310.119083776195
Neuron	CHST1_sg174	CHST1	6755.165144914909	6940.719221755507	6551.310914774535	7044.673934738895
Neuron	CHST1_sg175	CHST1	10719.494138951492	10888.914194119632	10894.665789821182	10851.572471343803
Neuron	CHST1_sg176	CHST1	8784.195840054634	8736.431428209979	8809.653902008766	8835.063232155091
Neuron	CHST1_sg177	CHST1	11487.732210118525	11504.615187306828	11636.36165711453	11454.558982737177
Neuron	CHST1_sg178	CHST1	11341.619945386996	11424.56417535151	11356.210228979271	11443.635314052513
Neuron	CHST1_sg179	CHST1	8882.522961603525	8642.544438879668	8799.576512507498	8653.730331989693
Neuron	CHST1_sg180	CHST1	10681.817391442104	10779.2146592179	10665.909048142392	10641.838032598282
Neuron	CINP_sg181	CINP	12474.67920585225	12603.587104520571	12738.828068553285	12703.134313394108
Neuron	CINP_sg182	CINP	14452.248977564519	14405.229015564326	14767.406575158599	14727.290120662085
Neuron	CINP_sg183	CINP	12806.418372947106	12784.443094493698	12893.01212792269	12561.126620493495
Neuron	CINP_sg184	CINP	11236.860208409673	11360.325708967614	11372.3340521813	11298.3505205465
Neuron	CINP_sg185	CINP	10209.479629982947	10086.427506370028	10299.092070296225	10215.81495389644
Neuron	CINP_sg186	CINP	9314.42714036968	9285.917386816851	8848.955721063712	9036.058735952882
Neuron	CINP_sg187	CINP	14861.179529800558	14818.331768617694	14828.878651116334	14943.578760618402
Neuron	CINP_sg188	CINP	12829.39199947722	13413.980065055886	12949.445509129793	13007.904669696194
Neuron	CINP_sg189	CINP	15441.033863420653	15057.496520385434	15464.761928646365	14955.594796171532
Neuron	CINP_sg190	CINP	16507.929079479178	16525.098406232923	16231.651269692886	16400.79616315239
Neuron	CYP46A1_sg191	CYP46A1	17529.795987538677	17730.805006053757	17370.396283336206	17740.03794389202
Neuron	CYP46A1_sg192	CYP46A1	10427.269609488434	10442.209781726995	10625.599490137318	10538.063180093986
Neuron	CYP46A1_sg193	CYP46A1	18800.69700718462	18714.14768377649	18613.946147792714	18622.670373612757
Neuron	CYP46A1_sg194	CYP46A1	11428.000781140227	11604.431881226421	11532.564545251467	11738.574368538404
Neuron	CYP46A1_sg195	CYP46A1	14932.857244574516	15284.801862974608	15390.18924633698	14959.964263645397
Neuron	CYP46A1_sg196	CYP46A1	12495.814942259956	12930.70914102934	12844.640658316603	12671.455674208588
Neuron	CYP46A1_sg197	CYP46A1	12003.260389454297	12049.15972542263	12179.532951232894	11902.429398808343
Neuron	CYP46A1_sg198	CYP46A1	13018.694682085365	13001.865596100733	12898.050822673324	13156.466563807606
Neuron	CYP46A1_sg199	CYP46A1	13070.155605512822	13337.882189493424	13071.381922095139	13302.843724182085
Neuron	CYP46A1_sg200	CYP46A1	23979.87137213366	24046.928677738146	23807.83269674641	24087.781816549446
Neuron	DECR2_sg201	DECR2	12839.500395150471	12898.095765788285	12355.887267505088	12726.0740176319
Neuron	DECR2_sg202	DECR2	18124.353442138043	17955.14549634829	17967.985480761417	17958.511317585275
Neuron	DECR2_sg203	DECR2	7917.630647338709	8306.527845486977	8107.259853770364	8151.241572495213
Neuron	DECR2_sg204	DECR2	19707.695782593542	19850.674396722356	19900.82878710468	19652.772330576438
Neuron	DECR2_sg205	DECR2	9501.891932855415	9481.597638263183	9556.388464052749	9624.844478056195
Neuron	DECR2_sg206	DECR2	12468.246590423818	12448.426501101005	12410.305170811938	12445.335732436071
Neuron	DECR2_sg207	DECR2	16477.603892459425	16327.441586590165	16502.733047277005	16560.281725948465
Neuron	DECR2_sg208	DECR2	15565.091446683271	15829.34640109041	15525.226265653975	15691.850065517789
Neuron	DECR2_sg209	DECR2	12924.962285842497	12837.810435797242	13013.94080193791	12548.0182180719
Neuron	DECR2_sg210	DECR2	14778.474474292147	14845.015439269468	14788.569093111262	14867.113079825765
Neuron	DKK4_sg211	DKK4	11806.606146356517	11917.717940360197	11856.04874824218	12065.192062209815
Neuron	DKK4_sg212	DKK4	12687.874460051713	12714.274923520517	12768.052498106963	12669.270940471655
Neuron	DKK4_sg213	DKK4	9615.841120444784	9613.039423325617	9609.798628409471	9743.912466719017
Neuron	DKK4_sg214	DKK4	3417.5566826198537	3354.236229337632	2943.6054733204764	3165.6791848152143
Neuron	DKK4_sg215	DKK4	11591.573002034644	11755.639348253133	11754.26711427937	11558.33383524147
Neuron	DKK4_sg216	DKK4	11807.525091417721	11753.662780056706	11642.408090815292	11892.598096992146
Neuron	DKK4_sg217	DKK4	10631.275413075851	10603.300089735843	10257.774773341023	10551.17158251558
Neuron	DKK4_sg218	DKK4	19619.477056717904	19403.96998432972	19175.25674301336	19441.94552496245
Neuron	DKK4_sg219	DKK4	17929.53708916267	17851.37566603584	18055.65876942245	18192.277827437054
Neuron	DKK4_sg220	DKK4	9615.841120444784	9908.536368691544	9952.429871452594	9631.398679266993
Neuron	DPEP1_sg221	DPEP1	7757.7342066891115	7658.2134770587245	8019.58656510933	7820.254411349938
Neuron	DPEP1_sg222	DPEP1	10260.021608349198	10471.85830467341	10489.554731870196	10189.59814905325
Neuron	DPEP1_sg223	DPEP1	17862.454099694736	17995.665144375056	17830.932983544168	17986.912856165396
Neuron	DPEP1_sg224	DPEP1	10004.554881334323	10232.69355290567	10138.861577226058	10250.77069368736
Neuron	DPEP1_sg225	DPEP1	12994.802110494045	12570.973729279516	13094.559917948056	12794.893130345274
Neuron	DPEP1_sg226	DPEP1	14686.579968171687	14525.79967554641	14710.973193951495	14725.105386925152
Neuron	DPEP1_sg227	DPEP1	12501.328612627183	12711.310071225877	12800.300144511022	12587.343425336685
Neuron	DPEP1_sg228	DPEP1	20813.18669122266	20834.017074445084	20696.94255770488	20532.127659691778
Neuron	DPEP1_sg229	DPEP1	17049.187720528676	17080.51406942908	16937.06853478167	17009.244508888096
Neuron	DPEP1_sg230	DPEP1	10644.140643932715	10998.613729021363	10587.305410032499	11012.150401008343
Neuron	DUSP14_sg231	DUSP14	8648.191970996355	8429.075073665486	8705.856790145703	8522.64630777374
Neuron	DUSP14_sg232	DUSP14	15760.826744719849	15944.975640581424	16152.039892632865	15690.757698649322
Neuron	DUSP14_sg233	DUSP14	12601.493624298482	12877.341799725795	12718.673289550748	12698.764845920243
Neuron	DUSP14_sg234	DUSP14	9536.81184518119	9736.574935602343	9637.007580062895	9705.679626322699
Neuron	DUSP14_sg235	DUSP14	16239.597121607438	16449.000530670462	16154.055370533119	16021.744859794599
Neuron	DUSP14_sg236	DUSP14	17150.271677261182	17039.994421402313	16868.542286173044	17446.1912562746
Neuron	DUSP14_sg237	DUSP14	16337.924243156329	16304.711052331248	16092.583294575383	16325.422849228218
Neuron	DUSP14_sg238	DUSP14	13578.332224358957	13646.22682813613	13470.446546345365	13543.16443524466
Neuron	DUSP14_sg239	DUSP14	8224.55829778104	8366.813175478019	8394.465454556512	8366.437845583067
Neuron	DUSP14_sg240	DUSP14	13496.546113911749	13476.241963243356	13388.819691385092	13397.87964173865
Neuron	DUSP3_sg241	DUSP3	12709.01019645942	12621.37621828842	12670.30181994466	12669.270940471655
Neuron	DUSP3_sg242	DUSP3	9668.220988933446	9492.468763343535	9654.139142215052	9676.18572087411
Neuron	DUSP3_sg243	DUSP3	17512.336031375788	17510.417652152082	17351.249243283797	17571.81344614822
Neuron	DUSP3_sg244	DUSP3	13142.752265347985	13136.27223345781	13596.41391511122	13373.847570632392
Neuron	DUSP3_sg245	DUSP3	8048.120846029761	7809.420944085436	7830.131642485486	7844.286482456196
Neuron	DUSP3_sg246	DUSP3	12683.27973474569	12872.400379234725	12710.611377949734	12818.925201451531
Neuron	DUSP3_sg247	DUSP3	9019.445775723008	8873.802917861696	9134.145843949605	8967.239623239508
Neuron	DUSP3_sg248	DUSP3	17933.21286940749	17892.88359816082	18220.927957243253	17981.451021823064
Neuron	DUSP3_sg249	DUSP3	9856.604726480386	10246.529530280663	10238.627733288615	10126.240870682208
Neuron	DUSP3_sg250	DUSP3	10427.269609488434	10359.193917477036	10419.013005361317	10545.70974817325
Neuron	EFHD2_sg251	EFHD2	12940.584351882975	12887.224640707933	12994.7937618855	13075.631415541102
Neuron	EFHD2_sg252	EFHD2	19704.93894740993	18974.066401606717	19425.176002644817	19332.708838115825
Neuron	EFHD2_sg253	EFHD2	9172.909600944175	9289.870523209705	9143.215494500748	9274.194713278526
Neuron	EFHD2_sg254	EFHD2	11832.336608070245	12273.500215717164	12201.703208135683	12043.34472484049
Neuron	EFHD2_sg255	EFHD2	13168.482727061712	13386.308110305901	13400.912558786613	13145.542895122942
Neuron	EFHD2_sg256	EFHD2	17190.705259954182	17075.57264893801	17274.661083074156	17439.637055063802
Neuron	EFHD2_sg257	EFHD2	12398.40676577227	12471.157035359924	12390.1503918094	12489.030407174721
Neuron	EFHD2_sg258	EFHD2	14417.329065238744	14046.481887912718	14408.651508913446	14314.375444381838
Neuron	EFHD2_sg259	EFHD2	13277.837189345059	13508.85533848441	13456.338201043589	13634.923252195826
Neuron	EFHD2_sg260	EFHD2	22760.431275915176	22881.741725944077	23221.328627772593	22908.025598605887
Neuron	EFNA2_sg261	EFNA2	15685.473249701072	15708.775741108328	15918.24445620344	15608.830183514354
Neuron	EFNA2_sg262	EFNA2	11905.85221296661	11945.389895110182	12090.851923621733	12258.540997928341
Neuron	EFNA2_sg263	EFNA2	9456.86362485639	9362.015262379313	9501.9705607459	9476.282583944783
Neuron	EFNA2_sg264	EFNA2	11094.423723922962	11004.543433610646	10997.455162734119	10909.467915372514
Neuron	EFNA2_sg265	EFNA2	10414.404378631569	10711.023056441149	10542.964896226918	10632.006730782085
Neuron	EFNA2_sg266	EFNA2	10202.12806949331	10126.947154396794	10295.061114495717	10031.204953125643
Neuron	EFNA2_sg267	EFNA2	7448.968666124371	7529.73654429093	7339.362773773719	7519.8535225217165
Neuron	EFNA2_sg268	EFNA2	38901.701275973726	38757.537479650535	38174.15916975453	38249.225899346005
Neuron	EFNA2_sg269	EFNA2	6883.817453483551	7018.793665514397	6965.491623276664	6991.147958184049
Neuron	EFNA2_sg270	EFNA2	11206.535021389922	11332.653754217627	11435.821606039292	11168.358863199017
Neuron	ENTPD4_sg271	ENTPD4	14379.652317729357	14299.48261705545	14198.034068336938	14293.62047388098
Neuron	ENTPD4_sg272	ENTPD4	12806.418372947106	12991.982755118595	12987.739589234612	12948.916858799017
Neuron	ENTPD4_sg273	ENTPD4	9821.68481415461	9674.313037414873	9548.326552451734	9430.4031754692
Neuron	ENTPD4_sg274	ENTPD4	14035.047919777637	13852.778204662813	14095.244695424	14079.516567661592
Neuron	ENTPD4_sg275	ENTPD4	11704.603244562808	11554.029392217519	11959.845860105244	11805.208747514846
Neuron	ENTPD4_sg276	ENTPD4	15089.996850040501	15152.371793813958	15182.595022610853	15493.03929545693
Neuron	ENTPD4_sg277	ENTPD4	9867.632067214841	9696.055287575577	9656.154620115305	9727.526963692024
Neuron	ENTPD4_sg278	ENTPD4	8593.05526732408	8500.23152873688	8582.91263823023	8519.369207168342
Neuron	ENTPD4_sg279	ENTPD4	16136.675274752524	15895.561435670736	16125.838679929568	16238.033499750918
Neuron	ENTPD4_sg280	ENTPD4	13536.060751543546	13150.108210832803	12946.422292279412	13014.458870906992
Neuron	EPHA4_sg281	EPHA4	11749.631552561832	11733.89709809243	11749.228419528736	11846.718688516563
Neuron	EPHA4_sg282	EPHA4	10506.298884752028	10309.779712566346	10376.68796945599	10152.457675525397
Neuron	EPHA4_sg283	EPHA4	14307.974602955399	14448.713515885735	14517.487315527143	14214.97005935141
Neuron	EPHA4_sg284	EPHA4	17811.91212132848	17630.000028035953	17917.598533255074	17860.19829942331
Neuron	EPHA4_sg285	EPHA4	20261.81965449991	20459.457401222055	20147.724829885756	20454.56961203067
Neuron	EPHA4_sg286	EPHA4	20226.899742174133	20023.62411390977	20440.976864372664	20224.08020278429
Neuron	EPHA4_sg287	EPHA4	11761.57783835749	11658.787506628181	11677.67895406973	11721.096498642943
Neuron	EPHA4_sg288	EPHA4	18513.067203027582	18835.706627856784	18496.040690627877	18287.31374499362
Neuron	EPHA4_sg289	EPHA4	9702.221956198015	9553.742377432789	9736.773736125451	9743.912466719017
Neuron	EPHA4_sg290	EPHA4	621.2068613742999	600.8767317139894	625.8058880287628	604.0788782618404
Neuron	EPN2_sg291	EPN2	12561.978986666685	12216.179738020763	12186.58712388378	12507.60064393865
Neuron	EPN2_sg292	EPN2	7893.73807574739	7917.14391079074	7714.2416632209	7905.459027090305
Neuron	EPN2_sg293	EPN2	532.9881354986596	467.4583784551267	416.19618640238167	267.62988277423307
Neuron	EPN2_sg294	EPN2	24203.175022006377	24228.772951809482	23981.163796168225	24273.48418418871
Neuron	EPN2_sg295	EPN2	13869.637808760812	13838.94222728782	13774.783709283669	13879.613430732268
Neuron	EPN2_sg296	EPN2	15507.197907827383	15777.955627983292	15862.818813946464	15530.179768984783
Neuron	EPN2_sg297	EPN2	11519.895287260686	11189.352559976627	11205.049386460247	11389.016970629202
Neuron	EPN2_sg298	EPN2	15483.305336236064	15802.662730438638	15654.21685127021	15692.942432386255
Neuron	EPN2_sg299	EPN2	14463.276318298973	14506.033993582134	14164.778682982753	14461.844971624783
Neuron	EPN2_sg300	EPN2	11965.58364194491	11885.10456511914	12069.689405669069	11845.626321648097
Neuron	ESPL1_sg301	ESPL1	11414.216605222158	11530.310573860386	11195.979735909104	11479.6834207119
Neuron	ESPL1_sg302	ESPL1	8987.282698580848	8876.767770156337	9289.337642269138	9205.375600565152
Neuron	ESPL1_sg303	ESPL1	689.2087959034392	700.6934256335832	708.440481939163	687.0987602652759
Neuron	ESPL1_sg304	ESPL1	11595.248782279461	11710.178279735299	11839.92492504015	11741.851469143801
Neuron	ESPL1_sg305	ESPL1	13420.273673831769	13463.394269966577	13564.16626870716	13528.9636659546
Neuron	ESPL1_sg306	ESPL1	11011.718668414549	11035.180240655274	11285.668502470393	11514.63916050282
Neuron	ESPL1_sg307	ESPL1	9297.886129267998	9120.873942415146	9300.422770720534	9252.347375909201
Neuron	ESPL1_sg308	ESPL1	31250.564696384343	30948.1165355651	31192.543723275834	31181.612260369322
Neuron	ESPL1_sg309	ESPL1	13934.882908106336	13707.500442225384	13587.344264560077	13565.011772613985
Neuron	ESPL1_sg310	ESPL1	13334.811783139741	13238.06549557383	13267.891017369871	13105.125320989691
Neuron	ETV2_sg311	ETV2	10048.664244272144	9905.571516396902	10271.8831186428	10063.97595917963
Neuron	ETV2_sg312	ETV2	16639.338223231432	16335.347859375875	16391.881762763052	16741.614626113864
Neuron	ETV2_sg313	ETV2	9624.111625995625	9855.169027387998	9821.423807936106	9812.731579432391
Neuron	ETV2_sg314	ETV2	16772.585257106097	17151.670524500474	16822.18629446721	16946.979597385518
Neuron	ETV2_sg315	ETV2	17165.893743301658	17080.51406942908	17275.668822024283	17189.485042185028
Neuron	ETV2_sg316	ETV2	8674.841377771289	8901.474872611683	8871.125977966503	8817.585362259631
Neuron	ETV2_sg317	ETV2	16045.69971369327	16038.862629911735	16272.968566648085	15900.492137394844
Neuron	ETV2_sg318	ETV2	10954.744074619864	10890.89076231606	11045.826632340208	10766.367855603434
Neuron	ETV2_sg319	ETV2	9828.117429583044	10045.907858343262	10014.909686360457	9711.141460665029
Neuron	ETV2_sg320	ETV2	14811.556496495512	14721.479926992743	14952.830541981935	14779.723730348464
Neuron	F11_sg321	F11	12755.876394580853	12665.84900270804	12524.17967217627	12967.487095562943
Neuron	F11_sg322	F11	15140.538828406752	15178.067180367518	14748.259535106188	15030.968110095704
Neuron	F11_sg323	F11	10462.189521814207	10608.241510226913	10580.25123738161	10604.697559070428
Neuron	F11_sg324	F11	10965.77141535432	11128.078945887371	11014.586724886276	11172.728330672882
Neuron	F11_sg325	F11	11907.69010308902	12009.628361494078	11882.249960945477	11972.340878390183
Neuron	F11_sg326	F11	12193.482017123646	11978.99155444945	11919.53630210017	12120.902772501593
Neuron	F11_sg327	F11	22452.58468041164	22449.861575024646	22380.874343366813	22368.396365583554
Neuron	F11_sg328	F11	20613.775612941266	20962.49400721288	21001.279720643182	20711.275826120243
Neuron	F11_sg329	F11	4671.916691164113	4757.599648801226	4759.551061449029	4723.394339248098
Neuron	F11_sg330	F11	14393.436493647425	14347.908537867926	14109.353040725777	14399.580060122207
Neuron	FADS1_sg331	FADS1	18519.499818456014	18382.084226776653	18791.30820301504	18727.537592985518
Neuron	FADS1_sg332	FADS1	12785.2826365394	12924.779436440056	13088.513484247296	13077.816149278035
Neuron	FADS1_sg333	FADS1	9546.92024085444	9502.351604325673	9802.276767883695	9606.274241292269
Neuron	FADS1_sg334	FADS1	13987.262776594998	13966.4308759574	13936.021941303961	14325.299113066501
Neuron	FADS1_sg335	FADS1	11122.911020820304	11367.24369765511	11496.285943046902	11403.217739919262
Neuron	FADS1_sg336	FADS1	14801.448100822261	14866.757689430171	14851.048908019126	14556.880889181348
Neuron	FADS1_sg337	FADS1	15373.950873952717	15713.717161599396	15551.427478357273	15727.898172177176
Neuron	FADS1_sg338	FADS1	23805.27181050479	24068.67092789885	23842.09582105072	24006.94666828294
Neuron	FADS1_sg339	FADS1	12285.376523244106	12355.52779586891	12191.625818634415	12337.191412457913
Neuron	FADS1_sg340	FADS1	17337.736469746917	17537.101322803854	17672.717968374254	17369.72557548196
Neuron	FEZF2_sg341	FEZF2	4383.367941945873	4513.493476542418	4391.726344652734	4534.414871003435
Neuron	FEZF2_sg342	FEZF2	10758.089831522084	10339.42823551276	10591.336365833005	10540.247913830919
Neuron	FEZF2_sg343	FEZF2	18268.62781674716	18075.716156330374	18467.824000024324	18205.386229858646
Neuron	FEZF2_sg344	FEZF2	14022.182688920771	14088.978104135911	13867.495692695336	13897.091300627728
Neuron	FEZF2_sg345	FEZF2	5776.488654732026	5790.356531434645	6058.526568162515	5920.628427087116
Neuron	FEZF2_sg346	FEZF2	15354.653027667422	15587.21679702803	15523.210787753722	15555.304206959507
Neuron	FEZF2_sg347	FEZF2	8169.421594108766	8065.386525522809	8142.530717024803	8247.369856920244
Neuron	FEZF2_sg348	FEZF2	12693.388130418942	12797.290787770477	12900.066300573579	13048.322243829447
Neuron	FEZF2_sg349	FEZF2	15034.860146368226	15000.176042689034	14665.624941195789	14680.318345318035
Neuron	FEZF2_sg350	FEZF2	15783.800371249963	15841.205810268975	15729.797272529722	15773.777580652759
Neuron	FMO3_sg351	FMO3	14267.541020262397	14764.96442731415	14282.684140147592	14577.635859682207
Neuron	FMO3_sg352	FMO3	12107.101181370415	12400.988864386743	12472.784985719802	12509.785377675582
Neuron	FMO3_sg353	FMO3	13255.782507876147	13051.279801011422	13036.111058840701	13484.176624347483
Neuron	FMO3_sg354	FMO3	13335.730728200946	13478.218531439783	13133.861737003002	13166.297865623801
Neuron	FMO3_sg355	FMO3	8143.691132395038	8094.04676437101	8152.608106526071	8405.763052847851
Neuron	FMO3_sg356	FMO3	17147.51484207757	17106.209455982636	16604.514681239812	16915.300958199998
Neuron	FMO3_sg357	FMO3	14435.707966462836	14632.5343581535	14460.046195369914	14762.245860453004
Neuron	FMO3_sg358	FMO3	0.9189450612045856	0.9882840982137985	1.0077389501268321	1.0923668684662575
Neuron	FMO3_sg359	FMO3	7561.998908652535	7290.571792523191	7383.703287579299	7576.656599681962
Neuron	FMO3_sg360	FMO3	14587.333901561593	14141.357161341242	14130.51555867844	14301.267041960244
Neuron	FOXN1_sg361	FOXN1	10970.366140660344	11003.555149512433	11014.586724886276	10982.656495559753
Neuron	FOXN1_sg362	FOXN1	8532.404893284578	8377.68430055837	8713.918701746717	8564.156248775458
Neuron	FOXN1_sg363	FOXN1	12771.498460621331	13019.65470986858	12916.190123775606	12958.748160615212
Neuron	FOXN1_sg364	FOXN1	16019.050306918336	16025.026652536742	15880.958115048747	15798.902018627483
Neuron	FOXN1_sg365	FOXN1	11013.556558536959	11055.934206717764	11164.739828455173	11244.824543991655
Neuron	FOXN1_sg366	FOXN1	21870.89245666914	21637.492046292904	22030.181188722676	22620.73311219926
Neuron	FOXN1_sg367	FOXN1	24688.3780143224	24252.491770166616	24434.646323725297	24261.46814863558
Neuron	FOXN1_sg368	FOXN1	19427.417538926144	20058.214057347253	19840.36445009707	20286.34511428687
Neuron	FOXN1_sg369	FOXN1	16601.661475722045	16782.052271768513	16205.450056989588	16788.586401457913
Neuron	FOXN1_sg370	FOXN1	15840.774965044648	16146.58559661704	15318.639780877975	15482.115626772267
Neuron	GCKR_sg371	GCKR	9977.905474559391	9929.290334754034	9986.692995756906	9737.35826550822
Neuron	GCKR_sg372	GCKR	12602.412569359687	12737.005457779434	12614.876177687685	12414.749460119017
Neuron	GCKR_sg373	GCKR	18970.701843507464	18669.674899356865	18941.461306583937	18667.457415219877
Neuron	GCKR_sg374	GCKR	10913.39154686566	10979.8363311553	10645.754269139854	10769.644956208833
Neuron	GCKR_sg375	GCKR	11086.153218372121	11212.083094235544	11325.978060475467	11170.54359693595
Neuron	GCKR_sg376	GCKR	13906.395611208995	14063.282717582353	14030.749402615884	14101.363905030918
Neuron	GCKR_sg377	GCKR	18796.102281878593	19200.383460097677	18796.346897765674	18921.978895572513
Neuron	GCKR_sg378	GCKR	8771.33060919777	9081.342578486594	8875.15693376701	8989.086960608833
Neuron	GCKR_sg379	GCKR	19160.004526115612	18788.268991142522	18963.631563486728	18844.42084791141
Neuron	GCKR_sg380	GCKR	17039.079324855426	17212.94413858973	17028.77277924321	17144.69800057791
Neuron	GNAI3_sg381	GNAI3	15434.601247992221	15657.38496800121	15759.0217020834	15556.396573827973
Neuron	GNAI3_sg382	GNAI3	15774.610920637917	15518.036910153063	15604.837642713996	15515.978999694722
Neuron	GNAI3_sg383	GNAI3	2491.2600609256315	2457.8625522577167	2491.130684713529	2514.6285312093246
Neuron	GNAI3_sg384	GNAI3	10906.958931437226	10981.81289935173	10880.557444519407	10973.917560612022
Neuron	GNAI3_sg385	GNAI3	18042.567331690836	17887.942177669753	17526.595820605864	17554.335576252757
Neuron	GNAI3_sg386	GNAI3	18225.43739887055	18277.32611236599	18432.553136769886	18154.044987040736
Neuron	GNAI3_sg387	GNAI3	13440.490465178269	13657.097953216482	13725.404500727453	13784.577513175704
Neuron	GNAI3_sg388	GNAI3	16260.732858015142	16198.964653822371	15887.004548749508	16100.39527432417
Neuron	GNAI3_sg389	GNAI3	15988.725119898585	16352.148689045509	16446.2996660699	16021.744859794599
Neuron	GNAI3_sg390	GNAI3	16114.620593283613	16183.15210825095	16176.22562743591	16123.334978561961
Neuron	GNRHR_sg391	GNRHR	12733.821713111944	12705.380366636593	12845.648397266728	12745.736621264292
Neuron	GNRHR_sg392	GNRHR	12910.259164863224	13156.037915422085	13059.289054693618	13040.675675750183
Neuron	GNRHR_sg393	GNRHR	11782.713574765197	11500.662050913972	11744.189724778102	11733.112534196072
Neuron	GNRHR_sg394	GNRHR	9627.787406240444	9504.3281725221	9509.024733396787	9836.763650538649
Neuron	GNRHR_sg395	GNRHR	19249.142197052457	19617.4393495439	19162.156136661713	19496.563868385765
Neuron	GNRHR_sg396	GNRHR	13548.925982400411	13772.727192707496	13398.89708088636	13414.265144765643
Neuron	GNRHR_sg397	GNRHR	21190.873111377743	20877.50157476649	20699.965774555258	20929.749199813494
Neuron	GNRHR_sg398	GNRHR	15753.475184230212	15757.201661920803	15817.470561190758	15570.597343118035
Neuron	GNRHR_sg399	GNRHR	11679.791727910284	11917.717940360197	12150.308521679215	11652.277385929568
Neuron	GNRHR_sg400	GNRHR	10328.023542878338	10424.420667959146	10330.331977750157	10370.931049218649
Neuron	GRIA1_sg401	GRIA1	9798.711187624496	9981.669391959365	9924.213180849043	9820.378147511656
Neuron	GRIA1_sg402	GRIA1	15304.11104930117	15381.65370459956	15284.376656573662	15384.894975478772
Neuron	GRIA1_sg403	GRIA1	16163.324681527456	16360.05496183122	16227.620313892377	16246.772434698649
Neuron	GRIA1_sg404	GRIA1	10234.29114663547	10350.299360593111	10095.528802370603	10404.794422141103
Neuron	GRIA1_sg405	GRIA1	10848.146447520134	10751.542704467915	10954.122387878666	10993.580164244415
Neuron	GRIA1_sg406	GRIA1	11760.658893296288	11767.498757431698	11938.68334215258	11916.630168098403
Neuron	GRIA1_sg407	GRIA1	19232.601185950774	18978.01953799957	18562.551461336247	19053.062919788463
Neuron	GRIA1_sg408	GRIA1	18251.167860584275	18416.674170214133	18441.622787321026	18446.79930778969
Neuron	GRIA1_sg409	GRIA1	10777.38767780738	10825.66401183395	10776.760332656342	10686.625074205398
Neuron	GRIA1_sg410	GRIA1	18810.805402857866	18917.73420800853	18514.17999173016	18869.54528588613
Neuron	GRIN2A_sg411	GRIN2A	12790.796306906628	12593.704263538433	12746.8899801543	12937.993190114354
Neuron	GRIN2A_sg412	GRIN2A	10490.67681871155	10595.393816950134	10560.096458379074	10370.931049218649
Neuron	GRIN2A_sg413	GRIN2A	15826.990789126578	15820.451844206485	15538.326872005624	16005.359356767605
Neuron	GRIN2A_sg414	GRIN2A	31322.242411158302	31453.12970975235	31575.48452432403	31559.571196858647
Neuron	GRIN2A_sg415	GRIN2A	13238.322551713261	13515.773327171908	13458.353678943842	13382.58650558012
Neuron	GRIN2A_sg416	GRIN2A	13878.827259372856	13892.309568591365	14027.726185765503	14047.837928476072
Neuron	GRIN2A_sg417	GRIN2A	8660.138256792015	8519.008926602943	8539.579863374775	8673.392935622085
Neuron	GRIN2A_sg418	GRIN2A	14368.6249769949	14539.635652921403	14463.069412220295	14324.206746198035
Neuron	GRIN2A_sg419	GRIN2A	24052.468031968823	24361.203020970133	24196.819931495367	24447.170516274844
Neuron	GRIN2A_sg420	GRIN2A	12606.088349604506	12531.442365350964	12571.54340283223	12468.275436673863
Neuron	GRM1_sg421	GRM1	10295.860465736178	10074.568097191463	10348.47127885244	10081.453829075092
Neuron	GRM1_sg422	GRM1	11489.570100240935	11316.841208646207	11434.813867089164	11621.691113612515
Neuron	GRM1_sg423	GRM1	12896.474988945154	12639.16533205627	12964.561593381695	12908.499284665766
Neuron	GRM1_sg424	GRM1	11140.370976983191	10971.930058369591	10858.387187616616	11018.704602219139
Neuron	GRM1_sg425	GRM1	7324.911082861752	7241.157587612502	7278.898436766109	7259.870207826748
Neuron	GRM1_sg426	GRM1	14709.553594701802	14909.253905653364	14764.383358308218	14418.150296886133
Neuron	GRM1_sg427	GRM1	9714.168241993675	9894.70039131655	9826.46250268674	9905.582763252023
Neuron	GRM1_sg428	GRM1	10865.606403683021	10701.14021545901	10748.543642052791	10764.183121866501
Neuron	GRM1_sg429	GRM1	16124.728988956864	16231.578029063427	16274.984044548339	16232.571665408586
Neuron	GRM1_sg430	GRM1	11959.151026516478	12255.711101949315	11804.654061785712	12526.170880702575
Neuron	GRM6_sg431	GRM6	9324.535536042931	9304.694784682913	9109.960109146563	9173.69696137963
Neuron	GRM6_sg432	GRM6	10822.415985806405	10653.702578744747	11048.849849190587	10804.600695999754
Neuron	GRM6_sg433	GRM6	12895.55604388395	12889.20120890436	12849.679353067237	12851.69620750552
Neuron	GRM6_sg434	GRM6	12128.236917778122	12125.257600985093	12271.237195694435	12371.054785380367
Neuron	GRM6_sg435	GRM6	23948.627240052705	23499.4192873277	23648.609942626368	23738.224418640242
Neuron	GRM6_sg436	GRM6	14562.522384909069	14572.249028162458	14562.835568282851	14799.386333980858
Neuron	GRM6_sg437	GRM6	9723.357692605721	9309.636205173982	9623.906973711246	9522.161992420366
Neuron	GRM6_sg438	GRM6	14534.95403307293	14468.479197850009	14551.750439831456	14421.427397491532
Neuron	GRM6_sg439	GRM6	9471.566745835664	9592.285457263128	9606.77541155909	9682.739922084907
Neuron	GRM6_sg440	GRM6	10686.412116748126	10615.159498914409	10834.201452813571	10966.27099253276
Neuron	HDGFL1_sg441	HDGFL1	7705.354338200451	7524.795123799861	7571.14273230289	7738.326896214969
Neuron	HDGFL1_sg442	HDGFL1	10770.955062378947	10725.847317914355	10486.531515019815	10614.528860886625
Neuron	HDGFL1_sg443	HDGFL1	14489.006780012702	14255.998116734043	14478.185496472197	14456.383137282452
Neuron	HDGFL1_sg444	HDGFL1	12352.45951271204	12497.840706011695	12375.034307557498	12661.62437239239
Neuron	HDGFL1_sg445	HDGFL1	7127.337894702766	7043.500767969742	6965.491623276664	7112.400680583803
Neuron	HDGFL1_sg446	HDGFL1	9527.622394569144	9495.433615638176	9123.060715498212	9568.041400895949
Neuron	HDGFL1_sg447	HDGFL1	12923.124395720088	12994.947607413236	12798.284666610767	12928.161888298158
Neuron	HDGFL1_sg448	HDGFL1	17249.517743871278	17336.47965086645	17075.128770949043	17294.35226155779
Neuron	HDGFL1_sg449	HDGFL1	15746.123623740576	15193.879725938938	15449.645844394463	15581.521011802697
Neuron	HDGFL1_sg450	HDGFL1	11921.474279007089	11885.10456511914	11819.770146037614	11769.160640855458
Neuron	HOXC8_sg451	HOXC8	17795.371110226803	17557.855288866343	17771.476385486683	17511.733268382573
Neuron	HOXC8_sg452	HOXC8	9666.383098811037	10081.486085878958	9681.348093868477	9767.944537825275
Neuron	HOXC8_sg453	HOXC8	13192.37529865303	12809.150196949042	13230.604676215178	13227.470410257913
Neuron	HOXC8_sg454	HOXC8	8884.360851725934	8912.345997692035	8952.752832926777	8916.99074729006
Neuron	HOXC8_sg455	HOXC8	16266.24652838237	16552.77036098291	16119.792246228806	16484.90841202429
Neuron	HOXC8_sg456	HOXC8	11693.575903828352	11427.529027646151	11420.705521787388	11390.109337497668
Neuron	HOXC8_sg457	HOXC8	9022.202610906621	8807.587883281372	8911.435535971577	8991.271694345765
Neuron	HOXC8_sg458	HOXC8	12221.96931402099	12050.148009520844	12134.184698477186	12318.621175693987
Neuron	HOXC8_sg459	HOXC8	14861.179529800558	14543.588789314259	14791.592309961641	14789.55503216466
Neuron	HOXC8_sg460	HOXC8	12947.935912372612	12942.568550207905	12945.414553329285	12970.764196168342
Neuron	HSD17B1_sg461	HSD17B1	9452.268899550369	9337.308159923969	9489.877693344379	9336.459624781102
Neuron	HSD17B1_sg462	HSD17B1	7927.73904301196	7805.46780769258	7897.650152143983	7874.872754773251
Neuron	HSD17B1_sg463	HSD17B1	11236.860208409673	11229.872208003391	11236.289293914178	11273.226082571779
Neuron	HSD17B1_sg464	HSD17B1	7772.4373276683855	8051.550548147816	7843.232248837135	8055.1132880701825
Neuron	HSD17B1_sg465	HSD17B1	12610.683074910528	12600.62225222593	12924.252035376621	12685.656443498649
Neuron	HSD17B1_sg466	HSD17B1	6723.002067772749	6853.750221112692	6707.510452044195	6875.357070126624
Neuron	HSD17B1_sg467	HSD17B1	9738.9797586462	9749.422628879121	9819.408330035852	9837.856017407115
Neuron	HSD17B1_sg468	HSD17B1	14459.600538054156	14555.448198492824	14543.688528230441	14457.475504150918
Neuron	HSD17B1_sg469	HSD17B1	19768.346156633048	19663.888702159948	19861.526968049733	19862.50676932196
Neuron	HSD17B1_sg470	HSD17B1	18043.48627675204	17894.860166357248	18071.78259262448	17828.519660237787
Neuron	IFNG_sg471	IFNG	10566.94925879153	10365.123622066318	10392.81179265802	10476.890635459877
Neuron	IFNG_sg472	IFNG	10221.425915778605	10288.037462405642	10110.644886622507	10307.573770847606
Neuron	IFNG_sg473	IFNG	18371.549663602076	18294.126942035622	18335.810197557712	18430.4138047627
Neuron	IFNG_sg474	IFNG	10552.246137812257	10432.326940744857	10141.884794076439	10460.505132432882
Neuron	IFNG_sg475	IFNG	24735.24421244383	24542.059010943256	25053.398039103173	24455.909451222575
Neuron	IFNG_sg476	IFNG	14184.835964753984	14026.716205948442	14089.19826172324	14296.897574486378
Neuron	IFNG_sg477	IFNG	16000.671405694246	16169.316130875957	15653.209112320083	15983.51201939828
Neuron	IFNG_sg478	IFNG	17000.483632284835	17150.68224040226	17056.98946984676	16725.22912308687
Neuron	IFNG_sg479	IFNG	15333.517291259715	15601.052774403022	15585.690602661585	15825.118823470673
Neuron	IFNG_sg480	IFNG	33365.0572822161	33453.41672453708	33254.37761523533	33105.2703157384
Neuron	IL17F_sg481	IL17F	13665.632005173393	13690.69961255575	13628.661561515277	13796.593548728833
Neuron	IL17F_sg482	IL17F	11365.512516978315	11259.520730949806	11338.070927876988	11381.370402549937
Neuron	IL17F_sg483	IL17F	9316.26503049209	9575.484627593494	9082.751157493138	9259.993943988466
Neuron	IL17F_sg484	IL17F	10874.795854295066	10966.000353780308	11132.492182051114	11068.953478168587
Neuron	IL17F_sg485	IL17F	13319.189717099263	13065.115778386416	13155.024254955666	13169.5749662292
Neuron	IL17F_sg486	IL17F	8974.417467723983	8957.807066209869	9019.263603635147	8890.77394244687
Neuron	IL17F_sg487	IL17F	12158.562104797873	12400.988864386743	12172.478778582004	12364.50058416957
Neuron	IL17F_sg488	IL17F	7961.74001027653	7920.108763085381	7782.767911829525	7941.507133749692
Neuron	IL17F_sg489	IL17F	19339.198813050505	19434.606791374346	19412.075396293167	19275.90576095558
Neuron	IL17F_sg490	IL17F	14528.521417644499	14618.698380778507	14673.686852796802	14604.945031393863
Neuron	INSRR_sg491	INSRR	14079.157282715456	14210.537048216209	14106.329823875396	14095.902070688588
Neuron	INSRR_sg492	INSRR	10363.862400265316	10368.08847436096	10461.338041266645	10499.830339697668
Neuron	INSRR_sg493	INSRR	8485.538695163144	8545.692597254716	8575.858465579342	8694.147906122944
Neuron	INSRR_sg494	INSRR	10444.72956565132	10429.362088450216	10463.353519166898	10445.211996274355
Neuron	INSRR_sg495	INSRR	14171.97073389712	14467.490913751795	14326.016915003045	14445.45946859779
Neuron	INSRR_sg496	INSRR	14025.85846916559	13954.571466778834	13947.107069755357	13760.545442069446
Neuron	INSRR_sg497	INSRR	9809.738528358952	10217.869291432462	9908.089357647013	9947.09270425374
Neuron	INSRR_sg498	INSRR	24394.31559473693	24214.93697443449	24724.875141361827	24474.4796879865
Neuron	INSRR_sg499	INSRR	10259.102663287995	10621.089203503692	10222.503910086585	10184.136314710919
Neuron	INSRR_sg500	INSRR	12692.469185357737	12876.353515627581	12779.137626558359	12597.174727152882
Neuron	KRT23_sg501	KRT23	19037.7848329754	18975.05468570493	19107.738233354863	19055.247653525395
Neuron	KRT23_sg502	KRT23	13027.88413269741	13048.314948716781	13136.884953853383	12928.161888298158
Neuron	KRT23_sg503	KRT23	11146.803592411623	11099.41870703917	11184.894607457709	11007.780933534477
Neuron	KRT23_sg504	KRT23	15652.391227497706	15995.378129590328	15673.36389132262	15685.295864306992
Neuron	KRT23_sg505	KRT23	10395.106532346274	10279.142905521718	10313.200415598	10444.119629405888
Neuron	KRT23_sg506	KRT23	7873.521284400889	7804.479523594367	7923.851364847281	7991.75600969914
Neuron	KRT23_sg507	KRT23	17624.447328842747	17769.348085884096	17682.795357875522	17663.572263099384
Neuron	KRT23_sg508	KRT23	11951.799466026841	11797.147280378113	11797.599889134824	11627.152947954844
Neuron	KRT23_sg509	KRT23	9199.559007719106	9234.526613709733	9365.925802478778	9065.552641401471
Neuron	KRT23_sg510	KRT23	21503.314432187304	21677.023410221456	21061.74405765079	21680.205238449813
Neuron	LAMP1_sg511	LAMP1	10919.824162294091	11047.03964983384	11200.010691709613	11230.623774701593
Neuron	LAMP1_sg512	LAMP1	11561.247815014893	11433.458732235435	11798.60762808495	11950.493541020858
Neuron	LAMP1_sg513	LAMP1	12518.78856879007	12621.37621828842	12658.208952543138	12599.359460889815
Neuron	LAMP1_sg514	LAMP1	9763.791275298723	9940.161459834386	9850.648237489784	9897.936195172759
Neuron	LAMP1_sg515	LAMP1	11496.921660730572	11478.919800753269	11285.668502470393	11561.61093584687
Neuron	LAMP1_sg516	LAMP1	18914.646194773984	19185.55919862447	19340.525930834163	19145.914103608095
Neuron	LAMP1_sg517	LAMP1	15638.607051579638	15604.017626697665	15615.922771165391	15560.766041301838
Neuron	LAMP1_sg518	LAMP1	17702.55765904514	17414.554094625342	17209.158051315913	17134.866698761714
Neuron	LAMP1_sg519	LAMP1	18867.779996652553	18951.3358673478	18770.145685062376	19085.833925842453
Neuron	LAMP1_sg520	LAMP1	15173.620850610117	15261.083044617477	15354.91838308254	15307.336927817667
Neuron	MCM6_sg521	MCM6	12327.647996059517	12500.805558306338	12600.767832385909	12284.757802771532
Neuron	MCM6_sg522	MCM6	15320.652060402852	15209.69227151036	15254.144488069858	15227.59414641963
Neuron	MCM6_sg523	MCM6	14553.332934297023	14299.48261705545	14465.084890120548	14599.483197051532
Neuron	MCM6_sg524	MCM6	7301.018511270433	7255.981849085709	7299.053215768645	7229.283935509692
Neuron	MCM6_sg525	MCM6	20169.92514837945	20691.7041643023	19861.526968049733	20126.859551490794
Neuron	MCM6_sg526	MCM6	10325.266707694724	10760.437261351837	10418.00526641119	10787.122826104292
Neuron	MCM6_sg527	MCM6	13960.613369820065	14079.095263153773	13948.114808705483	14112.287573715581
Neuron	MCM6_sg528	MCM6	22030.788897318736	22112.85669753374	22016.0728434209	22055.979441202206
Neuron	MCM6_sg529	MCM6	12497.652832382364	12604.575388618785	12162.401389080736	12308.78987387779
Neuron	MCM6_sg530	MCM6	17468.22666843797	17821.72714308943	17794.654381339602	17891.87693860883
Neuron	MCOLN3_sg531	MCOLN3	14156.348667856642	14244.138707555478	14168.80963878326	14204.046390666746
Neuron	MCOLN3_sg532	MCOLN3	17690.611373249478	17325.6085257861	17441.94574879521	17259.39652176687
Neuron	MCOLN3_sg533	MCOLN3	14211.485371528917	13852.778204662813	14545.704006130694	14607.129765130796
Neuron	MCOLN3_sg534	MCOLN3	12942.422242005385	12641.141900252696	12861.772220468758	12911.776385271163
Neuron	MCOLN3_sg535	MCOLN3	11972.016257373341	11871.268587744147	11850.00231454142	11798.654546304047
Neuron	MCOLN3_sg536	MCOLN3	21923.2723251578	21747.191581194635	22036.227622423437	21708.606777029934
Neuron	MCOLN3_sg537	MCOLN3	8835.656763482091	8980.537600468786	8761.282432402679	9002.195363030429
Neuron	MCOLN3_sg538	MCOLN3	8359.643221778115	8202.758015174528	8484.1542211178	8388.285182952392
Neuron	MCOLN3_sg539	MCOLN3	8812.683136951977	8934.088247852738	8562.757859227693	8873.29607255141
Neuron	MCOLN3_sg540	MCOLN3	14263.865240017578	14387.439901796479	14361.287778257485	14422.519764359999
Neuron	MDFI_sg541	MDFI	19218.817010032704	19453.38418924041	19575.329106213714	19475.808897884905
Neuron	MDFI_sg542	MDFI	11703.684299501603	11431.482164039007	11702.872427822902	11569.257503926134
Neuron	MDFI_sg543	MDFI	11133.93836155476	11113.254684414163	11430.782911288657	11283.057384387974
Neuron	MDFI_sg544	MDFI	20981.3536374231	20656.125936766603	21161.510213713347	20543.051328376438
Neuron	MDFI_sg545	MDFI	13569.142773746911	13692.676180752178	13858.426042144196	13697.188163698404
Neuron	MDFI_sg546	MDFI	7598.756711100718	7528.748260192717	7582.227860754285	7803.868908322944
Neuron	MDFI_sg547	MDFI	11143.127812166806	11175.516582601633	11146.60052735289	11219.700106016931
Neuron	MDFI_sg548	MDFI	13663.794115050983	13889.344716296724	13607.499043562615	13503.839227979875
Neuron	MDFI_sg549	MDFI	23634.348029120738	23711.90036844367	23799.770785145392	23553.614417869445
Neuron	MDFI_sg550	MDFI	8616.9478389154	8970.654759486648	8714.926440696845	9041.520570295213
Neuron	MNAT1_sg551	MNAT1	22554.58758220535	22473.580393381777	22793.03957396869	22856.684355787973
Neuron	MNAT1_sg552	MNAT1	13160.21222151087	13334.917337198784	13363.626217631921	12964.209994957544
Neuron	MNAT1_sg553	MNAT1	16518.95642021363	16538.934383607917	16180.256583236416	16431.382435469444
Neuron	MNAT1_sg554	MNAT1	20837.07926281398	20906.161813614694	20665.702650250947	21080.495827661838
Neuron	MNAT1_sg555	MNAT1	13811.744269904922	14146.298581832312	13717.34258912644	14095.902070688588
Neuron	MNAT1_sg556	MNAT1	0.9189450612045856	0.9882840982137985	1.0077389501268321	1.0923668684662575
Neuron	MNAT1_sg557	MNAT1	10664.357435279217	10782.17951151254	10780.79128845685	10902.913714161716
Neuron	MNAT1_sg558	MNAT1	11245.130713960514	11683.494609083526	11498.301420947155	11563.795669583802
Neuron	MNAT1_sg559	MNAT1	13936.720798228745	13843.883647778888	13822.14743993963	13464.51402071509
Neuron	MNAT1_sg560	MNAT1	18573.717577067084	18770.479877374673	18545.419899184093	18498.140550607604
Neuron	MYF6_sg561	MYF6	16272.679143810803	16522.13355393828	16176.22562743591	16306.852612464292
Neuron	MYF6_sg562	MYF6	13338.48756338456	13148.131642636376	13544.011489704624	13479.807156873618
Neuron	MYF6_sg563	MYF6	12294.565973856152	12315.008147842143	12528.210627976778	12202.830287636563
Neuron	MYF6_sg564	MYF6	9482.59408657012	9577.461195789921	9382.049625680807	9194.451931880489
Neuron	MYF6_sg565	MYF6	17243.085128442846	17245.557513830783	17289.777167326058	17305.275930242453
Neuron	MYF6_sg566	MYF6	8523.215442672532	8661.32183674573	8696.78713959456	8671.208201885152
Neuron	MYF6_sg567	MYF6	25101.903291864463	24976.904014157328	25039.2896938014	24850.25389073889
Neuron	MYF6_sg568	MYF6	20805.835130733023	20845.87648362365	20629.42404804638	20809.588844282207
Neuron	MYF6_sg569	MYF6	9182.099051556219	8923.217122772387	9412.281794184611	8908.25181234233
Neuron	MYF6_sg570	MYF6	12909.34021980202	12846.704992681167	12706.580422149225	12808.00153276687
Neuron	MYO15_sg571	MYO15	13837.474731618651	13833.012522698536	13905.789772800157	13733.23627035779
Neuron	MYO15_sg572	MYO15	15681.797469456254	15146.442089224676	15366.003511533936	15263.642253079017
Neuron	MYO15_sg573	MYO15	9750.926044441858	9713.844401343425	9571.50454830465	9492.668086971778
Neuron	MYO15_sg574	MYO15	14953.992980982222	14736.304188465949	14823.8399563657	15055.000181201962
Neuron	MYO15_sg575	MYO15	11571.356210688142	11587.631051556787	11903.41247889814	11918.814901835336
Neuron	MYO15_sg576	MYO15	17311.087062971983	17449.144038062826	17392.566540238997	17554.335576252757
Neuron	MYO15_sg577	MYO15	19397.092351906394	19632.263611017108	19089.598932252582	19303.214932667237
Neuron	MYO15_sg578	MYO15	17140.16328158793	17321.655389393247	17527.60355955599	17180.746107237297
Neuron	MYO15_sg579	MYO15	17190.705259954182	16908.55263633988	17248.459870370858	16972.104035360244
Neuron	MYO15_sg580	MYO15	10805.874974704722	10626.03062399476	11147.608266303017	10930.222885873372
Neuron	NKX3-2_sg581	NKX3-2	8264.991880474043	8428.086789567273	8344.07850705017	8247.369856920244
Neuron	NKX3-2_sg582	NKX3-2	9049.77096274276	8901.474872611683	9187.556008306328	9088.492345639263
Neuron	NKX3-2_sg583	NKX3-2	10630.356468014646	10960.070649191026	10954.122387878666	10843.925903264539
Neuron	NKX3-2_sg584	NKX3-2	21956.354347361164	22235.403925712253	22197.46585444373	22022.116068279753
Neuron	NKX3-2_sg585	NKX3-2	12369.919468874927	12890.189493002574	12648.13156304187	12626.668632601471
Neuron	NKX3-2_sg586	NKX3-2	15764.502524964666	15426.12648901918	15795.300304287966	15923.431841632635
Neuron	NKX3-2_sg587	NKX3-2	13049.93881416632	13037.44382363643	12970.608027082457	12908.499284665766
Neuron	NKX3-2_sg588	NKX3-2	10966.690360415525	10982.801183449943	11057.919499741729	11179.28253188368
Neuron	NKX3-2_sg589	NKX3-2	10241.642707125107	10318.67426945027	10331.339716700282	10327.236374479999
Neuron	NKX3-2_sg590	NKX3-2	10500.7852143848	10542.026475646588	10583.27445423199	10308.666137716073
Neuron	NLGN1_sg591	NLGN1	17251.355633993688	17306.83112792004	17080.167465699677	17113.01936139239
Neuron	NLGN1_sg592	NLGN1	8639.002520384309	8579.294256593985	8641.361497337586	8616.589858461839
Neuron	NLGN1_sg593	NLGN1	8519.539662427713	8442.91105104048	8810.661640958893	8319.466070239017
Neuron	NLGN1_sg594	NLGN1	9833.631099950271	10026.142176378986	9983.669778906526	9841.133118012514
Neuron	NLGN1_sg595	NLGN1	13551.682817584024	13589.894634537943	13557.112096056273	13646.939287748955
Neuron	NLGN1_sg596	NLGN1	18052.675727364083	18337.611442357033	18161.47135918577	17986.912856165396
Neuron	NLGN1_sg597	NLGN1	15210.378653058302	15084.180191037207	15374.06542313495	15166.42160178552
Neuron	NLGN1_sg598	NLGN1	12113.533796798847	11960.21415658339	11831.863013439135	11883.859162044415
Neuron	NLGN1_sg599	NLGN1	26656.75833542262	26702.44804963862	26675.85774880737	26412.33851264564
Neuron	NLGN1_sg600	NLGN1	14637.875879927844	14586.085005537452	14561.827829332724	14601.667930788464
Neuron	NonTarg_1	Control	8327.480144635954	8272.926186147706	8422.682145160063	8344.590508213741
Neuron	NonTarg_10	Control	10107.476728189238	9896.676959512977	9878.864928093335	10004.988148282453
Neuron	NonTarg_11	Control	18385.333839520146	18818.905798187152	18455.731132622805	18628.13220795509
Neuron	NonTarg_12	Control	12471.003425607432	12380.234898324254	12460.692118318279	12521.80141322871
Neuron	NonTarg_13	Control	21083.35653921681	21103.81863325745	21629.1010865722	21391.82038517472
Neuron	NonTarg_14	Control	12099.749620880779	11877.19829233343	12063.642971968307	12046.621825445887
Neuron	NonTarg_15	Control	12170.508390593532	11918.70622445841	12192.633557584542	12144.93484360785
Neuron	NonTarg_16	Control	11846.120783988314	11783.31130300312	11702.872427822902	12108.886736948465
Neuron	NonTarg_17	Control	16054.889164305316	16139.667607929543	15755.99848523302	15970.403616976684
Neuron	NonTarg_18	Control	12013.368785127548	12115.374760002955	12001.163157060444	11663.201054614232
Neuron	NonTarg_19	Control	12514.193843484047	12356.516079967123	12313.562231599763	12751.198455606624
Neuron	NonTarg_2	Control	10277.481564512085	10416.514395173435	10290.022419745083	10400.424954667238
Neuron	NonTarg_20	Control	6583.322418469652	6715.390447362761	6369.917903751706	6476.643163136441
Neuron	NonTarg_21	Control	11736.766321704969	11406.775061583661	11884.26543884573	11704.71099561595
Neuron	NonTarg_22	Control	14936.533024819335	14987.328349412253	15213.834930064784	15297.50562600147
Neuron	NonTarg_23	Control	13720.768708845668	13885.391579903868	13575.251397158556	13729.95916975239
Neuron	NonTarg_24	Control	12094.235950513552	12371.34034144033	12476.815941520308	12268.372299744538
Neuron	NonTarg_25	Control	13349.514904119016	13088.834596743547	13179.20998975871	13242.76354641644
Neuron	NonTarg_26	Control	11881.959641375292	11775.40503021741	11463.030557692715	12034.60578989276
Neuron	NonTarg_27	Control	5883.086281831757	6021.6150104166745	5554.657093099098	5999.278841616686
Neuron	NonTarg_28	Control	11111.88368008585	11416.6579025658	11320.939365724833	11050.383241404661
Neuron	NonTarg_29	Control	10256.34582810438	10617.136067110838	10223.511649036713	10542.432647567852
Neuron	NonTarg_3	Control	16303.923275891759	15859.983208135038	16400.951413314193	16270.804505804907
Neuron	NonTarg_30	Control	9430.214218081457	9371.898103361451	9396.157970982582	9317.889388017176
Neuron	NonTarg_31	Control	23226.336421945904	23120.906477711815	23057.067178901918	23253.213529041223
Neuron	NonTarg_32	Control	8261.316100229225	8097.011616665651	8170.747407628355	7992.8483765676065
Neuron	NonTarg_33	Control	12175.103115899556	12191.472635565418	12249.066938791644	12262.910465402207
Neuron	NonTarg_34	Control	7373.615171105595	7289.5835084249775	7257.735918813445	7268.609142774478
Neuron	NonTarg_35	Control	12822.959384048789	12657.942729922332	12742.859024353793	12691.11827784098
Neuron	NonTarg_36	Control	15505.360017704974	15420.196784429898	15334.763604080004	15447.159886981348
Neuron	NonTarg_37	Control	14070.886777164615	13925.911227930634	14072.066699571084	13947.340176577176
Neuron	NonTarg_38	Control	14837.286958209239	15328.286363296014	14701.903543400354	14880.22148224736
Neuron	NonTarg_39	Control	16037.429208142428	16040.839198108162	16088.552338774874	16011.913557978403
Neuron	NonTarg_4	Control	8802.574741278726	8778.927644433172	8823.762247310542	8926.822049106257
Neuron	NonTarg_40	Control	8791.54740054427	8538.774608567219	8975.930828779694	8681.039503701348
Neuron	NonTarg_41	Control	10224.18275096222	9984.634244254006	9955.453088302975	10143.718740577668
Neuron	NonTarg_42	Control	10601.869171117305	10839.499989208942	10952.10690997841	11075.507679379385
Neuron	NonTarg_43	Control	20941.838999791304	20918.021222793257	20625.393092245875	20895.88582689104
Neuron	NonTarg_44	Control	10361.105565081703	10318.67426945027	10515.755944573493	10445.211996274355
Neuron	NonTarg_45	Control	9056.203578171191	9454.91396761141	9312.515638122055	9341.921459123434
Neuron	NonTarg_46	Control	11377.458802773976	11600.478744833566	11352.179273178765	11612.952178664784
Neuron	NonTarg_47	Control	13640.820488520869	13749.996658448577	13788.892054585443	13655.678222696686
Neuron	NonTarg_48	Control	11755.145222929059	11647.91638154783	11752.251636379116	11688.325492588956
Neuron	NonTarg_49	Control	10229.696421329447	10122.994018003938	10007.85551370957	10284.634066609815
Neuron	NonTarg_5	Control	14103.049854306775	13964.454307760972	13826.178395740137	13977.926448894232
Neuron	NonTarg_50	Control	11837.850278437472	11965.155577074458	11881.242221995351	12023.682121208096
Neuron	NonTarg_51	Control	12826.635164293606	12782.46652629727	12762.006064406201	12864.804609927114
Neuron	NonTarg_52	Control	15222.32493885396	15565.474546867326	15398.251157937995	15632.862254620612
Neuron	NonTarg_53	Control	18992.756524976376	18988.890663079925	18399.2977514157	18708.967356221594
Neuron	NonTarg_54	Control	14474.303659033429	14416.100140644678	14493.301580724099	14659.563374817177
Neuron	NonTarg_55	Control	15268.27219191419	15002.152610885461	15060.658609645507	14923.91615698601
Neuron	NonTarg_56	Control	11205.616076328717	10930.422126244612	11011.563508035895	11184.74436622601
Neuron	NonTarg_57	Control	16454.63026592931	16743.509191938174	16201.41910118908	16452.137405970305
Neuron	NonTarg_58	Control	11813.957706846153	12000.733804610154	11942.714297953087	11654.462119666501
Neuron	NonTarg_59	Control	11616.384518687168	11302.016947172999	11404.58169858536	11295.073419941104
Neuron	NonTarg_6	Control	10618.410182218988	10508.424816307319	10555.05776362844	10798.046494788956
Neuron	NonTarg_60	Control	10648.735369238739	10610.21807842334	10590.328626882878	10767.4602224719
Neuron	NonTarg_61	Control	10291.265740430155	10122.005733905724	10398.858226358781	10082.546195943556
Neuron	NonTarg_62	Control	11277.293791102675	11326.724049628345	11502.332376747661	11237.177975912391
Neuron	NonTarg_63	Control	10781.063458052198	10718.929329226858	11029.702809138178	10835.186968316808
Neuron	NonTarg_64	Control	14734.365111354326	14697.76110863561	14585.00582518564	14779.723730348464
Neuron	NonTarg_65	Control	9169.233820699355	9240.456318299015	9410.266316284358	9364.861163361225
Neuron	NonTarg_66	Control	13230.05204616242	13003.84216429716	13357.57978393116	13390.233073659385
Neuron	NonTarg_67	Control	11826.822937703017	11734.885382190643	11706.903383623408	11715.634664300613
Neuron	NonTarg_68	Control	9071.825644211669	9004.256418825918	9229.881044211656	9188.990097538159
Neuron	NonTarg_69	Control	14800.529155761056	14452.666652278589	14604.152865238051	14410.503728806869
Neuron	NonTarg_7	Control	9450.431009427959	9203.889806665105	9089.805330144025	9115.80151735092
Neuron	NonTarg_70	Control	16785.45048796296	16982.67394370591	17142.64728060754	16786.40166772098
Neuron	NonTarg_71	Control	13446.004135545498	13121.447971984602	12953.4764649303	13584.67437624638
Neuron	NonTarg_72	Control	15736.93417312853	15759.17823011723	15436.545238042814	15604.460716040488
Neuron	NonTarg_73	Control	21699.968675285087	21534.71050007867	21135.30900101005	21543.65937989153
Neuron	NonTarg_74	Control	21322.28225513	21254.03781618595	21623.054652871437	21502.149438889814
Neuron	NonTarg_75	Control	14712.310429885416	14859.839700742674	15063.681826495887	14837.619174377176
Neuron	NonTarg_76	Control	9232.641029922472	9186.100692897257	9155.30836190227	9418.387139916073
Neuron	NonTarg_77	Control	11756.983113051469	11790.229291690615	12125.115047926043	11792.10034509325
Neuron	NonTarg_78	Control	3065.600724178498	3077.5166818377684	3128.021701193687	3149.2936817882205
Neuron	NonTarg_79	Control	11938.015290108771	11823.830951029884	11870.157093543956	12152.581411687115
Neuron	NonTarg_8	Control	7621.730337630834	7758.030170978318	7714.2416632209	7855.210151140858
Neuron	NonTarg_80	Control	10032.123233170461	10244.552962084235	10329.324238800029	10125.148503813742
Neuron	NonTarg_81	Control	13980.830161166567	14011.891944475236	14102.29886807489	13972.4646145519
Neuron	NonTarg_82	Control	30714.81972570207	30652.619590199174	30494.18063083794	30294.61036317472
Neuron	NonTarg_83	Control	10132.28824484176	10087.415790468242	10009.870991609823	10133.88743876147
Neuron	NonTarg_84	Control	11430.757616323841	11369.220265851538	11504.347854647916	11468.759752027237
Neuron	NonTarg_85	Control	19785.806112795934	19677.724679534942	19828.27158269555	19741.254046922208
Neuron	NonTarg_86	Control	17854.183594143895	17469.898004125316	17702.95013687806	17809.949423473863
Neuron	NonTarg_87	Control	14371.381812178515	14585.096721439239	14615.237993689447	14325.299113066501
Neuron	NonTarg_88	Control	13495.627168850544	13388.284678502328	13571.220441358048	13522.409464743801
Neuron	NonTarg_89	Control	13831.961061251423	13602.742327814722	13752.613452380878	13601.059879273373
Neuron	NonTarg_9	Control	16257.057077770325	16018.108663849245	16281.0304782491	16362.563322756072
Neuron	NonTarg_90	Control	10194.776509003674	9966.845130486157	10244.674166989374	10186.321048447851
Neuron	NRXN1_sg601	NRXN1	9227.127359555245	8998.326714236635	9020.271342585274	8788.091456811042
Neuron	NRXN1_sg602	NRXN1	13325.622332527697	12948.498254797189	13084.482528446788	13089.832184831164
Neuron	NRXN1_sg603	NRXN1	13961.53231488127	13501.937349796915	13745.55927972999	13479.807156873618
Neuron	NRXN1_sg604	NRXN1	22172.306436744242	22110.880129337314	22075.529441478386	22166.3084949173
Neuron	NRXN1_sg605	NRXN1	13492.870333666931	13828.071102207468	13729.435456527961	13755.083607727114
Neuron	NRXN1_sg606	NRXN1	15801.26032741285	15589.193365224457	15753.983007332767	15487.577461114599
Neuron	NRXN1_sg607	NRXN1	19361.253494519413	19533.435201195727	19517.887986056485	19550.089844940612
Neuron	NRXN1_sg608	NRXN1	12050.12658757573	11919.694508556624	12127.130525826298	11918.814901835336
Neuron	NRXN1_sg609	NRXN1	25053.199203620617	25520.460268174917	25400.060237946804	25411.730461130548
Neuron	NRXN1_sg610	NRXN1	12051.045532636936	11924.635929047692	11800.623105985203	12175.521115924907
Neuron	ORC3_sg611	ORC3	18061.86517797613	18118.212372553568	17995.194432414843	18234.880135307238
Neuron	ORC3_sg612	ORC3	11174.371944247761	11207.141673744474	11021.640897537163	11055.845075746993
Neuron	ORC3_sg613	ORC3	13501.140839217773	13500.949065698702	13383.780996634458	13532.240766559999
Neuron	ORC3_sg614	ORC3	17322.11440370644	17130.916558437984	17174.8949270116	17230.994983186745
Neuron	ORC3_sg615	ORC3	15436.439138114629	15863.936344527892	15587.706080561838	15581.521011802697
Neuron	ORC3_sg616	ORC3	11649.466540890531	11929.577349538762	11611.16818336136	11782.269043277054
Neuron	ORC3_sg617	ORC3	17079.51290754843	17256.428638911137	16955.20783588395	17249.565219950673
Neuron	ORC3_sg618	ORC3	20360.146776048798	20330.98046845426	20285.78506605313	20308.192451656192
Neuron	ORC3_sg619	ORC3	11708.279024807625	11871.268587744147	11781.476065932795	11959.232475968587
Neuron	ORC3_sg620	ORC3	16901.23756567474	16696.071555223913	16813.116643916066	16838.83527740736
Neuron	PHOX2B_sg621	PHOX2B	8160.232143496721	8093.058480272795	8060.903862064531	8130.486601994355
Neuron	PHOX2B_sg622	PHOX2B	8317.371748962705	8435.993062352984	8452.914313663869	8632.975361488834
Neuron	PHOX2B_sg623	PHOX2B	11198.26451583908	10972.918342467805	10987.37777323285	11254.65584580785
Neuron	PHOX2B_sg624	PHOX2B	10456.67585144698	10131.888574887862	10349.479017802565	10404.794422141103
Neuron	PHOX2B_sg625	PHOX2B	11709.19796986883	12045.206589029776	11853.025531391799	11857.642357201225
Neuron	PHOX2B_sg626	PHOX2B	14107.6445796128	13952.594898582407	14043.850008967533	13920.03100486552
Neuron	PHOX2B_sg627	PHOX2B	10244.39954230872	10262.342075852084	10272.890857592927	9988.602645255458
Neuron	PHOX2B_sg628	PHOX2B	13527.790245992705	13775.692045002137	13319.285703826341	13991.034851315826
Neuron	PHOX2B_sg629	PHOX2B	9871.307847459659	9857.145595584427	9910.104835547267	9874.996490934967
Neuron	PHOX2B_sg630	PHOX2B	12243.105050428694	11902.893678886989	12096.898357322492	12065.192062209815
Neuron	POLR1B_sg631	POLR1B	11431.676561385046	11111.278116217736	11481.169858794998	11085.338981195582
Neuron	POLR1B_sg632	POLR1B	13720.768708845668	13704.535589930743	13453.314984193208	13398.972008607116
Neuron	POLR1B_sg633	POLR1B	11891.149091987338	11893.01083790485	12306.508058948873	12164.597447240243
Neuron	POLR1B_sg634	POLR1B	11913.203773456247	11644.951529253187	11587.990187508443	11639.168983507974
Neuron	POLR1B_sg635	POLR1B	12947.016967311407	12754.794571547283	12665.263125194026	12905.222184060367
Neuron	POLR1B_sg636	POLR1B	12882.690813027086	12766.653980725849	12804.331100311529	12786.154195397545
Neuron	POLR1B_sg637	POLR1B	14324.515614057082	14361.744515242919	14410.6669868137	14201.861656929814
Neuron	POLR1B_sg638	POLR1B	12448.94874413852	12231.00399949397	12740.843546453538	12357.946382958771
Neuron	POLR1B_sg639	POLR1B	19976.027740465284	20216.339513061463	20359.35000941239	20105.01221412147
Neuron	POLR1B_sg640	POLR1B	13910.990336515017	13942.712057600269	14428.806287915982	14465.122072230182
Neuron	POLR2C_sg641	POLR2C	13828.285281006605	13796.446011064627	13637.73121206642	13792.224081254968
Neuron	POLR2C_sg642	POLR2C	16671.50130037359	16669.387884572137	16748.62135110795	16985.21243778184
Neuron	POLR2C_sg643	POLR2C	10510.89361005805	10449.12777041449	10649.785224940362	10405.88678900957
Neuron	POLR2C_sg644	POLR2C	18347.657092010755	18300.056646624907	18697.588480653245	18374.70309447092
Neuron	POLR2C_sg645	POLR2C	15194.756587017824	15209.69227151036	15270.268311271888	15113.987992099139
Neuron	POLR2C_sg646	POLR2C	16369.168375237285	16148.562164813467	16434.20679866838	16205.26249369693
Neuron	POLR2C_sg647	POLR2C	10876.633744417475	10991.695740333867	10861.410404466997	11014.335134745275
Neuron	POLR2C_sg648	POLR2C	19347.469318601346	19566.048576436784	19245.79846952224	19476.90126475337
Neuron	POLR2C_sg649	POLR2C	11659.574936563782	11538.216846646097	11128.461226250607	11340.952828416686
Neuron	POLR2C_sg650	POLR2C	14465.114208421383	14222.396457394774	14579.967130435007	14550.32668797055
Neuron	POLR3K_sg651	POLR3K	6643.05384744795	6495.003093461083	6369.917903751706	6132.54759956957
Neuron	POLR3K_sg652	POLR3K	15067.942168571592	15251.200203635339	15019.341312690305	14616.961066946991
Neuron	POLR3K_sg653	POLR3K	15726.825777455279	15622.795024563726	15656.232329170463	15560.766041301838
Neuron	POLR3K_sg654	POLR3K	11208.372911512331	11481.884653047911	11207.0648643605	10758.721287524171
Neuron	POLR3K_sg655	POLR3K	15337.193071504535	15232.422805769276	14763.37561935809	14601.667930788464
Neuron	POLR3K_sg656	POLR3K	16450.95448568449	16580.442315732897	16715.365965753765	16489.277879498157
Neuron	POLR3K_sg657	POLR3K	16583.282574497953	16630.844804741802	15956.53853630826	16020.652492926132
Neuron	POLR3K_sg658	POLR3K	18787.831776327752	18614.330989856895	18196.742222440207	17929.017412136684
Neuron	POLR3K_sg659	POLR3K	23008.546442440416	23484.595025854494	22557.22865963901	22271.175714290057
Neuron	POLR3K_sg660	POLR3K	8158.394253374311	8080.210786996016	8079.043163166813	7886.888790326379
Neuron	PPY_sg661	PPY	10824.253875928815	10600.335237441202	10904.74317932245	10813.339630947483
Neuron	PPY_sg662	PPY	11628.330804482826	11801.100416770967	11937.675603202453	12174.42874905644
Neuron	PPY_sg663	PPY	6755.165144914909	6650.16369688065	6630.922291834555	6731.164643489079
Neuron	PPY_sg664	PPY	17631.798889332385	17582.562391321688	17740.23647803275	17279.05912539926
Neuron	PPY_sg665	PPY	9430.214218081457	9152.499033557988	9222.826871560768	9252.347375909201
Neuron	PPY_sg666	PPY	8105.095439824445	8089.105343879941	8181.83253607975	8063.852223017913
Neuron	PPY_sg667	PPY	12287.214413366515	12574.926865672373	12217.827031337712	12192.998985820366
Neuron	PPY_sg668	PPY	19511.041539495764	19550.236030865362	19655.948222223862	19661.51126552417
Neuron	PPY_sg669	PPY	11750.550497623037	11746.744791369209	11805.661800735837	12053.176026656685
Neuron	PPY_sg670	PPY	13221.781540611579	12982.099914136457	13272.929712120505	12767.583958633619
Neuron	PRDM13_sg671	PRDM13	9620.435845750808	9532.000127272086	9488.869954394251	9463.174181523189
Neuron	PRDM13_sg672	PRDM13	9692.113560524765	9904.583232298688	10074.36628441794	9833.48654993325
Neuron	PRDM13_sg673	PRDM13	1370.1470862560373	1299.593589151145	1154.8688368453495	1189.5875197597545
Neuron	PRDM13_sg674	PRDM13	13510.330289829819	13335.905621296997	13463.392373694478	13632.738518458895
Neuron	PRDM13_sg675	PRDM13	18838.373754694006	18721.065672463985	19085.567976452072	18882.653688307728
Neuron	PRDM13_sg676	PRDM13	14477.060494217041	14282.681787385816	14304.854397050382	14287.066272670183
Neuron	PRDM13_sg677	PRDM13	17491.200294968083	17882.01247308047	17750.31386753402	17594.75315038601
Neuron	PRDM13_sg678	PRDM13	11817.63348709097	11596.525608440712	11676.671215119604	11414.141408603924
Neuron	PRDM13_sg679	PRDM13	10644.140643932715	10563.768725807291	10666.916787092518	10908.375548504047
Neuron	PRDM13_sg680	PRDM13	10276.56261945088	10410.584690584154	10257.774773341023	10372.023416087115
Neuron	PRPH2_sg681	PRPH2	22947.89606840091	22526.947734685324	23130.632122261177	23088.26613190282
Neuron	PRPH2_sg682	PRPH2	11654.061266196555	11335.61860651227	11486.208553545632	11609.675078059385
Neuron	PRPH2_sg683	PRPH2	14305.217767771785	14317.271730823299	14598.10643153729	14394.118225779876
Neuron	PRPH2_sg684	PRPH2	14418.248010299949	14290.588060171525	14543.688528230441	14306.728876302575
Neuron	PRPH2_sg685	PRPH2	12935.989626576951	12778.513389904414	12849.679353067237	13082.1856167519
Neuron	PRPH2_sg686	PRPH2	7015.226597235806	6910.082414710879	6934.251715822732	7049.04340221276
Neuron	PRPH2_sg687	PRPH2	9228.04630461645	9157.440454049056	9168.408968253918	9370.322997703557
Neuron	PRPH2_sg688	PRPH2	0.9189450612045856	0.9882840982137985	1.0077389501268321	1.0923668684662575
Neuron	PRPH2_sg689	PRPH2	20531.989502494056	20529.625572195237	20914.614170932273	20561.621565140365
Neuron	PRPH2_sg690	PRPH2	16633.824552864204	16816.642215205993	16199.403623288827	16848.666579223554
Neuron	PSMB1_sg691	PSMB1	13058.209319717162	13392.237814895183	12242.012766140757	11570.3498707946
Neuron	PSMB1_sg692	PSMB1	10594.517610627669	10473.834872869837	9520.109861848183	8967.239623239508
Neuron	PSMB1_sg693	PSMB1	7718.219569057314	7879.589115058615	7317.192516870928	7040.304467265029
Neuron	PSMB1_sg694	PSMB1	14206.890646222893	14537.659084724975	14267.568055895688	14225.893728036071
Neuron	PSMB1_sg695	PSMB1	20688.210162898835	20476.25823089169	19441.299825846847	18988.613274548956
Neuron	PSMB1_sg696	PSMB1	22481.071977308984	22917.31995347977	21283.446626678695	20425.075706582084
Neuron	PSMB1_sg697	PSMB1	8793.38529066668	8473.547858085109	8453.922052613994	8008.141512726134
Neuron	PSMB1_sg698	PSMB1	10599.11233593369	10554.874168923368	9610.806367359597	9382.339033256685
Neuron	PSMB1_sg699	PSMB1	13689.524576764712	13573.093804868307	12713.634594800114	12475.922004753127
Neuron	PSMB1_sg700	PSMB1	6806.626068342366	6577.030673612829	6324.569650995998	6299.679730444907
Neuron	PSMC1_sg701	PSMC1	15788.395096555985	14421.041561135748	14073.074438521211	13426.28118031877
Neuron	PSMC1_sg702	PSMC1	17793.533220104393	17835.56312046442	17173.88718806147	16529.695453631408
Neuron	PSMC1_sg703	PSMC1	11970.178367250932	11949.343031503038	11594.036621209203	11490.607089396563
Neuron	PSMC1_sg704	PSMC1	8142.772187333833	8196.828310585244	8147.569411775437	7921.8445301173
Neuron	PSMC1_sg705	PSMC1	11495.083770608162	11455.200982396138	11511.402027298804	10941.146554558036
Neuron	PSMC1_sg706	PSMC1	8805.33157646234	8837.236406227787	8978.954045630075	8760.782285099385
Neuron	PSMC1_sg707	PSMC1	10821.4970407452	10738.695011191134	10753.582336803425	10674.609038652268
Neuron	PSMC1_sg708	PSMC1	21990.355314625733	22101.985572453388	21287.4775824792	21227.965354904783
Neuron	PSMC1_sg709	PSMC1	13033.397803064638	12981.111630038244	12418.367082412953	12498.861708990918
Neuron	PSMC1_sg710	PSMC1	20222.30501686811	20012.75298882942	20334.15653565922	20130.136652096193
Neuron	PSMC3_sg711	PSMC3	9250.10098608536	9441.077990236417	9320.57754972307	9355.02986154503
Neuron	PSMC3_sg712	PSMC3	13568.223828685706	13463.394269966577	13066.343227344505	13028.659640197053
Neuron	PSMC3_sg713	PSMC3	16087.052241447476	15647.502127019072	14704.926760250735	13870.874495784537
Neuron	PSMC3_sg714	PSMC3	10793.928688909064	10966.988637878521	9835.532153237882	9932.89193496368
Neuron	PSMC3_sg715	PSMC3	12403.920436139497	12481.039876342062	12220.850248188093	11785.546143882453
Neuron	PSMC3_sg716	PSMC3	12184.292566511602	12315.996431940357	11976.9774222574	11462.20555081644
Neuron	PSMC3_sg717	PSMC3	13435.895739872247	13483.159951930853	13090.52896214755	12847.326740031654
Neuron	PSMC3_sg718	PSMC3	10937.284118456979	11055.934206717764	10362.579624154214	10142.626373709201
Neuron	PSMC3_sg719	PSMC3	12562.89793172789	12441.50851241351	12268.213978844055	12040.067624235091
Neuron	PSMC3_sg720	PSMC3	23341.204554596476	23657.544743041908	23211.251238271325	23341.69524538699
Neuron	PSMC5_sg721	PSMC5	15184.648191344573	15097.027884313986	13942.068375004723	13630.553784721962
Neuron	PSMC5_sg722	PSMC5	10271.967894144858	10163.513666030703	9017.248125734894	8984.717493134967
Neuron	PSMC5_sg723	PSMC5	11344.37678057061	11128.078945887371	10817.069890661416	10759.813654392636
Neuron	PSMC5_sg724	PSMC5	11532.76051811755	11478.919800753269	10831.178235963192	10607.974659675827
Neuron	PSMC5_sg725	PSMC5	7641.947128977334	7626.588385915883	7412.927717132977	7111.308313715336
Neuron	PSMC5_sg726	PSMC5	10357.429784836884	10223.798996021746	9429.413356336769	8935.560984053987
Neuron	PSMC5_sg727	PSMC5	11133.019416493555	11447.294709610427	10747.535903102664	10680.0708729946
Neuron	PSMC5_sg728	PSMC5	23840.191722830565	23801.834221381123	22642.88647039979	21996.991630305027
Neuron	PSMC5_sg729	PSMC5	7757.7342066891115	7756.053602781891	7094.482208892898	7165.92665713865
Neuron	PSMC5_sg730	PSMC5	10977.71770114998	10984.77775164637	10988.385512182978	10854.8495719492
Neuron	PSMD4_sg731	PSMD4	16310.35589132019	15879.748890099314	16166.148237934642	15525.810301510919
Neuron	PSMD4_sg732	PSMD4	13707.903477988804	13786.563170082489	13735.481890228722	13841.38059033595
Neuron	PSMD4_sg733	PSMD4	8496.566035897598	8598.071654460047	8568.804292928453	8516.092106562945
Neuron	PSMD4_sg734	PSMD4	14704.039924334575	15124.699839063971	15102.983645550834	14955.594796171532
Neuron	PSMD4_sg735	PSMD4	13913.747171698631	13936.782353010985	13735.481890228722	14060.946330897666
Neuron	PSMD4_sg736	PSMD4	11672.440167420647	11706.225143342443	11585.974709608188	11665.385788351165
Neuron	PSMD4_sg737	PSMD4	12393.812040466246	12436.56709192244	12700.533988448466	12640.869401891532
Neuron	PSMD4_sg738	PSMD4	23299.85202684227	23519.184969291975	23031.873705148748	23303.46240499067
Neuron	PSMD4_sg739	PSMD4	15748.880458924188	15732.494559465458	15963.592708959148	15569.50497624957
Neuron	PSMD4_sg740	PSMD4	16426.142969031967	16745.4857601346	16227.620313892377	16378.948825783065
Neuron	RBFOX3_sg741	RBFOX3	16736.74639971912	17045.924125991598	16875.59645882393	16809.34137195877
Neuron	RBFOX3_sg742	RBFOX3	20586.207261105126	20464.398821713126	20660.663955500313	20080.98014301521
Neuron	RBFOX3_sg743	RBFOX3	15542.117820153157	15214.633692001427	15639.100767018308	15240.702548841226
Neuron	RBFOX3_sg744	RBFOX3	13127.130199307505	13465.370838163004	13545.01922865475	13035.21384140785
Neuron	RBFOX3_sg745	RBFOX3	12608.845184788119	12663.872434511613	12723.711984301382	12397.271590223556
Neuron	RBFOX3_sg746	RBFOX3	11502.435331097799	11531.2988579586	11633.33844026415	11764.791173381593
Neuron	RBFOX3_sg747	RBFOX3	12652.035602664735	12719.216344011586	12696.503032647957	12747.921355001225
Neuron	RBFOX3_sg748	RBFOX3	11424.32500089541	11574.783358280009	11586.982448558316	11573.6269714
Neuron	RBFOX3_sg749	RBFOX3	9761.953385176314	9614.027707423831	9844.601803789023	9601.904773818404
Neuron	RBFOX3_sg750	RBFOX3	8957.8764566223	9201.913238468678	9178.486357755188	9111.432049877054
Neuron	SALL4_sg751	SALL4	15597.254523825432	15684.068638652981	15316.624302977722	15483.207993640734
Neuron	SALL4_sg752	SALL4	9821.68481415461	9957.950573602233	9890.957795494858	10013.727083230182
Neuron	SALL4_sg753	SALL4	13222.700485672784	13308.23366654701	13418.04412093877	13385.86360618552
Neuron	SALL4_sg754	SALL4	11803.849311172902	12161.824112619004	11777.445110132287	11957.047742231654
Neuron	SALL4_sg755	SALL4	10575.219764342371	10383.90101993238	10518.779161423874	10451.766197485153
Neuron	SALL4_sg756	SALL4	15745.20467867937	15859.983208135038	16271.960827697958	16000.98988929374
Neuron	SALL4_sg757	SALL4	10701.1152377274	10896.820466905341	10812.031195910782	10707.380044706257
Neuron	SALL4_sg758	SALL4	7249.557587842976	7427.94328217491	7017.894048683259	7368.014527804907
Neuron	SALL4_sg759	SALL4	10626.68068776983	10371.053326655601	10492.577948720576	10377.485250429447
Neuron	SALL4_sg760	SALL4	13587.521674971003	13446.593440296941	13536.957317053735	13413.172777897176
Neuron	SATB2_sg761	SATB2	9807.900638236542	10000.446789825426	9654.139142215052	9754.836135403679
Neuron	SATB2_sg762	SATB2	12853.28457106854	13151.096494931016	13077.4283557959	13036.306208276317
Neuron	SATB2_sg763	SATB2	17924.02341879544	17907.70785963403	18183.64161608856	17945.40291516368
Neuron	SATB2_sg764	SATB2	24007.4397239698	24012.33873430066	24087.984124881667	24280.038385399504
Neuron	SATB2_sg765	SATB2	9035.067841763486	9025.998668986622	9100.89045859542	8953.038853949447
Neuron	SATB2_sg766	SATB2	13174.915342490145	12942.568550207905	12972.62350498271	13007.904669696194
Neuron	SATB2_sg767	SATB2	21393.959969903957	21748.17986529285	21169.572125314364	21444.2539948611
Neuron	SATB2_sg768	SATB2	16026.401867407974	16416.387155429406	15967.623664759654	16198.708292486133
Neuron	SATB2_sg769	SATB2	10442.891675528912	10542.026475646588	10448.237434914996	10653.85406815141
Neuron	SATB2_sg770	SATB2	12433.326678098043	12560.102604199164	12400.227781310668	12330.637211247114
Neuron	SEL1L2_sg771	SEL1L2	25607.323075526983	25750.73046305873	25429.28466750048	25062.173063221348
Neuron	SEL1L2_sg772	SEL1L2	27928.578300129768	27935.82660420944	28181.41974029686	28039.965146660365
Neuron	SEL1L2_sg773	SEL1L2	12744.849053846398	12547.254910922386	12754.951891755314	12736.997686316563
Neuron	SEL1L2_sg774	SEL1L2	14549.657154052204	14720.491642894529	14455.00750061928	14602.76029765693
Neuron	SEL1L2_sg775	SEL1L2	15229.676499343597	14947.796985483703	15208.79623531415	15063.73911614969
Neuron	SEL1L2_sg776	SEL1L2	23993.65554805173	24349.343611791566	24553.559519840266	24278.946018531038
Neuron	SEL1L2_sg777	SEL1L2	20736.91425114268	20982.259689177157	21064.767274501173	20863.114820837054
Neuron	SEL1L2_sg778	SEL1L2	44.10936293782011	36.566511633910544	12.092867401521985	30.58627231705521
Neuron	SEL1L2_sg779	SEL1L2	16436.25136470522	16449.000530670462	17043.88886349511	16649.8558091627
Neuron	SEL1L2_sg780	SEL1L2	13554.439652767638	13639.308839448633	13956.176720306497	13410.988044160244
Neuron	SHANK1_sg781	SHANK1	11789.146190193629	11735.873666288857	11838.917186090024	11768.068273986992
Neuron	SHANK1_sg782	SHANK1	11796.497750683266	11644.951529253187	11490.23950934614	11449.097148394845
Neuron	SHANK1_sg783	SHANK1	7897.4138559922085	7950.745570130009	7739.435136974071	7920.752163248833
Neuron	SHANK1_sg784	SHANK1	16612.6888164565	16569.571190652547	16788.930909113024	16713.21308753374
Neuron	SHANK1_sg785	SHANK1	10373.970795938567	10668.526840217955	10754.590075753553	10696.456376021593
Neuron	SHANK1_sg786	SHANK1	12697.982855724964	12961.345948073968	12650.147040942124	12648.515969970797
Neuron	SHANK1_sg787	SHANK1	10227.858531207037	10193.162188977118	10056.226983315657	9949.277437990673
Neuron	SHANK1_sg788	SHANK1	11731.25265133774	11810.983257753105	11881.242221995351	11808.485848120245
Neuron	SHANK1_sg789	SHANK1	13378.002201016358	13399.15580358268	13737.497368128976	13504.931594848342
Neuron	SHANK1_sg790	SHANK1	18889.834678121464	19070.91824323167	18959.60060768622	18717.70629116932
Neuron	SLC22A16_sg791	SLC22A16	21320.444365007592	21286.651191427005	21293.524016179963	21425.683758097173
Neuron	SLC22A16_sg792	SLC22A16	10785.658183358222	10504.471679914464	10957.145604729045	11129.033655934232
Neuron	SLC22A16_sg793	SLC22A16	10178.235497901991	10038.001585557551	10181.186613131385	10041.036254941839
Neuron	SLC22A16_sg794	SLC22A16	15799.422437290441	15414.267079840614	15224.92005851618	15718.066870360979
Neuron	SLC22A16_sg795	SLC22A16	16085.214351325067	15710.752309304755	16312.270385703032	16045.776930900856
Neuron	SLC22A16_sg796	SLC22A16	12043.693972147299	11634.080404172835	12026.356630813614	11643.53845098184
Neuron	SLC22A16_sg797	SLC22A16	18744.64135845114	18994.820367669206	19090.60667120271	18975.50487212736
Neuron	SLC22A16_sg798	SLC22A16	21312.17385945675	21134.45544030208	21806.46314179452	21472.655533441222
Neuron	SLC22A16_sg799	SLC22A16	18013.161089732286	18354.412272026664	17988.140259763954	18160.59918825153
Neuron	SLC22A16_sg800	SLC22A16	15592.65979851941	15294.684703956746	15403.28985268863	15794.532551153618
Neuron	SNX1_sg801	SNX1	18563.609181393833	18482.88920479446	18307.59350695416	18533.096290398524
Neuron	SNX1_sg802	SNX1	16786.369433024167	17116.092296964776	16927.998884230525	16886.899419619876
Neuron	SNX1_sg803	SNX1	12967.233758657909	13249.924904752395	12778.129887608231	13046.137510092514
Neuron	SNX1_sg804	SNX1	23066.439981296306	23135.730739185023	22844.434260425158	23131.96080664147
Neuron	SNX1_sg805	SNX1	14056.183656185342	13713.430146814668	14124.469124977679	13952.802010919508
Neuron	SNX1_sg806	SNX1	12305.593314590606	12233.968851788612	12303.484842098493	12317.52880882552
Neuron	SNX1_sg807	SNX1	15779.205645943939	15276.895590188897	15595.767992162853	15264.734619947483
Neuron	SNX1_sg808	SNX1	15126.754652488684	14802.519223046274	15109.030079251594	14932.65509193374
Neuron	SNX1_sg809	SNX1	17101.567589017337	17014.299034848755	16994.509654938898	16672.795513400488
Neuron	SNX1_sg810	SNX1	21260.712936029293	21331.123975846625	21218.951333870576	21082.68056139877
Neuron	SULT1E1_sg811	SULT1E1	17321.195458645234	17449.144038062826	17040.865646644732	17222.256048239014
Neuron	SULT1E1_sg812	SULT1E1	19.2978462852963	0.9882840982137985	22.170256902790307	1.0923668684662575
Neuron	SULT1E1_sg813	SULT1E1	19421.90386855892	19729.115452642058	19945.16930091026	19895.277775375947
Neuron	SULT1E1_sg814	SULT1E1	7226.583961312861	7048.442188460811	7268.82104726484	7347.259557304048
Neuron	SULT1E1_sg815	SULT1E1	16416.953518419923	16340.289279866944	16336.456120506076	16467.430542128834
Neuron	SULT1E1_sg816	SULT1E1	27633.596935483096	27578.067760656046	27464.917346756683	27370.344256290547
Neuron	SULT1E1_sg817	SULT1E1	25004.495115376776	25254.611845755408	25061.45995070419	24879.747796187483
Neuron	SULT1E1_sg818	SULT1E1	9696.708285830788	9527.058706781017	9575.535504105159	9663.077318452513
Neuron	SULT1E1_sg819	SULT1E1	21916.839709729367	21589.06612548043	21729.874981584882	21396.189852648586
Neuron	SULT1E1_sg820	SULT1E1	16046.618658754474	16453.94195116153	16721.412399454526	16316.68391428049
Neuron	SUMO1_sg821	SUMO1	16891.129170001488	17164.51821777725	16982.416787537375	17031.091846257423
Neuron	SUMO1_sg822	SUMO1	11496.002715669367	11675.588336297815	11584.966970658063	11481.868154448834
Neuron	SUMO1_sg823	SUMO1	15834.342349616216	15832.31125338505	16332.425164705568	15898.307403657913
Neuron	SUMO1_sg824	SUMO1	17278.923985829824	17077.549217134438	17090.244855200945	17133.774331893248
Neuron	SUMO1_sg825	SUMO1	16048.456548876884	16069.499436956363	15820.493778041138	16090.563972507973
Neuron	SUMO1_sg826	SUMO1	16159.648901282639	16871.986124705967	16503.74078622713	16347.270186597543
Neuron	SUMO1_sg827	SUMO1	20693.723833266064	20880.466427061136	20577.021622639786	20859.837720231655
Neuron	SUMO1_sg828	SUMO1	4376.935326517441	4215.031678881851	4268.782192737261	4282.078124387729
Neuron	SUMO1_sg829	SUMO1	17163.136908118046	17586.515527714542	17304.89325157796	17409.050782746745
Neuron	SUMO1_sg830	SUMO1	30186.426315509434	30529.08407792245	30132.40234774241	30278.224860147726
Neuron	TCL1_sg831	TCL1	11627.411859421622	11560.947380905014	11710.934339423917	11508.084959292022
Neuron	TCL1_sg832	TCL1	13378.921146077562	13126.389392475672	13285.022579522029	13086.555084225765
Neuron	TCL1_sg833	TCL1	21313.092804517953	21563.370738926867	21294.53175513009	21001.84541313227
Neuron	TCL1_sg834	TCL1	6532.780440103399	6743.062402112747	6674.255066690009	6623.020323510919
Neuron	TCL1_sg835	TCL1	20004.515037362624	20584.969481695207	20907.559998281387	20774.633104491284
Neuron	TCL1_sg836	TCL1	9520.270834079507	9571.531491200638	9319.569810772944	9481.744418287115
Neuron	TCL1_sg837	TCL1	13326.541277588902	13519.726463564763	13877.573082196604	13901.460768101593
Neuron	TCL1_sg838	TCL1	15985.049339653768	16127.808198750978	16056.304692370817	15794.532551153618
Neuron	TCL1_sg839	TCL1	21789.10634622193	21969.55550329274	21895.14416940568	21888.84731032687
Neuron	TCL1_sg840	TCL1	8514.025992060486	8685.040655102861	8667.562710040884	8796.830391758771
Neuron	TH_sg841	TH	11955.475246271659	11745.756507270995	11704.887905723155	11677.401823904293
Neuron	TH_sg842	TH	12352.45951271204	12512.664967484903	12399.220042360543	12569.865555441225
Neuron	TH_sg843	TH	8096.824934273604	8234.38310631737	8170.747407628355	7861.764352351655
Neuron	TH_sg844	TH	13119.778638817868	12930.70914102934	13415.02090408839	13110.587155332023
Neuron	TH_sg845	TH	15927.155800797878	16086.300266625998	15516.156615102835	15725.713438440243
Neuron	TH_sg846	TH	15844.450745289465	15867.889480920749	15825.532472791772	15851.335628313864
Neuron	TH_sg847	TH	16694.474926903706	16311.629041018743	16583.35216328715	16694.642850769815
Neuron	TH_sg848	TH	20443.770776618418	20415.972900900648	20305.939845055666	20532.127659691778
Neuron	TH_sg849	TH	15449.304368971494	15123.711554965757	15204.765279513644	15295.320892264537
Neuron	TH_sg850	TH	22777.891232078066	22776.983611533415	22799.08600766945	22963.736308897667
Neuron	TIAM1_sg851	TIAM1	10418.080158876388	10363.14705386989	10096.536541320731	10424.457025773496
Neuron	TIAM1_sg852	TIAM1	18378.90122409171	18432.486715785555	17993.178954514588	18568.052030189447
Neuron	TIAM1_sg853	TIAM1	12356.135292956858	12532.43064944918	12188.602601784034	12177.70584966184
Neuron	TIAM1_sg854	TIAM1	11412.378715099749	11344.513163396192	11832.870752389263	11807.393481251778
Neuron	TIAM1_sg855	TIAM1	9572.65070256817	9890.747254923695	9788.16842258192	9902.305662646624
Neuron	TIAM1_sg856	TIAM1	9595.624329098284	9316.554193861479	9351.817457177001	9231.592405408343
Neuron	TIAM1_sg857	TIAM1	8832.899928298477	8864.908360977772	8929.57483707386	8773.89068752098
Neuron	TIAM1_sg858	TIAM1	18500.20197217072	18730.94851344612	18847.74158422214	18726.44522611705
Neuron	TIAM1_sg859	TIAM1	18203.382717401637	18220.00563466959	18312.632201704793	18332.100786600735
Neuron	TIAM1_sg860	TIAM1	13675.740400846644	13836.965659091393	13782.845620884684	13759.45307520098
Neuron	TMPRSS11E_sg861	TMPRSS11E	12983.77476975959	13431.769178823735	13308.200575374945	13293.012422365888
Neuron	TMPRSS11E_sg862	TMPRSS11E	11702.765354440398	11389.974231914028	11461.015079792462	11605.30561058552
Neuron	TMPRSS11E_sg863	TMPRSS11E	10231.534311451856	10206.009882253897	10454.283868615756	10280.26459913595
Neuron	TMPRSS11E_sg864	TMPRSS11E	15546.71254545918	15327.2980791978	15573.597735260064	15490.854561719998
Neuron	TMPRSS11E_sg865	TMPRSS11E	18442.30843331483	18060.891894857166	18430.537658869634	18178.07705814699
Neuron	TMPRSS11E_sg866	TMPRSS11E	11045.71963567912	11063.840479503475	11260.475028717223	10958.624424453496
Neuron	TMPRSS11E_sg867	TMPRSS11E	0.9189450612045856	0.9882840982137985	1.0077389501268321	1.0923668684662575
Neuron	TMPRSS11E_sg868	TMPRSS11E	16495.982793683517	16558.700065572193	16554.127733733472	16655.31764350503
Neuron	TMPRSS11E_sg869	TMPRSS11E	12192.563072062441	12212.226601627908	12431.467688764602	12349.20744801104
Neuron	TMPRSS11E_sg870	TMPRSS11E	12016.125620311162	11784.299587101334	11704.887905723155	11900.24466507141
Neuron	TRRAP_sg871	TRRAP	11342.5388904482	11379.103106833676	11290.707197221027	11279.780283782575
Neuron	TRRAP_sg872	TRRAP	10010.987496762757	9959.92714179866	10162.039573078975	10139.349273103802
Neuron	TRRAP_sg873	TRRAP	7656.650249956608	7761.983307371173	7584.243338654539	7466.32754596687
Neuron	TRRAP_sg874	TRRAP	21466.55662973912	21538.663636471523	20932.753472034557	21315.354704382084
Neuron	TRRAP_sg875	TRRAP	14840.962738454058	14963.609531055123	15121.122946653117	14717.458818845887
Neuron	TRRAP_sg876	TRRAP	19894.241630018074	19839.803271642006	19596.491624166378	19559.921146756806
Neuron	TRRAP_sg877	TRRAP	15657.904897864935	15582.27537653696	15530.26496040461	15455.898821929077
Neuron	TRRAP_sg878	TRRAP	17380.00794256233	16866.056420116685	17104.353200502723	17159.99113673644
Neuron	TRRAP_sg879	TRRAP	8705.16656479104	8516.044074308302	8300.745732194717	8630.790627751901
Neuron	TRRAP_sg880	TRRAP	12823.878329109992	13352.70645096663	12949.445509129793	12906.314550928833
Neuron	ULBP1_sg881	ULBP1	14879.55843102465	14964.597815153336	15042.519308543224	15030.968110095704
Neuron	ULBP1_sg882	ULBP1	14095.698293817139	14386.451617698265	14228.266236840742	14476.045740914844
Neuron	ULBP1_sg883	ULBP1	16849.77664224728	16937.212875188077	16924.975667380146	16546.080956658403
Neuron	ULBP1_sg884	ULBP1	0.9189450612045856	0.9882840982137985	1.0077389501268321	1.0923668684662575
Neuron	ULBP1_sg885	ULBP1	35007.21210658869	35502.129660134284	35932.947744672456	35345.71476296269
Neuron	ULBP1_sg886	ULBP1	15702.014260802755	15413.2787957424	15421.429153790912	15702.773734202452
Neuron	ULBP1_sg887	ULBP1	31990.315470654034	32492.804581073266	31774.009097499016	32080.63019311705
Neuron	ULBP1_sg888	ULBP1	8639.002520384309	8612.895915933253	8710.895484896337	8925.72968223779
Neuron	ULBP1_sg889	ULBP1	14210.566426467713	14268.845810010822	14333.071087653932	14255.387633484661
Neuron	ULBP1_sg890	ULBP1	21124.709066971016	21147.30313357886	20705.00446930589	20896.978193759507
Neuron	VSX1_sg891	VSX1	10484.244203283117	10321.63912174491	10514.748205623366	10282.449332872882
Neuron	VSX1_sg892	VSX1	11527.246847750323	11775.40503021741	11389.465614333456	11565.980403320735
Neuron	VSX1_sg893	VSX1	12542.68114038139	12597.65739993129	12650.147040942124	12716.242715815704
Neuron	VSX1_sg894	VSX1	11979.367817862978	12129.210737377949	12275.268151494942	12189.721885214967
Neuron	VSX1_sg895	VSX1	16235.002396301414	16062.581448268867	16033.126696517898	16221.647996723925
Neuron	VSX1_sg896	VSX1	23003.95171713439	22883.718294140504	22861.565822577315	22891.640095578892
Neuron	VSX1_sg897	VSX1	12867.987692047813	12904.025470377566	12727.742940101889	12733.720585711164
Neuron	VSX1_sg898	VSX1	8005.84937321435	7897.378228826464	8010.516914558189	8117.3781995727595
Neuron	VSX1_sg899	VSX1	8326.561199574751	8076.257650603161	8293.691559543828	8149.056838758281
Neuron	VSX1_sg900	VSX1	7065.768575602059	7023.735086005466	7008.8243981321175	6962.7464196039255
