Guide	Gene	WT_1817	WT_1818	WT_RPL_000123	Plasmid	LSLCas9_134	LSLCas9_136
ACSM3_sg001	ACSM3	10086	9278	16887	13900	8918	8514
ACSM3_sg002	ACSM3	16990	15345	27241	22560	15622	14528
ACSM3_sg003	ACSM3	18612	17572	31316	27636	17215	15904
ACSM3_sg004	ACSM3	9969	9190	16710	15228	9259	8582
ACSM3_sg005	ACSM3	9923	9303	15974	13825	8926	8574
ACSM3_sg006	ACSM3	21897	20543	36048	32989	20177	18365
ACSM3_sg007	ACSM3	12723	12365	21547	19225	11919	11005
ACSM3_sg008	ACSM3	13993	13123	22482	20271	12756	11792
ACSM3_sg009	ACSM3	13089	11983	21283	18419	11703	10617
ACSM3_sg010	ACSM3	15872	14779	25990	21811	14481	13416
ANAPC4_sg011	ANAPC4	14057	13265	22655	19732	12648	11770
ANAPC4_sg012	ANAPC4	13664	12592	22181	18743	12177	11273
ANAPC4_sg013	ANAPC4	17739	16796	28546	24267	16170	14884
ANAPC4_sg014	ANAPC4	19759	18100	32554	27632	18262	16474
ANAPC4_sg015	ANAPC4	11889	10968	19734	17558	10780	10278
ANAPC4_sg016	ANAPC4	12605	11428	19754	18797	11240	10254
ANAPC4_sg017	ANAPC4	14334	13321	23516	20550	12926	12205
ANAPC4_sg018	ANAPC4	11246	10581	18700	16872	10259	9691
ANAPC4_sg019	ANAPC4	8654	8097	14458	12104	8166	7494
ANAPC4_sg020	ANAPC4	22699	21394	36142	32016	20465	19016
ANXA7_sg021	ANXA7	16071	14811	26658	23088	14789	13554
ANXA7_sg022	ANXA7	15964	15087	26031	22688	14754	13513
ANXA7_sg023	ANXA7	13150	12272	21740	18e3	12479	11195
ANXA7_sg024	ANXA7	9972	9177	16361	14484	9171	8267
ANXA7_sg025	ANXA7	9207	8718	14867	12858	8648	7980
ANXA7_sg026	ANXA7	19149	17673	31589	28183	17367	16444
ANXA7_sg027	ANXA7	13320	12355	21426	18105	12072	11241
ANXA7_sg028	ANXA7	13590	12607	22507	19283	12392	11656
ANXA7_sg029	ANXA7	15089	13615	24439	22252	13473	12285
ANXA7_sg030	ANXA7	37089	34181	60820	52640	33859	31102
APOH_sg031	APOH	15606	14484	25768	21421	14722	13184
APOH_sg032	APOH	11295	10430	18124	15457	10198	9429
APOH_sg033	APOH	12883	11854	20518	18407	11408	10772
APOH_sg034	APOH	17742	16553	28689	24735	15958	15042
APOH_sg035	APOH	20382	19031	33763	29992	18390	16967
APOH_sg036	APOH	15001	14150	24844	22399	13934	12577
APOH_sg037	APOH	11032	10419	18931	16963	10258	9246
APOH_sg038	APOH	14042	12974	22937	19629	12622	11933
APOH_sg039	APOH	17174	15734	27803	24587	15666	14382
APOH_sg040	APOH	21617	20220	36266	31545	19947	18060
ARHGAP44_sg041	ARHGAP44	8530	8015	13844	12499	7788	7308
ARHGAP44_sg042	ARHGAP44	19028	17614	31111	27173	17297	16113
ARHGAP44_sg043	ARHGAP44	10585	10252	17532	14829	9899	8964
ARHGAP44_sg044	ARHGAP44	12676	11854	20981	18544	11635	11066
ARHGAP44_sg045	ARHGAP44	12229	11235	19674	18295	11082	10360
ARHGAP44_sg046	ARHGAP44	10501	9749	17274	14769	9406	8657
ARHGAP44_sg047	ARHGAP44	11037	9762	17354	14752	9743	9100
ARHGAP44_sg048	ARHGAP44	11250	10568	18774	16468	10279	9392
ARHGAP44_sg049	ARHGAP44	9912	9052	16444	14443	8976	8187
ARHGAP44_sg050	ARHGAP44	10550	9857	17418	15497	9647	8709
ARHGEF4_sg051	ARHGEF4	15842	14671	25938	21779	14605	13585
ARHGEF4_sg052	ARHGEF4	11468	10551	18851	16113	10518	9324
ARHGEF4_sg053	ARHGEF4	15656	14561	25854	21404	14656	13460
ARHGEF4_sg054	ARHGEF4	14593	13818	23796	21587	13581	12333
ARHGEF4_sg055	ARHGEF4	12753	12220	20702	17793	11877	10789
ARHGEF4_sg056	ARHGEF4	14053	12918	22793	20844	12840	11679
ARHGEF4_sg057	ARHGEF4	13706	12825	22168	18519	12630	11733
ARHGEF4_sg058	ARHGEF4	8504	7916	13566	12160	7643	7049
ARHGEF4_sg059	ARHGEF4	12097	11254	19534	17246	11337	10236
ARHGEF4_sg060	ARHGEF4	10294	9331	17161	15304	9330	8465
ATG5_sg061	ATG5	22706	20787	36881	32561	20812	19454
ATG5_sg062	ATG5	13240	12224	21241	18887	12326	11048
ATG5_sg063	ATG5	31804	29153	51003	45350	28137	26555
ATG5_sg064	ATG5	8379	7464	13728	11488	7470	7082
ATG5_sg065	ATG5	14416	13463	23613	20245	13051	12128
ATG5_sg066	ATG5	22092	20504	36227	31049	20009	18675
ATG5_sg067	ATG5	12228	11238	20225	16958	11142	10055
ATG5_sg068	ATG5	6940	6327	11140	8913	6108	5939
ATG5_sg069	ATG5	31300	28957	51380	45901	28548	26038
ATG5_sg070	ATG5	16589	15613	27624	24360	14894	14209
B4GALT6_sg071	B4GALT6	13553	12807	21519	19730	12396	11531
B4GALT6_sg072	B4GALT6	10325	9349	16728	14361	9490	8725
B4GALT6_sg073	B4GALT6	14724	13622	24132	20858	13748	12632
B4GALT6_sg074	B4GALT6	13319	12652	21876	19198	12133	11295
B4GALT6_sg075	B4GALT6	23137	21512	38192	32178	21458	19642
B4GALT6_sg076	B4GALT6	31945	29745	52104	43882	29224	26714
B4GALT6_sg077	B4GALT6	24680	22734	40011	36853	22475	20479
B4GALT6_sg078	B4GALT6	14863	13507	24141	20251	13500	12298
B4GALT6_sg079	B4GALT6	1	1	1	46	1	1
B4GALT6_sg080	B4GALT6	10034	9527	15908	14210	8874	8381
BCL11B_sg081	BCL11B	11743	11077	19796	17179	10727	9948
BCL11B_sg082	BCL11B	14382	13218	23085	20333	13125	11871
BCL11B_sg083	BCL11B	12968	12119	21348	18759	12255	11042
BCL11B_sg084	BCL11B	21355	19751	35015	30011	19797	17982
BCL11B_sg085	BCL11B	24263	22947	40341	36213	21987	20577
BCL11B_sg086	BCL11B	13637	12756	22084	20360	12587	11632
BCL11B_sg087	BCL11B	14620	13466	23842	20742	13343	12520
BCL11B_sg088	BCL11B	16942	15371	27504	23818	15651	14027
BCL11B_sg089	BCL11B	11398	10530	18508	16054	10363	9341
BCL11B_sg090	BCL11B	19048	17616	31523	28146	17534	16057
BCR_sg091	BCR	7161	6790	11374	9935	6488	5983
BCR_sg092	BCR	11983	11315	20116	17375	11091	10117
BCR_sg093	BCR	23317	22015	39456	35176	21567	19709
BCR_sg094	BCR	10035	9267	16014	14040	9279	8567
BCR_sg095	BCR	13501	12596	21977	18033	12546	11413
BCR_sg096	BCR	14100	13151	22349	19394	12578	11847
BCR_sg097	BCR	10290	9215	16730	14671	9285	8789
BCR_sg098	BCR	9886	9022	15643	13701	8748	8276
BCR_sg099	BCR	11333	10947	18566	16311	10648	9591
BCR_sg100	BCR	10831	9950	17124	14615	9791	8913
C2CD2L_sg101	C2CD2L	13597	12185	21916	18710	12194	11215
C2CD2L_sg102	C2CD2L	10943	10066	18401	15462	9992	9346
C2CD2L_sg103	C2CD2L	12811	11749	20949	17471	11800	10650
C2CD2L_sg104	C2CD2L	19078	17286	31047	26943	17113	15538
C2CD2L_sg105	C2CD2L	11266	10033	18470	15329	10131	9248
C2CD2L_sg106	C2CD2L	11446	10537	18326	16408	10467	9415
C2CD2L_sg107	C2CD2L	11011	10129	17886	15424	9797	9390
C2CD2L_sg108	C2CD2L	13885	12849	22448	20301	12479	11584
C2CD2L_sg109	C2CD2L	14160	13243	23734	20260	13046	12140
C2CD2L_sg110	C2CD2L	12165	11678	20299	17643	11343	10304
CAV2_sg111	CAV2	15648	14544	25326	21623	14157	13136
CAV2_sg112	CAV2	19895	18437	32311	28851	18172	16851
CAV2_sg113	CAV2	12411	11579	20249	16570	11386	10519
CAV2_sg114	CAV2	14974	14280	24806	21003	13889	12667
CAV2_sg115	CAV2	10348	9516	16784	14333	9469	8709
CAV2_sg116	CAV2	14356	13042	23541	21184	12998	12018
CAV2_sg117	CAV2	14449	12956	24096	20064	12581	10883
CAV2_sg118	CAV2	13563	12602	22060	19583	12312	11554
CAV2_sg119	CAV2	9678	9310	15876	14583	8769	8226
CAV2_sg120	CAV2	9978	9551	16456	14321	9206	8603
CDC123_sg121	CDC123	11924	10920	19216	17239	10818	9889
CDC123_sg122	CDC123	11831	10728	18831	16849	10550	9897
CDC123_sg123	CDC123	19358	17924	31800	27156	17694	16684
CDC123_sg124	CDC123	27473	25176	44691	38672	25073	22846
CDC123_sg125	CDC123	15386	14551	24399	22512	13909	13167
CDC123_sg126	CDC123	13063	11977	20987	18335	11569	11123
CDC123_sg127	CDC123	11094	10161	18369	16522	9997	9111
CDC123_sg128	CDC123	10361	9521	17751	15550	9873	9129
CDC123_sg129	CDC123	9630	8896	15576	13259	8781	8214
CDC123_sg130	CDC123	10789	9900	17250	15721	9818	9006
CDC45_sg131	CDC45	13574	12732	22634	19468	12951	11704
CDC45_sg132	CDC45	15632	14445	25482	22880	14177	12936
CDC45_sg133	CDC45	11293	10422	18336	15586	10164	9267
CDC45_sg134	CDC45	10758	9974	17623	16144	9840	9139
CDC45_sg135	CDC45	10625	9691	17356	15215	9392	8732
CDC45_sg136	CDC45	9555	9018	16135	13434	8976	8311
CDC45_sg137	CDC45	11957	10847	19228	16991	10771	10027
CDC45_sg138	CDC45	11962	10971	19515	16081	11221	9981
CDC45_sg139	CDC45	15877	14783	25460	22105	14311	13344
CDC45_sg140	CDC45	11505	10629	18820	16412	10535	9785
CDHR5_sg141	CDHR5	7512	6879	12180	10694	6877	6200
CDHR5_sg142	CDHR5	15539	13935	25012	21351	13996	12981
CDHR5_sg143	CDHR5	19558	18058	32012	27948	17935	16551
CDHR5_sg144	CDHR5	14022	12901	22777	20467	12246	11816
CDHR5_sg145	CDHR5	12027	11284	19696	16989	11291	10227
CDHR5_sg146	CDHR5	12125	11144	19902	17467	11229	10233
CDHR5_sg147	CDHR5	8326	7887	13448	11026	7612	7050
CDHR5_sg148	CDHR5	11795	11033	19416	17253	10506	9936
CDHR5_sg149	CDHR5	18035	16443	29336	25099	16147	14967
CDHR5_sg150	CDHR5	15736	14985	25497	22486	14463	13232
CERS5_sg151	CERS5	17870	16660	29728	25633	16496	15093
CERS5_sg152	CERS5	13636	12526	22315	19042	12567	11357
CERS5_sg153	CERS5	19985	18383	31742	27378	18075	16661
CERS5_sg154	CERS5	20806	19165	33543	29902	18433	17483
CERS5_sg155	CERS5	13127	11947	20838	18247	11699	10922
CERS5_sg156	CERS5	15313	14494	25322	23222	13582	12997
CERS5_sg157	CERS5	16084	15097	26602	23237	14669	13450
CERS5_sg158	CERS5	17912	17053	29356	25450	16142	15225
CERS5_sg159	CERS5	19735	18443	31986	28044	17735	16637
CERS5_sg160	CERS5	13468	12513	22312	18980	12231	11119
CHD8_sg161	CHD8	20811	19193	33843	29637	18605	17700
CHD8_sg162	CHD8	14890	13800	23943	20093	13575	12471
CHD8_sg163	CHD8	10579	9841	17264	15006	9780	8869
CHD8_sg164	CHD8	19814	18440	31518	27996	17962	16804
CHD8_sg165	CHD8	15659	14656	25879	23464	14351	13373
CHD8_sg166	CHD8	10543	9924	17033	14642	9539	9057
CHD8_sg167	CHD8	9200	8373	14840	12886	8408	7531
CHD8_sg168	CHD8	13770	12510	22385	19530	12736	11481
CHD8_sg169	CHD8	14709	13787	23539	20954	13469	12546
CHD8_sg170	CHD8	9771	9134	16111	14246	9016	8334
CHST1_sg171	CHST1	15572	14418	24884	21510	14139	12878
CHST1_sg172	CHST1	13400	12212	21789	19869	12237	11097
CHST1_sg173	CHST1	8289	7492	13229	11389	7520	6692
CHST1_sg174	CHST1	7351	7023	12137	10835	6501	6449
CHST1_sg175	CHST1	11665	11018	19450	17417	10811	9934
CHST1_sg176	CHST1	9559	8840	15477	14330	8742	8088
CHST1_sg177	CHST1	12501	11641	19957	17121	11547	10486
CHST1_sg178	CHST1	12342	11560	20365	17382	11269	10476
CHST1_sg179	CHST1	9666	8745	15581	12703	8732	7922
CHST1_sg180	CHST1	11624	10907	18964	17372	10584	9742
CINP_sg181	CINP	13575	12753	22875	20358	12641	11629
CINP_sg182	CINP	15727	14576	25472	22635	14654	13482
CINP_sg183	CINP	13936	12936	22407	19411	12794	11499
CINP_sg184	CINP	12228	11495	20211	18285	11285	10343
CINP_sg185	CINP	11110	10206	18689	16988	10220	9352
CINP_sg186	CINP	10136	9396	16144	14689	8781	8272
CINP_sg187	CINP	16172	14994	26374	24537	14715	13680
CINP_sg188	CINP	13961	13573	23572	21148	12850	11908
CINP_sg189	CINP	16803	15236	27168	24578	15346	13691
CINP_sg190	CINP	17964	16721	29549	29196	16107	15014
CYP46A1_sg191	CYP46A1	19076	17941	30998	27163	17237	16240
CYP46A1_sg192	CYP46A1	11347	10566	18709	15737	10544	9647
CYP46A1_sg193	CYP46A1	20459	18936	33468	30132	18471	17048
CYP46A1_sg194	CYP46A1	12436	11742	20837	18722	11444	10746
CYP46A1_sg195	CYP46A1	16250	15466	27057	23112	15272	13695
CYP46A1_sg196	CYP46A1	13598	13084	22417	19601	12746	11600
CYP46A1_sg197	CYP46A1	13062	12192	21728	18572	12086	10896
CYP46A1_sg198	CYP46A1	14167	13156	23139	19769	12799	12044
CYP46A1_sg199	CYP46A1	14223	13496	23424	19642	12971	12178
CYP46A1_sg200	CYP46A1	26095	24332	42398	36436	23625	22051
DECR2_sg201	DECR2	13972	13051	23229	20626	12261	11650
DECR2_sg202	DECR2	19723	18168	32749	27665	17830	16440
DECR2_sg203	DECR2	8616	8405	13967	11807	8045	7462
DECR2_sg204	DECR2	21446	20086	35275	32241	19748	17991
DECR2_sg205	DECR2	10340	9594	17123	14983	9483	8811
DECR2_sg206	DECR2	13568	12596	21873	18741	12315	11393
DECR2_sg207	DECR2	17931	16521	29264	24904	16376	15160
DECR2_sg208	DECR2	16938	16017	28121	24336	15406	14365
DECR2_sg209	DECR2	14065	12990	22736	19392	12914	11487
DECR2_sg210	DECR2	16082	15021	26517	21307	14675	13610
DKK4_sg211	DKK4	12848	12059	21359	18998	11765	11045
DKK4_sg212	DKK4	13807	12865	22316	19181	12670	11598
DKK4_sg213	DKK4	10464	9727	17019	14826	9536	8920
DKK4_sg214	DKK4	3719	3394	5767	5032	2921	2898
DKK4_sg215	DKK4	12614	11895	20849	17553	11664	10581
DKK4_sg216	DKK4	12849	11893	21447	19019	11553	10887
DKK4_sg217	DKK4	11569	10729	19100	15914	10179	9659
DKK4_sg218	DKK4	21350	19634	34932	30266	19028	17798
DKK4_sg219	DKK4	19511	18063	32760	27985	17917	16654
DKK4_sg220	DKK4	10464	10026	17448	14831	9876	8817
DPEP1_sg221	DPEP1	8442	7749	13941	12399	7958	7159
DPEP1_sg222	DPEP1	11165	10596	18282	16069	10409	9328
DPEP1_sg223	DPEP1	19438	18209	31462	26897	17694	16466
DPEP1_sg224	DPEP1	10887	10354	18198	15611	10061	9384
DPEP1_sg225	DPEP1	14141	12720	23068	20489	12994	11713
DPEP1_sg226	DPEP1	15982	14698	26340	21754	14598	13480
DPEP1_sg227	DPEP1	13604	12862	22242	19190	12702	11523
DPEP1_sg228	DPEP1	22649	21081	36768	32097	20538	18796
DPEP1_sg229	DPEP1	18553	17283	30287	25969	16807	15571
DPEP1_sg230	DPEP1	11583	11129	19175	16826	10506	10081
DUSP14_sg231	DUSP14	9411	8529	14916	13457	8639	7802
DUSP14_sg232	DUSP14	17151	16134	28368	23885	16028	14364
DUSP14_sg233	DUSP14	13713	13030	22659	19248	12621	11625
DUSP14_sg234	DUSP14	10378	9852	17057	14361	9563	8885
DUSP14_sg235	DUSP14	17672	16644	28172	24128	16030	14667
DUSP14_sg236	DUSP14	18663	17242	29694	27034	16739	15971
DUSP14_sg237	DUSP14	17779	16498	28617	25266	15969	14945
DUSP14_sg238	DUSP14	14776	13808	24254	20909	13367	12398
DUSP14_sg239	DUSP14	8950	8466	14927	12672	8330	7659
DUSP14_sg240	DUSP14	14687	13636	23581	20803	13286	12265
DUSP3_sg241	DUSP3	13830	12771	22497	19937	12573	11598
DUSP3_sg242	DUSP3	10521	9605	16743	14238	9580	8858
DUSP3_sg243	DUSP3	19057	17718	30928	27496	17218	16086
DUSP3_sg244	DUSP3	14302	13292	23346	21328	13492	12243
DUSP3_sg245	DUSP3	8758	7902	13731	12330	7770	7181
DUSP3_sg246	DUSP3	13802	13025	22612	20813	12613	11735
DUSP3_sg247	DUSP3	9815	8979	16193	14441	9064	8209
DUSP3_sg248	DUSP3	19515	18105	31857	27652	18081	16461
DUSP3_sg249	DUSP3	10726	10368	18486	15539	10160	9270
DUSP3_sg250	DUSP3	11347	10482	18732	15528	10339	9654
EFHD2_sg251	EFHD2	14082	13040	23455	20714	12895	11970
EFHD2_sg252	EFHD2	21443	19199	34632	31802	19276	17698
EFHD2_sg253	EFHD2	9982	9400	16461	13958	9073	8490
EFHD2_sg254	EFHD2	12876	12419	21813	18745	12108	11025
EFHD2_sg255	EFHD2	14330	13545	23379	20271	13298	12034
EFHD2_sg256	EFHD2	18707	17278	31044	25655	17142	15965
EFHD2_sg257	EFHD2	13492	12619	22239	18993	12295	11433
EFHD2_sg258	EFHD2	15689	14213	25467	21916	14298	13104
EFHD2_sg259	EFHD2	14449	13669	24150	20370	13353	12482
EFHD2_sg260	EFHD2	24768	23153	41210	35392	23043	20971
EFNA2_sg261	EFNA2	17069	15895	27484	24568	15796	14289
EFNA2_sg262	EFNA2	12956	12087	20789	17804	11998	11222
EFNA2_sg263	EFNA2	10291	9473	16915	14755	9429	8675
EFNA2_sg264	EFNA2	12073	11135	19572	17231	10913	9987
EFNA2_sg265	EFNA2	11333	10838	18700	16682	10462	9733
EFNA2_sg266	EFNA2	11102	10247	17555	15359	10216	9183
EFNA2_sg267	EFNA2	8106	7619	13078	11168	7283	6884
EFNA2_sg268	EFNA2	42333	39217	67877	60081	37881	35015
EFNA2_sg269	EFNA2	7491	7102	12474	10318	6912	6400
EFNA2_sg270	EFNA2	12195	11467	19927	17237	11348	10224
ENTPD4_sg271	ENTPD4	15648	14469	26107	22745	14089	13085
ENTPD4_sg272	ENTPD4	13936	13146	22796	18645	12888	11854
ENTPD4_sg273	ENTPD4	10688	9789	16688	14172	9475	8633
ENTPD4_sg274	ENTPD4	15273	14017	24505	20619	13987	12889
ENTPD4_sg275	ENTPD4	12737	11691	21225	18513	11868	10807
ENTPD4_sg276	ENTPD4	16421	15332	27222	23515	15066	14183
ENTPD4_sg277	ENTPD4	10738	9811	17295	15052	9582	8905
ENTPD4_sg278	ENTPD4	9351	8601	15223	13109	8517	7799
ENTPD4_sg279	ENTPD4	17560	16084	28373	24274	16002	14865
ENTPD4_sg280	ENTPD4	14730	13306	23203	20457	12847	11914
EPHA4_sg281	EPHA4	12786	11873	20899	17635	11659	10845
EPHA4_sg282	EPHA4	11433	10432	18506	16260	10297	9294
EPHA4_sg283	EPHA4	15570	14620	25602	22087	14406	13013
EPHA4_sg284	EPHA4	19383	17839	31398	28112	17780	16350
EPHA4_sg285	EPHA4	22049	20702	35532	31559	19993	18725
EPHA4_sg286	EPHA4	22011	20261	36289	31581	20284	18514
EPHA4_sg287	EPHA4	12799	11797	20954	18215	11588	10730
EPHA4_sg288	EPHA4	20146	19059	33290	28833	18354	16741
EPHA4_sg289	EPHA4	10558	9667	17075	14936	9662	8920
EPHA4_sg290	EPHA4	676	608	1138	1005	621	553
EPN2_sg291	EPN2	13670	12361	22524	18986	12093	11450
EPN2_sg292	EPN2	8590	8011	13767	11876	7655	7237
EPN2_sg293	EPN2	580	473	1038	692	413	245
EPN2_sg294	EPN2	26338	24516	43657	41222	23797	22221
EPN2_sg295	EPN2	15093	14003	24697	22391	13669	12706
EPN2_sg296	EPN2	16875	15965	27701	24714	15741	14217
EPN2_sg297	EPN2	12536	11322	20383	18044	11119	10426
EPN2_sg298	EPN2	16849	15990	27170	23071	15534	14366
EPN2_sg299	EPN2	15739	14678	25431	21950	14056	13239
EPN2_sg300	EPN2	13021	12026	21307	18261	11977	10844
ESPL1_sg301	ESPL1	12421	11667	19861	17858	11110	10509
ESPL1_sg302	ESPL1	9780	8982	16493	14685	9218	8427
ESPL1_sg303	ESPL1	750	709	1233	1028	703	629
ESPL1_sg304	ESPL1	12618	11849	20723	17865	11749	10749
ESPL1_sg305	ESPL1	14604	13623	24224	20647	13460	12385
ESPL1_sg306	ESPL1	11983	11166	20005	16891	11199	10541
ESPL1_sg307	ESPL1	10118	9229	16243	14062	9229	8470
ESPL1_sg308	ESPL1	34007	31315	55178	46442	30953	28545
ESPL1_sg309	ESPL1	15164	13870	24433	21478	13483	12418
ESPL1_sg310	ESPL1	14511	13395	23362	20093	13166	11997
ETV2_sg311	ETV2	10935	10023	17516	14718	10193	9213
ETV2_sg312	ETV2	18107	16529	29792	26345	16266	15326
ETV2_sg313	ETV2	10473	9972	17199	14849	9746	8983
ETV2_sg314	ETV2	18252	17355	29318	25413	16693	15514
ETV2_sg315	ETV2	18680	17283	30680	26155	17143	15736
ETV2_sg316	ETV2	9440	9007	15607	14127	8803	8072
ETV2_sg317	ETV2	17461	16229	28321	24491	16148	14556
ETV2_sg318	ETV2	11921	11020	19299	16378	10961	9856
ETV2_sg319	ETV2	10695	10165	17563	15840	9938	8890
ETV2_sg320	ETV2	16118	14896	26080	22247	14838	13530
F11_sg321	F11	13881	12816	22459	19008	12428	11871
F11_sg322	F11	16476	15358	26787	23584	14635	13760
F11_sg323	F11	11385	10734	18800	16481	10499	9708
F11_sg324	F11	11933	11260	20302	17364	10930	10228
F11_sg325	F11	12958	12152	21376	18324	11791	10960
F11_sg326	F11	13269	12121	21452	18763	11828	11096
F11_sg327	F11	24433	22716	40478	37078	22209	20477
F11_sg328	F11	22432	21211	36656	32421	20840	18960
F11_sg329	F11	5084	4814	8584	7287	4723	4324
F11_sg330	F11	15663	14518	25465	22361	14001	13182
FADS1_sg331	FADS1	20153	18600	32764	28128	18647	17144
FADS1_sg332	FADS1	13913	13078	23438	20315	12988	11972
FADS1_sg333	FADS1	10389	9615	17192	14438	9727	8794
FADS1_sg334	FADS1	15221	14132	24486	21144	13829	13114
FADS1_sg335	FADS1	12104	11502	19932	18120	11408	10439
FADS1_sg336	FADS1	16107	15043	26707	22960	14737	13326
FADS1_sg337	FADS1	16730	15900	27603	22794	15432	14398
FADS1_sg338	FADS1	25905	24354	42240	36323	23659	21977
FADS1_sg339	FADS1	13369	12502	21762	20386	12098	11294
FADS1_sg340	FADS1	18867	17745	30775	27086	17537	15901
FEZF2_sg341	FEZF2	4770	4567	7607	6540	4358	4151
FEZF2_sg342	FEZF2	11707	10462	18656	16901	10510	9649
FEZF2_sg343	FEZF2	19880	18290	32558	28621	18326	16666
FEZF2_sg344	FEZF2	15259	14256	24888	21488	13761	12722
FEZF2_sg345	FEZF2	6286	5859	10630	8903	6012	5420
FEZF2_sg346	FEZF2	16709	15772	27302	23712	15404	14240
FEZF2_sg347	FEZF2	8890	8161	14719	13104	8080	7550
FEZF2_sg348	FEZF2	13813	12949	22325	20006	12801	11945
FEZF2_sg349	FEZF2	16361	15178	26079	22226	14553	13439
FEZF2_sg350	FEZF2	17176	16029	28107	24629	15609	14440
FMO3_sg351	FMO3	15526	14940	25458	22647	14173	13345
FMO3_sg352	FMO3	13175	12548	21926	18401	12377	11452
FMO3_sg353	FMO3	14425	13206	23450	19531	12936	12344
FMO3_sg354	FMO3	14512	13638	23956	20844	13033	12053
FMO3_sg355	FMO3	8862	8190	14566	12623	8090	7695
FMO3_sg356	FMO3	18660	17309	30106	26397	16477	15485
FMO3_sg357	FMO3	15709	14806	25087	21413	14349	13514
FMO3_sg358	FMO3	1	1	1	24	1	1
FMO3_sg359	FMO3	8229	7377	13122	12008	7327	6936
FMO3_sg360	FMO3	15874	14309	25829	23351	14022	13092
FOXN1_sg361	FOXN1	11938	11134	19412	16953	10930	10054
FOXN1_sg362	FOXN1	9285	8477	15223	13114	8647	7840
FOXN1_sg363	FOXN1	13898	13174	22879	19411	12817	11863
FOXN1_sg364	FOXN1	17432	16215	28910	26222	15759	14463
FOXN1_sg365	FOXN1	11985	11187	19455	16986	11079	10294
FOXN1_sg366	FOXN1	23800	21894	39233	34700	21861	20708
FOXN1_sg367	FOXN1	26866	24540	42961	39277	24247	22210
FOXN1_sg368	FOXN1	21141	20296	35189	32691	19688	18571
FOXN1_sg369	FOXN1	18066	16981	29578	25327	16081	15369
FOXN1_sg370	FOXN1	17238	16338	27935	24420	15201	14173
GCKR_sg371	GCKR	10858	10047	17964	15272	9910	8914
GCKR_sg372	GCKR	13714	12888	22407	18990	12518	11365
GCKR_sg373	GCKR	20644	18891	33576	29807	18796	17089
GCKR_sg374	GCKR	11876	11110	19113	16317	10564	9859
GCKR_sg375	GCKR	12064	11345	20036	17207	11239	10226
GCKR_sg376	GCKR	15133	14230	24469	21543	13923	12909
GCKR_sg377	GCKR	20454	19428	33251	29199	18652	17322
GCKR_sg378	GCKR	9545	9189	15701	14237	8807	8229
GCKR_sg379	GCKR	20850	19011	33064	28782	18818	17251
GCKR_sg380	GCKR	18542	17417	30175	26527	16898	15695
GNAI3_sg381	GNAI3	16796	15843	27792	24764	15638	14241
GNAI3_sg382	GNAI3	17166	15702	27793	25488	15485	14204
GNAI3_sg383	GNAI3	2711	2487	4572	3729	2472	2302
GNAI3_sg384	GNAI3	11869	11112	19539	16206	10797	10046
GNAI3_sg385	GNAI3	19634	18100	31496	26107	17392	16070
GNAI3_sg386	GNAI3	19833	18494	32469	27567	18291	16619
GNAI3_sg387	GNAI3	14626	13819	24202	20253	13620	12619
GNAI3_sg388	GNAI3	17695	16391	28407	25450	15765	14739
GNAI3_sg389	GNAI3	17399	16546	29025	24505	16320	14667
GNAI3_sg390	GNAI3	17536	16375	28915	23369	16052	14760
GNRHR_sg391	GNRHR	13857	12856	22701	18551	12747	11668
GNRHR_sg392	GNRHR	14049	13312	22790	18371	12959	11938
GNRHR_sg393	GNRHR	12822	11637	20373	16844	11654	10741
GNRHR_sg394	GNRHR	10477	9617	16992	14266	9436	9005
GNRHR_sg395	GNRHR	20947	19850	34013	34872	19015	17848
GNRHR_sg396	GNRHR	14744	13936	24010	21359	13296	12280
GNRHR_sg397	GNRHR	23060	21125	37249	33637	20541	19160
GNRHR_sg398	GNRHR	17143	15944	27176	25229	15696	14254
GNRHR_sg399	GNRHR	12710	12059	21428	18619	12057	10667
GNRHR_sg400	GNRHR	11239	10548	18696	15411	10251	9494
GRIA1_sg401	GRIA1	10663	10100	17517	15055	9848	8990
GRIA1_sg402	GRIA1	16654	15564	27759	24956	15167	14084
GRIA1_sg403	GRIA1	17589	16554	28592	24344	16103	14873
GRIA1_sg404	GRIA1	11137	10473	18562	15782	10018	9525
GRIA1_sg405	GRIA1	11805	10879	19017	15755	10870	10064
GRIA1_sg406	GRIA1	12798	11907	21015	18577	11847	10909
GRIA1_sg407	GRIA1	20929	19203	33948	31680	18420	17442
GRIA1_sg408	GRIA1	19861	18635	32499	29076	18300	16887
GRIA1_sg409	GRIA1	11728	10954	19478	16282	10694	9783
GRIA1_sg410	GRIA1	20470	19142	33907	29658	18372	17274
GRIN2A_sg411	GRIN2A	13919	12743	22699	19592	12649	11844
GRIN2A_sg412	GRIN2A	11416	10721	18409	15451	10479	9494
GRIN2A_sg413	GRIN2A	17223	16008	27462	25064	15419	14652
GRIN2A_sg414	GRIN2A	34085	31826	55739	48654	31333	28891
GRIN2A_sg415	GRIN2A	14406	13676	23866	19595	13355	12251
GRIN2A_sg416	GRIN2A	15103	14057	24494	21441	13920	12860
GRIN2A_sg417	GRIN2A	9424	8620	15222	12767	8474	7940
GRIN2A_sg418	GRIN2A	15636	14712	25610	22525	14352	13113
GRIN2A_sg419	GRIN2A	26174	24650	43399	38889	24011	22380
GRIN2A_sg420	GRIN2A	13718	12680	22232	19436	12475	11414
GRM1_sg421	GRM1	11204	10194	17867	14958	10269	9229
GRM1_sg422	GRM1	12503	11451	20240	18276	11347	10639
GRM1_sg423	GRM1	14034	12789	22675	19503	12865	11817
GRM1_sg424	GRM1	12123	11102	19719	16765	10775	10087
GRM1_sg425	GRM1	7971	7327	12673	10661	7223	6646
GRM1_sg426	GRM1	16007	15086	26422	23941	14651	13199
GRM1_sg427	GRM1	10571	10012	17523	15552	9751	9068
GRM1_sg428	GRM1	11824	10828	18839	15688	10666	9854
GRM1_sg429	GRM1	17547	16424	28154	24640	16150	14860
GRM1_sg430	GRM1	13014	12401	21607	18459	11714	11467
GRM6_sg431	GRM6	10147	9415	16274	13562	9040	8398
GRM6_sg432	GRM6	11777	10780	19216	16188	10964	9891
GRM6_sg433	GRM6	14033	13042	22494	19595	12751	11765
GRM6_sg434	GRM6	13198	12269	21529	19163	12177	11325
GRM6_sg435	GRM6	26061	23778	41846	37387	23467	21731
GRM6_sg436	GRM6	15847	14745	26118	21786	14451	13548
GRM6_sg437	GRM6	10581	9420	16878	14450	9550	8717
GRM6_sg438	GRM6	15817	14640	25726	22005	14440	13202
GRM6_sg439	GRM6	10307	9706	17404	15267	9533	8864
GRM6_sg440	GRM6	11629	10741	19175	16379	10751	10039
HDGFL1_sg441	HDGFL1	8385	7614	12872	11475	7513	7084
HDGFL1_sg442	HDGFL1	11721	10853	18860	16111	10406	9717
HDGFL1_sg443	HDGFL1	15767	14425	25226	21538	14367	13234
HDGFL1_sg444	HDGFL1	13442	12646	21978	18414	12280	11591
HDGFL1_sg445	HDGFL1	7756	7127	12347	10798	6912	6511
HDGFL1_sg446	HDGFL1	10368	9608	16903	15297	9053	8759
HDGFL1_sg447	HDGFL1	14063	13149	22397	21332	12700	11835
HDGFL1_sg448	HDGFL1	18771	17542	30620	26384	16944	15832
HDGFL1_sg449	HDGFL1	17135	15374	27569	25854	15331	14264
HDGFL1_sg450	HDGFL1	12973	12026	21175	18471	11729	10774
HOXC8_sg451	HOXC8	19365	17766	31445	28848	17635	16031
HOXC8_sg452	HOXC8	10519	10201	17141	15200	9607	8942
HOXC8_sg453	HOXC8	14356	12961	23803	20351	13129	12109
HOXC8_sg454	HOXC8	9668	9018	15639	13644	8884	8163
HOXC8_sg455	HOXC8	17701	16749	28949	25501	15996	15091
HOXC8_sg456	HOXC8	12725	11563	20188	17855	11333	10427
HOXC8_sg457	HOXC8	9818	8912	15839	14101	8843	8231
HOXC8_sg458	HOXC8	13300	12193	21801	19056	12041	11277
HOXC8_sg459	HOXC8	16172	14716	26194	23360	14678	13539
HOXC8_sg460	HOXC8	14090	13096	23279	20026	12846	11874
HSD17B1_sg461	HSD17B1	10286	9448	16763	14224	9417	8547
HSD17B1_sg462	HSD17B1	8627	7898	14155	12415	7837	7209
HSD17B1_sg463	HSD17B1	12228	11363	19896	16993	11150	10320
HSD17B1_sg464	HSD17B1	8458	8147	13931	11827	7783	7374
HSD17B1_sg465	HSD17B1	13723	12750	22531	18856	12825	11613
HSD17B1_sg466	HSD17B1	7316	6935	11906	10243	6656	6294
HSD17B1_sg467	HSD17B1	10598	9865	17261	14415	9744	9006
HSD17B1_sg468	HSD17B1	15735	14728	25728	21881	14432	13235
HSD17B1_sg469	HSD17B1	21512	19897	34814	30246	19709	18183
HSD17B1_sg470	HSD17B1	19635	18107	32443	29190	17933	16321
IFNG_sg471	IFNG	11499	10488	18658	15997	10313	9591
IFNG_sg472	IFNG	11123	10410	17960	16501	10033	9436
IFNG_sg473	IFNG	19992	18511	28857	29302	18195	16872
IFNG_sg474	IFNG	11483	10556	16340	16211	10064	9576
IFNG_sg475	IFNG	26917	24833	39878	37956	24861	22388
IFNG_sg476	IFNG	15436	14193	22361	22920	13981	13088
IFNG_sg477	IFNG	17412	16361	25053	24852	15533	14632
IFNG_sg478	IFNG	18500	17354	26744	26183	16926	15311
IFNG_sg479	IFNG	16686	15786	24678	24663	15466	14487
IFNG_sg480	IFNG	36308	33850	52004	51611	32999	30306
IL17F_sg481	IL17F	14871	13853	21662	21184	13524	12630
IL17F_sg482	IL17F	12368	11393	17770	17935	11251	10419
IL17F_sg483	IL17F	10138	9689	14653	14345	9013	8477
IL17F_sg484	IL17F	11834	11096	17313	16826	11047	10133
IL17F_sg485	IL17F	14494	13220	20849	19910	13054	12056
IL17F_sg486	IL17F	9766	9064	14262	14383	8950	8139
IL17F_sg487	IL17F	13231	12548	19476	18697	12079	11319
IL17F_sg488	IL17F	8664	8014	12732	12528	7723	7270
IL17F_sg489	IL17F	21045	19665	30969	30921	19263	17646
IL17F_sg490	IL17F	15810	14792	22524	22607	14561	13370
INSRR_sg491	INSRR	15321	14379	22433	21305	13998	12904
INSRR_sg492	INSRR	11278	10491	16292	16364	10381	9612
INSRR_sg493	INSRR	9234	8647	13634	13145	8510	7959
INSRR_sg494	INSRR	11366	10553	16535	16416	10383	9562
INSRR_sg495	INSRR	15422	14639	22814	22222	14216	13224
INSRR_sg496	INSRR	15263	14120	21706	20218	13840	12597
INSRR_sg497	INSRR	10675	10339	15519	15359	9832	9106
INSRR_sg498	INSRR	26546	24502	39167	37754	24535	22405
INSRR_sg499	INSRR	11164	10747	16362	16681	10144	9323
INSRR_sg500	INSRR	13812	13029	19694	20076	12681	11532
KRT23_sg501	KRT23	20717	19200	30683	29775	18961	17444
KRT23_sg502	KRT23	14177	13203	20237	20372	13036	11835
KRT23_sg503	KRT23	12130	11231	17864	16486	11099	10077
KRT23_sg504	KRT23	17033	16185	24679	24390	15553	14359
KRT23_sg505	KRT23	11312	10401	16472	15851	10234	9561
KRT23_sg506	KRT23	8568	7897	12623	12352	7863	7316
KRT23_sg507	KRT23	19179	17980	28148	28794	17547	16170
KRT23_sg508	KRT23	13006	11937	18417	17585	11707	10644
KRT23_sg509	KRT23	10011	9344	14372	13721	9294	8299
KRT23_sg510	KRT23	23400	21934	33302	34067	20900	19847
LAMP1_sg511	LAMP1	11883	11178	17361	16784	11114	10281
LAMP1_sg512	LAMP1	12581	11569	18274	17813	11708	10940
LAMP1_sg513	LAMP1	13623	12771	19888	19673	12561	11534
LAMP1_sg514	LAMP1	10625	10058	15081	14493	9775	9061
LAMP1_sg515	LAMP1	12511	11615	18142	18206	11199	10584
LAMP1_sg516	LAMP1	20583	19413	30429	30193	19192	17527
LAMP1_sg517	LAMP1	17018	15789	25169	25370	15496	14245
LAMP1_sg518	LAMP1	19264	17621	27338	26281	17077	15686
LAMP1_sg519	LAMP1	20532	19176	29966	28208	18626	17472
LAMP1_sg520	LAMP1	16512	15442	24262	24057	15237	14013
MCM6_sg521	MCM6	13415	12649	20366	19648	12504	11246
MCM6_sg522	MCM6	16672	15390	24057	22950	15137	13940
MCM6_sg523	MCM6	15837	14469	23056	22644	14354	13365
MCM6_sg524	MCM6	7945	7342	11310	11101	7243	6618
MCM6_sg525	MCM6	21949	20937	31949	31510	19709	18425
MCM6_sg526	MCM6	11236	10888	16691	16186	10338	9875
MCM6_sg527	MCM6	15192	14246	21989	22219	13841	12919
MCM6_sg528	MCM6	23974	22375	34913	35037	21847	20191
MCM6_sg529	MCM6	13600	12754	19784	18895	12069	11268
MCM6_sg530	MCM6	19009	18033	27967	27215	17658	16379
MCOLN3_sg531	MCOLN3	15405	14413	22686	22723	14060	13003
MCOLN3_sg532	MCOLN3	19251	17531	27496	27045	17308	15800
MCOLN3_sg533	MCOLN3	15465	14017	22779	22519	14434	13372
MCOLN3_sg534	MCOLN3	14084	12791	20413	20495	12763	11820
MCOLN3_sg535	MCOLN3	13028	12012	18652	18573	11759	10801
MCOLN3_sg536	MCOLN3	23857	22005	34785	33759	21867	19873
MCOLN3_sg537	MCOLN3	9615	9087	14555	13982	8694	8241
MCOLN3_sg538	MCOLN3	9097	8300	13603	13262	8419	7679
MCOLN3_sg539	MCOLN3	9590	9040	13939	14363	8497	8123
MCOLN3_sg540	MCOLN3	15522	14558	22282	21459	14251	13203
MDFI_sg541	MDFI	20914	19684	30673	28554	19425	17829
MDFI_sg542	MDFI	12736	11567	18308	18242	11613	10591
MDFI_sg543	MDFI	12116	11245	17831	16362	11343	10329
MDFI_sg544	MDFI	22832	20901	32997	32401	20999	18806
MDFI_sg545	MDFI	14766	13855	21457	20432	13752	12539
MDFI_sg546	MDFI	8269	7618	11809	11933	7524	7144
MDFI_sg547	MDFI	12126	11308	17516	17060	11061	10271
MDFI_sg548	MDFI	14869	14054	21243	20763	13503	12362
MDFI_sg549	MDFI	25719	23993	37784	37260	23617	21562
MDFI_sg550	MDFI	9377	9077	13993	13214	8648	8277
MNAT1_sg551	MNAT1	24544	22740	35684	34057	22618	20924
MNAT1_sg552	MNAT1	14321	13493	20634	20623	13261	11868
MNAT1_sg553	MNAT1	17976	16735	25783	25834	16056	15042
MNAT1_sg554	MNAT1	22675	21154	32989	31875	20507	19298
MNAT1_sg555	MNAT1	15030	14314	21881	21197	13612	12904
MNAT1_sg556	MNAT1	1	1	1	1	1	1
MNAT1_sg557	MNAT1	11605	10910	16681	16284	10698	9981
MNAT1_sg558	MNAT1	12237	11822	17854	17592	11410	10586
MNAT1_sg559	MNAT1	15166	14008	22715	22017	13716	12326
MNAT1_sg560	MNAT1	20212	18993	29017	29614	18403	16934
MYF6_sg561	MYF6	17708	16718	25679	24591	16052	14928
MYF6_sg562	MYF6	14515	13304	20839	20276	13440	12340
MYF6_sg563	MYF6	13379	12461	19577	18693	12432	11171
MYF6_sg564	MYF6	10319	9691	14464	15048	9310	8417
MYF6_sg565	MYF6	18764	17450	27738	27900	17157	15842
MYF6_sg566	MYF6	9275	8764	13909	13877	8630	7938
MYF6_sg567	MYF6	27316	25273	38648	37412	24847	22749
MYF6_sg568	MYF6	22641	21093	32442	32168	20471	19050
MYF6_sg569	MYF6	9992	9029	14586	14534	9340	8155
MYF6_sg570	MYF6	14048	12999	20388	20129	12609	11725
MYO15_sg571	MYO15	15058	13997	21440	20369	13799	12572
MYO15_sg572	MYO15	17065	15326	24655	23313	15248	13973
MYO15_sg573	MYO15	10611	9829	15037	14431	9498	8690
MYO15_sg574	MYO15	16273	14911	23116	23120	14710	13782
MYO15_sg575	MYO15	12592	11725	18556	17277	11812	10911
MYO15_sg576	MYO15	18838	17656	27186	25831	17259	16070
MYO15_sg577	MYO15	21108	19865	29797	29306	18943	17671
MYO15_sg578	MYO15	18652	17527	27596	25770	17393	15728
MYO15_sg579	MYO15	18707	17109	26864	25304	17116	15537
MYO15_sg580	MYO15	11759	10752	17191	17290	11062	10006
NKX3-2_sg581	NKX3-2	8994	8528	13122	13094	8280	7550
NKX3-2_sg582	NKX3-2	9848	9007	14693	14058	9117	8320
NKX3-2_sg583	NKX3-2	11568	11090	17372	16287	10870	9927
NKX3-2_sg584	NKX3-2	23893	22499	35409	34448	22027	20160
NKX3-2_sg585	NKX3-2	13461	13043	19861	19073	12551	11559
NKX3-2_sg586	NKX3-2	17155	15609	25244	24420	15674	14577
NKX3-2_sg587	NKX3-2	14201	13192	20718	21268	12871	11817
NKX3-2_sg588	NKX3-2	11934	11113	17562	17361	10973	10234
NKX3-2_sg589	NKX3-2	11145	10441	16300	16015	10252	9454
NKX3-2_sg590	NKX3-2	11427	10667	16620	16536	10502	9437
NLGN1_sg591	NLGN1	18773	17512	27346	28309	16949	15666
NLGN1_sg592	NLGN1	9401	8681	13709	13311	8575	7888
NLGN1_sg593	NLGN1	9271	8543	13451	12975	8743	7616
NLGN1_sg594	NLGN1	10701	10145	15786	15260	9907	9009
NLGN1_sg595	NLGN1	14747	13751	21368	20802	13453	12493
NLGN1_sg596	NLGN1	19645	18555	28817	27881	18022	16466
NLGN1_sg597	NLGN1	16552	15263	24204	23523	15256	13884
NLGN1_sg598	NLGN1	13182	12102	18787	18904	11741	10879
NLGN1_sg599	NLGN1	29008	27019	42101	42168	26471	24179
NLGN1_sg600	NLGN1	15929	14759	23072	22858	14450	13367
NonTarg_1	Control	9062	8371	12808	12773	8358	7639
NonTarg_10	Control	10999	10014	15906	15603	9803	9159
NonTarg_11	Control	20007	19042	28846	28902	18314	17053
NonTarg_12	Control	13571	12527	19694	18257	12365	11463
NonTarg_13	Control	22943	21354	34155	33165	21463	19583
NonTarg_14	Control	13167	12018	19149	18616	11971	11028
NonTarg_15	Control	13244	12060	18643	17973	12099	11118
NonTarg_16	Control	12891	11923	19544	17926	11613	11085
NonTarg_17	Control	17471	16331	25704	24865	15635	14620
NonTarg_18	Control	13073	12259	18927	17917	11909	10677
NonTarg_19	Control	13618	12503	19379	19911	12219	11673
NonTarg_2	Control	11184	10540	15918	16245	10211	9521
NonTarg_20	Control	7164	6795	10270	10832	6321	5929
NonTarg_21	Control	12772	11542	18656	17842	11793	10715
NonTarg_22	Control	16254	15165	23898	23328	15097	14004
NonTarg_23	Control	14931	14050	21518	21148	13471	12569
NonTarg_24	Control	13161	12518	19488	18681	12381	11231
NonTarg_25	Control	14527	13244	21123	20965	13078	12123
NonTarg_26	Control	12930	11915	19091	18585	11375	11017
NonTarg_27	Control	6402	6093	9296	8943	5512	5492
NonTarg_28	Control	12092	11552	17810	17497	11234	10116
NonTarg_29	Control	11161	10743	16261	16631	10145	9651
NonTarg_3	Control	17742	16048	25804	24581	16275	14895
NonTarg_30	Control	10262	9483	14833	14689	9324	8530
NonTarg_31	Control	25275	23395	36864	37143	22880	21287
NonTarg_32	Control	8990	8193	12769	12094	8108	7317
NonTarg_33	Control	13249	12336	19070	18772	12155	11226
NonTarg_34	Control	8024	7376	11724	10742	7202	6654
NonTarg_35	Control	13954	12808	20384	20131	12645	11618
NonTarg_36	Control	16873	15603	24441	22548	15217	14141
NonTarg_37	Control	15312	14091	22380	20958	13964	12768
NonTarg_38	Control	16146	15510	23686	22279	14589	13622
NonTarg_39	Control	17452	16231	25448	25404	15965	14658
NonTarg_4	Control	9579	8883	13654	13100	8756	8172
NonTarg_40	Control	9567	8640	14089	14163	8907	7947
NonTarg_41	Control	11126	10103	15934	15193	9879	9286
NonTarg_42	Control	11537	10968	17175	16897	10868	10139
NonTarg_43	Control	22789	21166	32940	31619	20467	19129
NonTarg_44	Control	11275	10441	16731	16527	10435	9562
NonTarg_45	Control	9855	9567	14933	14702	9241	8552
NonTarg_46	Control	12381	11738	18198	17454	11265	10631
NonTarg_47	Control	14844	13913	21643	21012	13683	12501
NonTarg_48	Control	12792	11786	18732	17493	11662	10700
NonTarg_49	Control	11132	10243	16071	15328	9931	9415
NonTarg_5	Control	15347	14130	21703	22800	13720	12796
NonTarg_50	Control	12882	12107	18705	17940	11790	11007
NonTarg_51	Control	13958	12934	20075	21251	12664	11777
NonTarg_52	Control	16565	15750	24514	23337	15280	14311
NonTarg_53	Control	20668	19214	29032	28941	18258	17127
NonTarg_54	Control	15751	14587	23126	22308	14382	13420
NonTarg_55	Control	16615	15180	24076	24185	14945	13662
NonTarg_56	Control	12194	11060	17581	17338	10927	10239
NonTarg_57	Control	17906	16942	25789	25288	16077	15061
NonTarg_58	Control	12856	12143	18976	18914	11851	10669
NonTarg_59	Control	12641	11436	18281	18864	11317	10340
NonTarg_6	Control	11555	10633	16924	15487	10474	9885
NonTarg_60	Control	11588	10736	16370	16056	10509	9857
NonTarg_61	Control	11199	10242	15843	15441	10319	9230
NonTarg_62	Control	12272	11461	17957	17421	11414	10287
NonTarg_63	Control	11732	10846	17347	16331	10945	9919
NonTarg_64	Control	16034	14872	22933	22468	14473	13530
NonTarg_65	Control	9978	9350	14542	14014	9338	8573
NonTarg_66	Control	14397	13158	21100	20677	13255	12258
NonTarg_67	Control	12870	11874	18195	17601	11617	10725
NonTarg_68	Control	9872	9111	14762	14145	9159	8412
NonTarg_69	Control	16106	14624	23633	22283	14492	13192
NonTarg_7	Control	10284	9313	14421	13509	9020	8345
NonTarg_70	Control	18266	17184	26195	24962	17011	15367
NonTarg_71	Control	14632	13277	20500	19876	12854	12436
NonTarg_72	Control	17125	15946	24755	23092	15318	14285
NonTarg_73	Control	23614	21790	34383	33799	20973	19722
NonTarg_74	Control	23203	21506	33620	33179	21457	19684
NonTarg_75	Control	16010	15036	23699	22471	14948	13583
NonTarg_76	Control	10047	9295	14451	13884	9085	8622
NonTarg_77	Control	12794	11930	19148	18938	12032	10795
NonTarg_78	Control	3336	3114	4843	4730	3104	2883
NonTarg_79	Control	12991	11964	18940	18231	11779	11125
NonTarg_8	Control	8294	7850	12038	11986	7655	7191
NonTarg_80	Control	10917	10366	16088	14978	10250	9269
NonTarg_81	Control	15214	14178	22608	21176	13994	12791
NonTarg_82	Control	33424	31016	48168	46781	30260	27733
NonTarg_83	Control	11026	10207	15660	14926	9933	9277
NonTarg_84	Control	12439	11504	17738	16793	11416	10499
NonTarg_85	Control	21531	19911	31550	30192	19676	18072
NonTarg_86	Control	19429	17677	28637	27855	17567	16304
NonTarg_87	Control	15639	14758	22342	22591	14503	13114
NonTarg_88	Control	14686	13547	21618	21185	13467	12379
NonTarg_89	Control	15052	13764	21206	20464	13647	12451
NonTarg_9	Control	17691	16208	25739	25377	16156	14979
NonTarg_90	Control	11094	10085	16038	14785	10166	9325
NRXN1_sg601	NRXN1	10041	9105	14251	13891	8951	8045
NRXN1_sg602	NRXN1	14501	13102	20509	20753	12984	11983
NRXN1_sg603	NRXN1	15193	13662	21832	20742	13640	12340
NRXN1_sg604	NRXN1	24128	22373	34136	34541	21906	20292
NRXN1_sg605	NRXN1	14683	13992	21770	20802	13624	12592
NRXN1_sg606	NRXN1	17195	15774	24817	23905	15633	14178
NRXN1_sg607	NRXN1	21069	19765	30828	29651	19368	17897
NRXN1_sg608	NRXN1	13113	12061	18971	18353	12034	10911
NRXN1_sg609	NRXN1	27263	25823	39616	38524	25205	23263
NRXN1_sg610	NRXN1	13114	12066	18721	18432	11710	11146
ORC3_sg611	ORC3	19655	18333	29312	28535	17857	16693
ORC3_sg612	ORC3	12160	11340	17112	16658	10937	10121
ORC3_sg613	ORC3	14692	13661	21257	20208	13281	12388
ORC3_sg614	ORC3	18850	17334	27513	26882	17043	15774
ORC3_sg615	ORC3	16798	16052	24652	23996	15468	14264
ORC3_sg616	ORC3	12677	12071	18456	17383	11522	10786
ORC3_sg617	ORC3	18586	17461	27403	26862	16825	15791
ORC3_sg618	ORC3	22156	20572	32177	29713	20130	18591
ORC3_sg619	ORC3	12741	12012	18608	18395	11691	10948
ORC3_sg620	ORC3	18392	16894	26917	25955	16684	15415
PHOX2B_sg621	PHOX2B	8880	8189	13139	12478	7999	7443
PHOX2B_sg622	PHOX2B	9051	8536	13186	13134	8388	7903
PHOX2B_sg623	PHOX2B	12186	11103	17604	18037	10903	10303
PHOX2B_sg624	PHOX2B	11379	10252	16539	16151	10270	9525
PHOX2B_sg625	PHOX2B	12742	12188	18536	18097	11762	10855
PHOX2B_sg626	PHOX2B	15352	14118	22678	21913	13936	12743
PHOX2B_sg627	PHOX2B	11148	10384	16441	16202	10194	9144
PHOX2B_sg628	PHOX2B	14721	13939	21461	21209	13217	12808
PHOX2B_sg629	PHOX2B	10742	9974	15571	14982	9834	9040
PHOX2B_sg630	PHOX2B	13323	12044	18943	18974	12004	11045
POLR1B_sg631	POLR1B	12440	11243	17707	17018	11393	10148
POLR1B_sg632	POLR1B	14931	13867	21619	21783	13350	12266
POLR1B_sg633	POLR1B	12940	12034	19543	19861	12212	11136
POLR1B_sg634	POLR1B	12964	11783	18283	19002	11499	10655
POLR1B_sg635	POLR1B	14089	12906	19882	19523	12568	11814
POLR1B_sg636	POLR1B	14019	12918	19865	19271	12706	11705
POLR1B_sg637	POLR1B	15588	14532	22444	21817	14300	13001
POLR1B_sg638	POLR1B	13547	12376	19740	19022	12643	11313
POLR1B_sg639	POLR1B	21738	20456	31782	30025	20203	18405
POLR1B_sg640	POLR1B	15138	14108	23114	22287	14318	13242
POLR2C_sg641	POLR2C	15048	13960	21729	21987	13533	12626
POLR2C_sg642	POLR2C	18142	16867	26127	26097	16620	15549
POLR2C_sg643	POLR2C	11438	10573	16582	15799	10568	9526
POLR2C_sg644	POLR2C	19966	18517	29490	29264	18554	16821
POLR2C_sg645	POLR2C	16535	15390	23889	23053	15153	13836
POLR2C_sg646	POLR2C	17813	16340	26151	25114	16308	14835
POLR2C_sg647	POLR2C	11836	11122	17338	17092	10778	10083
POLR2C_sg648	POLR2C	21054	19798	30839	30326	19098	17830
POLR2C_sg649	POLR2C	12688	11675	18117	17870	11043	10382
POLR2C_sg650	POLR2C	15741	14391	22661	21751	14468	13320
POLR3K_sg651	POLR3K	7229	6572	10119	9526	6321	5614
POLR3K_sg652	POLR3K	16397	15432	24203	23289	14904	13381
POLR3K_sg653	POLR3K	17114	15808	25003	24060	15536	14245
POLR3K_sg654	POLR3K	12197	11618	17456	16672	11121	9849
POLR3K_sg655	POLR3K	16690	15413	24048	24483	14650	13367
POLR3K_sg656	POLR3K	17902	16777	26440	24496	16587	15095
POLR3K_sg657	POLR3K	18046	16828	25749	25444	15834	14666
POLR3K_sg658	POLR3K	20445	18835	29713	28733	18057	16413
POLR3K_sg659	POLR3K	25038	23763	36776	34936	22384	20388
POLR3K_sg660	POLR3K	8878	8176	13177	12641	8017	7220
PPY_sg661	PPY	11779	10726	17435	16600	10821	9899
PPY_sg662	PPY	12654	11941	19063	18379	11846	11145
PPY_sg663	PPY	7351	6729	10439	10593	6580	6162
PPY_sg664	PPY	19187	17791	28414	28454	17604	15818
PPY_sg665	PPY	10262	9261	15062	14386	9152	8470
PPY_sg666	PPY	8820	8185	12828	12350	8119	7382
PPY_sg667	PPY	13371	12724	19682	19025	12124	11162
PPY_sg668	PPY	21232	19782	30624	30013	19505	17999
PPY_sg669	PPY	12787	11886	18564	17954	11715	11034
PPY_sg670	PPY	14388	13136	21180	21639	13171	11688
PRDM13_sg671	PRDM13	10469	9645	15307	15302	9416	8663
PRDM13_sg672	PRDM13	10547	10022	15700	14906	9997	9002
PRDM13_sg673	PRDM13	1491	1315	2137	2576	1146	1089
PRDM13_sg674	PRDM13	14702	13494	21349	20589	13360	12480
PRDM13_sg675	PRDM13	20500	18943	29820	27593	18939	17286
PRDM13_sg676	PRDM13	15754	14452	22887	23231	14195	13079
PRDM13_sg677	PRDM13	19034	18094	28113	27529	17614	16107
PRDM13_sg678	PRDM13	12860	11734	18964	19034	11587	10449
PRDM13_sg679	PRDM13	11583	10689	16918	16374	10585	9986
PRDM13_sg680	PRDM13	11183	10534	16569	16151	10179	9495
PRPH2_sg681	PRPH2	24972	22794	36457	35902	22953	21136
PRPH2_sg682	PRPH2	12682	11470	18224	17413	11398	10628
PRPH2_sg683	PRPH2	15567	14487	23007	21708	14486	13177
PRPH2_sg684	PRPH2	15690	14460	22577	21589	14432	13097
PRPH2_sg685	PRPH2	14077	12930	20585	19661	12751	11976
PRPH2_sg686	PRPH2	7634	6992	10952	11024	6881	6453
PRPH2_sg687	PRPH2	10042	9266	14408	13047	9098	8578
PRPH2_sg688	PRPH2	1	1	1	1	1	1
PRPH2_sg689	PRPH2	22343	20773	32806	30714	20754	18823
PRPH2_sg690	PRPH2	18101	17016	25925	26392	16075	15424
PSMB1_sg691	PSMB1	14210	13551	20868	19589	12148	10592
PSMB1_sg692	PSMB1	11529	10598	16930	16513	9447	8209
PSMB1_sg693	PSMB1	8399	7973	12423	11905	7261	6445
PSMB1_sg694	PSMB1	15460	14710	23214	22566	14158	13023
PSMB1_sg695	PSMB1	22513	20719	32886	31183	19292	17383
PSMB1_sg696	PSMB1	24464	23189	35316	33868	21120	18698
PSMB1_sg697	PSMB1	9569	8574	13495	13116	8389	7331
PSMB1_sg698	PSMB1	11534	10680	16659	16162	9537	8589
PSMB1_sg699	PSMB1	14897	13734	21362	21234	12616	11421
PSMB1_sg700	PSMB1	7407	6655	10417	9836	6276	5767
PSMC1_sg701	PSMC1	17181	14592	22293	21748	13965	12291
PSMC1_sg702	PSMC1	19363	18047	28019	28600	17042	15132
PSMC1_sg703	PSMC1	13026	12091	18551	18654	11505	10519
PSMC1_sg704	PSMC1	8861	8294	13238	13629	8085	7252
PSMC1_sg705	PSMC1	12509	11591	18702	17869	11423	10016
PSMC1_sg706	PSMC1	9582	8942	13846	13363	8910	8020
PSMC1_sg707	PSMC1	11776	10866	17143	16419	10671	9772
PSMC1_sg708	PSMC1	23930	22364	34774	35410	21124	19433
PSMC1_sg709	PSMC1	14183	13135	19803	20030	12323	11442
PSMC1_sg710	PSMC1	22006	20250	31954	30207	20178	18428
PSMC3_sg711	PSMC3	10066	9553	15228	14485	9249	8564
PSMC3_sg712	PSMC3	14765	13623	21325	20373	12966	11927
PSMC3_sg713	PSMC3	17506	15833	25488	24807	14592	12698
PSMC3_sg714	PSMC3	11746	11097	17481	17188	9760	9093
PSMC3_sg715	PSMC3	13498	12629	19478	20114	12127	10789
PSMC3_sg716	PSMC3	13259	12462	19547	19200	11885	10493
PSMC3_sg717	PSMC3	14621	13643	21473	19600	12990	11761
PSMC3_sg718	PSMC3	11902	11187	16944	16470	10283	9285
PSMC3_sg719	PSMC3	13671	12589	19746	20480	12174	11022
PSMC3_sg720	PSMC3	25400	23938	36559	36059	23033	21368
PSMC5_sg721	PSMC5	16524	15276	23592	23867	13835	12478
PSMC5_sg722	PSMC5	11178	10284	16156	15610	8948	8225
PSMC5_sg723	PSMC5	12345	11260	17266	16463	10734	9850
PSMC5_sg724	PSMC5	12550	11615	18058	17223	10748	9711
PSMC5_sg725	PSMC5	8316	7717	12173	11728	7356	6510
PSMC5_sg726	PSMC5	11271	10345	16303	15790	9357	8180
PSMC5_sg727	PSMC5	12115	11583	17591	17058	10665	9777
PSMC5_sg728	PSMC5	25943	24084	37494	37678	22469	20137
PSMC5_sg729	PSMC5	8442	7848	11954	11371	7040	6560
PSMC5_sg730	PSMC5	11946	11115	16958	16314	10904	9937
PSMD4_sg731	PSMD4	17749	16068	25633	24926	16042	14213
PSMD4_sg732	PSMD4	14917	13950	21866	21206	13630	12671
PSMD4_sg733	PSMD4	9246	8700	13420	12551	8503	7796
PSMD4_sg734	PSMD4	16001	15304	23755	24919	14987	13691
PSMD4_sg735	PSMD4	15141	14102	21944	22696	13630	12872
PSMD4_sg736	PSMD4	12702	11845	18602	18074	11497	10679
PSMD4_sg737	PSMD4	13487	12584	19829	18920	12603	11572
PSMD4_sg738	PSMD4	25355	23798	35779	35678	22855	21333
PSMD4_sg739	PSMD4	17138	15919	24639	23440	15841	14253
PSMD4_sg740	PSMD4	17875	16944	25882	26150	16103	14994
RBFOX3_sg741	RBFOX3	18213	17248	27149	27195	16746	15388
RBFOX3_sg742	RBFOX3	22402	20707	33019	32456	20502	18383
RBFOX3_sg743	RBFOX3	16913	15395	24164	23576	15519	13952
RBFOX3_sg744	RBFOX3	14285	13625	21139	20195	13441	11933
RBFOX3_sg745	RBFOX3	13721	12814	19866	18984	12626	11349
RBFOX3_sg746	RBFOX3	12517	11668	18361	17715	11544	10770
RBFOX3_sg747	RBFOX3	13768	12870	19882	18912	12599	11670
RBFOX3_sg748	RBFOX3	12432	11712	18133	17044	11498	10595
RBFOX3_sg749	RBFOX3	10623	9728	15197	14860	9769	8790
RBFOX3_sg750	RBFOX3	9748	9311	14435	14157	9108	8341
SALL4_sg751	SALL4	16973	15870	24247	23262	15199	14174
SALL4_sg752	SALL4	10688	10076	16040	16102	9815	9167
SALL4_sg753	SALL4	14389	13466	21352	20444	13315	12254
SALL4_sg754	SALL4	12845	12306	18965	16947	11687	10946
SALL4_sg755	SALL4	11508	10507	16779	17231	10438	9568
SALL4_sg756	SALL4	17134	16048	26009	25446	16147	14648
SALL4_sg757	SALL4	11645	11026	16625	16530	10729	9802
SALL4_sg758	SALL4	7889	7516	11470	11408	6964	6745
SALL4_sg759	SALL4	11564	10494	16770	15364	10412	9500
SALL4_sg760	SALL4	14786	13606	21436	21672	13433	12279
SATB2_sg761	SATB2	10673	10119	15495	14863	9580	8930
SATB2_sg762	SATB2	13987	13307	20825	20228	12977	11934
SATB2_sg763	SATB2	19505	18120	28510	27074	18044	16428
SATB2_sg764	SATB2	26125	24297	38563	35583	23903	22227
SATB2_sg765	SATB2	9832	9133	14508	14450	9031	8196
SATB2_sg766	SATB2	14337	13096	20486	19923	12873	11908
SATB2_sg767	SATB2	23281	22006	34186	33794	21007	19631
SATB2_sg768	SATB2	17440	16611	25017	25273	15845	14829
SATB2_sg769	SATB2	11364	10667	16310	16275	10368	9753
SATB2_sg770	SATB2	13530	12709	19597	19217	12305	11288
SEL1L2_sg771	SEL1L2	27866	26056	39759	37479	25234	22943
SEL1L2_sg772	SEL1L2	30392	28267	43561	41931	27965	25669
SEL1L2_sg773	SEL1L2	13869	12696	20497	19611	12657	11660
SEL1L2_sg774	SEL1L2	15833	14895	23497	22797	14344	13368
SEL1L2_sg775	SEL1L2	16573	15125	24130	24126	15092	13790
SEL1L2_sg776	SEL1L2	26110	24638	38195	38050	24365	22226
SEL1L2_sg777	SEL1L2	22566	21231	32480	31080	20903	19099
SEL1L2_sg778	SEL1L2	48	37	117	118	12	28
SEL1L2_sg779	SEL1L2	17886	16644	26662	25943	16913	15242
SEL1L2_sg780	SEL1L2	14750	13801	21953	21796	13849	12277
SHANK1_sg781	SHANK1	12829	11875	18518	17941	11748	10773
SHANK1_sg782	SHANK1	12837	11783	18515	18257	11402	10481
SHANK1_sg783	SHANK1	8594	8045	12392	12153	7680	7251
SHANK1_sg784	SHANK1	18078	16766	26493	27218	16660	15300
SHANK1_sg785	SHANK1	11289	10795	16809	16560	10672	9792
SHANK1_sg786	SHANK1	13818	13115	20030	19666	12553	11579
SHANK1_sg787	SHANK1	11130	10314	15762	14940	9979	9108
SHANK1_sg788	SHANK1	12766	11951	18370	17547	11790	10810
SHANK1_sg789	SHANK1	14558	13558	21816	21508	13632	12363
SHANK1_sg790	SHANK1	20556	19297	30214	28912	18814	17135
SLC22A16_sg791	SLC22A16	23201	21539	33736	31766	21130	19614
SLC22A16_sg792	SLC22A16	11737	10629	17266	16336	10873	10188
SLC22A16_sg793	SLC22A16	11076	10157	15872	15351	10103	9192
SLC22A16_sg794	SLC22A16	17193	15597	24066	23628	15108	14389
SLC22A16_sg795	SLC22A16	17504	15897	25351	25421	16187	14689
SLC22A16_sg796	SLC22A16	13106	11772	18951	18433	11934	10659
SLC22A16_sg797	SLC22A16	20398	19220	29658	29285	18944	17371
SLC22A16_sg798	SLC22A16	23192	21385	34174	34146	21639	19657
SLC22A16_sg799	SLC22A16	19602	18572	28152	28919	17850	16625
SLC22A16_sg800	SLC22A16	16968	15476	24657	23897	15285	14459
SNX1_sg801	SNX1	20201	18702	29121	28804	18167	16966
SNX1_sg802	SNX1	18267	17319	27288	25816	16798	15459
SNX1_sg803	SNX1	14111	13407	20553	20297	12680	11943
SNX1_sg804	SNX1	25101	23410	36709	37404	22669	21176
SNX1_sg805	SNX1	15296	13876	22547	21977	14016	12773
SNX1_sg806	SNX1	13391	12379	19194	18855	12209	11276
SNX1_sg807	SNX1	17171	15458	24571	23397	15476	13974
SNX1_sg808	SNX1	16461	14978	23869	23558	14993	13670
SNX1_sg809	SNX1	18610	17216	26867	27278	16864	15263
SNX1_sg810	SNX1	23136	21584	33902	33474	21056	19300
SULT1E1_sg811	SULT1E1	18849	17656	27334	27523	16910	15766
SULT1E1_sg812	SULT1E1	21	1	68	53	22	1
SULT1E1_sg813	SULT1E1	21135	19963	30691	30407	19792	18213
SULT1E1_sg814	SULT1E1	7864	7132	11710	10977	7213	6726
SULT1E1_sg815	SULT1E1	17865	16534	26429	26677	16211	15075
SULT1E1_sg816	SULT1E1	30071	27905	43146	43365	27254	25056
SULT1E1_sg817	SULT1E1	27210	25554	39525	39221	24869	22776
SULT1E1_sg818	SULT1E1	10552	9640	15575	14977	9502	8846
SULT1E1_sg819	SULT1E1	23850	21845	34641	33435	21563	19587
SULT1E1_sg820	SULT1E1	17462	16649	25507	24614	16593	14937
SUMO1_sg821	SUMO1	18381	17368	27131	26782	16852	15591
SUMO1_sg822	SUMO1	12510	11814	18256	17108	11496	10511
SUMO1_sg823	SUMO1	17231	16020	24923	24672	16207	14554
SUMO1_sg824	SUMO1	18803	17280	27246	27344	16959	15685
SUMO1_sg825	SUMO1	17464	16260	25127	26194	15699	14730
SUMO1_sg826	SUMO1	17585	17072	26154	25722	16377	14965
SUMO1_sg827	SUMO1	22519	21128	33213	31412	20419	19096
SUMO1_sg828	SUMO1	4763	4265	6811	6454	4236	3920
SUMO1_sg829	SUMO1	18677	17795	27258	27117	17172	15937
SUMO1_sg830	SUMO1	32849	30891	47591	47848	29901	27718
TCL1_sg831	TCL1	12653	11698	18483	18176	11621	10535
TCL1_sg832	TCL1	14559	13282	20782	20188	13183	11980
TCL1_sg833	TCL1	23193	21819	33874	34234	21131	19226
TCL1_sg834	TCL1	7109	6823	10820	10787	6623	6063
TCL1_sg835	TCL1	21769	20829	32633	31631	20747	19018
TCL1_sg836	TCL1	10360	9685	15290	14270	9248	8680
TCL1_sg837	TCL1	14502	13680	21481	21645	13771	12726
TCL1_sg838	TCL1	17395	16319	24948	23478	15933	14459
TCL1_sg839	TCL1	23711	22230	34559	35229	21727	20038
TCL1_sg840	TCL1	9265	8788	13329	13739	8601	8053
TH_sg841	TH	13010	11885	18841	19453	11615	10690
TH_sg842	TH	13442	12661	19573	19939	12304	11507
TH_sg843	TH	8811	8332	12641	12025	8108	7197
TH_sg844	TH	14277	13084	20539	19670	13312	12002
TH_sg845	TH	17332	16277	24788	24205	15397	14396
TH_sg846	TH	17242	16056	24787	23764	15704	14511
TH_sg847	TH	18167	16505	26953	25333	16456	15283
TH_sg848	TH	22247	20658	32656	32116	20150	18796
TH_sg849	TH	16812	15303	24420	23709	15088	14002
TH_sg850	TH	24787	23047	35964	35303	22624	21022
TIAM1_sg851	TIAM1	11337	10486	16015	16045	10019	9543
TIAM1_sg852	TIAM1	2e4	18651	28864	28565	17855	16998
TIAM1_sg853	TIAM1	13446	12681	19386	19451	12095	11148
TIAM1_sg854	TIAM1	12419	11479	18425	17620	11742	10809
TIAM1_sg855	TIAM1	10417	10008	15622	15506	9713	9065
TIAM1_sg856	TIAM1	10442	9427	14720	15032	9280	8451
TIAM1_sg857	TIAM1	9612	8970	13836	13735	8861	8032
TIAM1_sg858	TIAM1	20132	18953	29838	28708	18703	17143
TIAM1_sg859	TIAM1	19809	18436	29002	29185	18172	16782
TIAM1_sg860	TIAM1	14882	14001	21611	20711	13677	12596
TMPRSS11E_sg861	TMPRSS11E	14129	13591	20684	19610	13206	12169
TMPRSS11E_sg862	TMPRSS11E	12735	11525	18745	17940	11373	10624
TMPRSS11E_sg863	TMPRSS11E	11134	10327	16502	15505	10374	9411
TMPRSS11E_sg864	TMPRSS11E	16918	15509	24151	23428	15454	14181
TMPRSS11E_sg865	TMPRSS11E	20069	18275	28878	28607	18289	16641
TMPRSS11E_sg866	TMPRSS11E	12020	11195	17818	16842	11174	10032
TMPRSS11E_sg867	TMPRSS11E	1	1	1	1	1	1
TMPRSS11E_sg868	TMPRSS11E	17951	16755	26266	26312	16427	15247
TMPRSS11E_sg869	TMPRSS11E	13268	12357	19589	18717	12336	11305
TMPRSS11E_sg870	TMPRSS11E	13076	11924	18357	18261	11615	10894
TRRAP_sg871	TRRAP	12343	11514	18209	17628	11204	10326
TRRAP_sg872	TRRAP	10894	10078	15784	16368	10084	9282
TRRAP_sg873	TRRAP	8332	7854	12104	12210	7526	6835
TRRAP_sg874	TRRAP	23360	21794	33157	33016	20772	19513
TRRAP_sg875	TRRAP	16150	15141	23803	22721	15005	13473
TRRAP_sg876	TRRAP	21649	20075	31120	29393	19446	17906
TRRAP_sg877	TRRAP	17039	15767	24063	25709	15411	14149
TRRAP_sg878	TRRAP	18913	17066	26910	28115	16973	15709
TRRAP_sg879	TRRAP	9473	8617	13650	13774	8237	7901
TRRAP_sg880	TRRAP	13955	13511	20200	19834	12850	11815
ULBP1_sg881	ULBP1	16192	15142	23530	23152	14927	13760
ULBP1_sg882	ULBP1	15339	14557	22849	21904	14119	13252
ULBP1_sg883	ULBP1	18336	17138	26192	24625	16795	15147
ULBP1_sg884	ULBP1	1	1	1	1	1	1
ULBP1_sg885	ULBP1	38095	35923	56806	54147	35657	32357
ULBP1_sg886	ULBP1	17087	15596	24642	23567	15303	14375
ULBP1_sg887	ULBP1	34812	32878	50751	50010	31530	29368
ULBP1_sg888	ULBP1	9401	8715	13614	12999	8644	8171
ULBP1_sg889	ULBP1	15464	14438	22863	22387	14223	13050
ULBP1_sg890	ULBP1	22988	21398	33052	33465	20546	19130
VSX1_sg891	VSX1	11409	10444	16751	16040	10434	9413
VSX1_sg892	VSX1	12544	11915	17993	16681	11302	10588
VSX1_sg893	VSX1	13649	12747	20068	19242	12553	11641
VSX1_sg894	VSX1	13036	12273	19258	18473	12181	11159
VSX1_sg895	VSX1	17667	16253	25569	24790	15910	14850
VSX1_sg896	VSX1	25033	23155	36463	35826	22686	20956
VSX1_sg897	VSX1	14003	13057	20255	20614	12630	11657
VSX1_sg898	VSX1	8712	7991	12825	13057	7949	7431
VSX1_sg899	VSX1	9061	8172	12993	12378	8230	7460
VSX1_sg900	VSX1	7689	7107	11171	11085	6955	6374
