	Gene	Condition	sgRNA	replicate	counts
0	ACSM3	Neuron	0	r1	-0.08219678531221773
900	ACSM3	Neuron	0	r2	-0.12855662411154206
1	ACSM3	Neuron	1	r1	-0.034322877150505283
901	ACSM3	Neuron	1	r2	-0.10692523247967338
2	ACSM3	Neuron	2	r1	-0.049688754825109656
902	ACSM3	Neuron	2	r2	-0.1288992017013785
3	ACSM3	Neuron	3	r1	-0.034029347087999984
903	ACSM3	Neuron	3	r2	-0.10995841198457702
4	ACSM3	Neuron	4	r1	-0.0741479828766009
904	ACSM3	Neuron	4	r2	-0.11438198090789371
5	ACSM3	Neuron	5	r1	-0.05040079135329614
905	ACSM3	Neuron	5	r2	-0.1444974539142064
6	ACSM3	Neuron	6	r1	-0.05110869810748045
906	ACSM3	Neuron	6	r2	-0.13089274862962702
7	ACSM3	Neuron	7	r1	-0.060975029860962676
907	ACSM3	Neuron	7	r2	-0.1395554435617931
8	ACSM3	Neuron	8	r1	-0.06875928586109051
908	ACSM3	Neuron	8	r2	-0.16614801502228366
9	ACSM3	Neuron	9	r1	-0.05668066237098546
909	ACSM3	Neuron	9	r2	-0.13307008319654332
10	ANAPC4	Neuron	10	r1	-0.07704595799817916
910	ANAPC4	Neuron	10	r2	-0.14899113663316468
11	ANAPC4	Neuron	11	r1	-0.07519842726291938
911	ANAPC4	Neuron	11	r2	-0.15233686772539556
12	ANAPC4	Neuron	12	r1	-0.06566844839197548
912	ANAPC4	Neuron	12	r2	-0.14853931149661492
13	ANAPC4	Neuron	13	r1	-0.03589915357735295
913	ANAPC4	Neuron	13	r2	-0.13893817125244431
14	ANAPC4	Neuron	14	r1	-0.05841767011818586
914	ANAPC4	Neuron	14	r2	-0.10610454702899906
15	ANAPC4	Neuron	15	r1	-0.06680186087559915
915	ANAPC4	Neuron	15	r2	-0.15861283197963527
16	ANAPC4	Neuron	16	r1	-0.06741857604599234
916	ANAPC4	Neuron	16	r2	-0.12481365904177263
17	ANAPC4	Neuron	17	r1	-0.061845185891419525
917	ANAPC4	Neuron	17	r2	-0.11880293524458223
18	ANAPC4	Neuron	18	r1	-0.0253315845242202
918	ANAPC4	Neuron	18	r2	-0.1112080770501087
19	ANAPC4	Neuron	19	r1	-0.07443774919079361
919	ANAPC4	Neuron	19	r2	-0.1478731290772671
20	ANXA7	Neuron	20	r1	-0.04314264815409519
920	ANXA7	Neuron	20	r2	-0.13034460262480596
21	ANXA7	Neuron	21	r1	-0.050969600957988616
921	ANXA7	Neuron	21	r2	-0.13883164836415013
22	ANXA7	Neuron	22	r1	-0.018420528786814612
922	ANXA7	Neuron	22	r2	-0.12700051026181366
23	ANXA7	Neuron	23	r1	-0.04305698280527755
923	ANXA7	Neuron	23	r2	-0.14683162811154607
24	ANXA7	Neuron	24	r1	-0.03572112558883158
924	ANXA7	Neuron	24	r2	-0.11611079446402131
25	ANXA7	Neuron	25	r1	-0.05837645831009244
925	ANXA7	Neuron	25	r2	-0.11298764303943766
26	ANXA7	Neuron	26	r1	-0.0614818537891288
926	ANXA7	Neuron	26	r2	-0.1328027667750166
27	ANXA7	Neuron	27	r1	-0.05544661671968197
927	ANXA7	Neuron	27	r2	-0.11667665094134574
28	ANXA7	Neuron	28	r1	-0.06320162254272965
928	ANXA7	Neuron	28	r2	-0.1555102993432979
29	ANXA7	Neuron	29	r1	-0.05112345805767458
929	ANXA7	Neuron	29	r2	-0.1360561751546882
30	APOH	Neuron	30	r1	-0.02170273644549432
930	APOH	Neuron	30	r2	-0.1320417369148926
31	APOH	Neuron	31	r1	-0.0631248679585464
931	APOH	Neuron	31	r2	-0.14152644410797022
32	APOH	Neuron	32	r1	-0.08083805426413071
932	APOH	Neuron	32	r2	-0.13820274298671834
33	APOH	Neuron	33	r1	-0.07189211950525023
933	APOH	Neuron	33	r2	-0.1310061019871281
34	APOH	Neuron	34	r1	-0.06914149194501222
934	APOH	Neuron	34	r2	-0.14967824950043954
35	APOH	Neuron	35	r1	-0.045010140357539204
935	APOH	Neuron	35	r2	-0.1474722879004478
36	APOH	Neuron	36	r1	-0.044566194806943425
936	APOH	Neuron	36	r2	-0.14843305820798638
37	APOH	Neuron	37	r1	-0.06784077936127347
937	APOH	Neuron	37	r2	-0.1239744311358026
38	APOH	Neuron	38	r1	-0.04907584980169175
938	APOH	Neuron	38	r2	-0.13459118406643628
39	APOH	Neuron	39	r1	-0.047555178816762
939	APOH	Neuron	39	r2	-0.1469343869163502
40	ARHGAP44	Neuron	40	r1	-0.06035267330367698
940	ARHGAP44	Neuron	40	r2	-0.12396712229786995
41	ARHGAP44	Neuron	41	r1	-0.05751486684732108
941	ARHGAP44	Neuron	41	r2	-0.12842154331767539
42	ARHGAP44	Neuron	42	r1	-0.05114933009044755
942	ARHGAP44	Neuron	42	r2	-0.15036651608943724
43	ARHGAP44	Neuron	43	r1	-0.05273188095619751
943	ARHGAP44	Neuron	43	r2	-0.10287233323453458
44	ARHGAP44	Neuron	44	r1	-0.05699798067004673
944	ARHGAP44	Neuron	44	r2	-0.12436791428386759
45	ARHGAP44	Neuron	45	r1	-0.07365982946974664
945	ARHGAP44	Neuron	45	r2	-0.15663937075896617
46	ARHGAP44	Neuron	46	r1	-0.06520864962531352
946	ARHGAP44	Neuron	46	r2	-0.13348331454571336
47	ARHGAP44	Neuron	47	r1	-0.05948515758483482
947	ARHGAP44	Neuron	47	r2	-0.14972987352987913
48	ARHGAP44	Neuron	48	r1	-0.05484091569958613
948	ARHGAP44	Neuron	48	r2	-0.14684773408561547
49	ARHGAP44	Neuron	49	r1	-0.05608381249858691
949	ARHGAP44	Neuron	49	r2	-0.15837382497640082
50	ARHGEF4	Neuron	50	r1	-0.043641705911919265
950	ARHGEF4	Neuron	50	r2	-0.11603939887331244
51	ARHGEF4	Neuron	51	r1	-0.04567046127555065
951	ARHGEF4	Neuron	51	r2	-0.16616681526919239
52	ARHGEF4	Neuron	52	r1	-0.030407691419787615
952	ARHGEF4	Neuron	52	r2	-0.11553517513498032
53	ARHGEF4	Neuron	53	r1	-0.04495745643839026
953	ARHGEF4	Neuron	53	r2	-0.1413506169764705
54	ARHGEF4	Neuron	54	r1	-0.05004430389590774
954	ARHGEF4	Neuron	54	r2	-0.146120964118808
55	ARHGEF4	Neuron	55	r1	-0.049049735877573414
955	ARHGEF4	Neuron	55	r2	-0.14382267684296013
56	ARHGEF4	Neuron	56	r1	-0.04909174369446812
956	ARHGEF4	Neuron	56	r2	-0.12276129561538109
57	ARHGEF4	Neuron	57	r1	-0.07156272720358985
957	ARHGEF4	Neuron	57	r2	-0.15246716067259833
58	ARHGEF4	Neuron	58	r1	-0.029420916154931327
958	ARHGEF4	Neuron	58	r2	-0.13158171089285056
59	ARHGEF4	Neuron	59	r1	-0.0504220682492743
959	ARHGEF4	Neuron	59	r2	-0.1477170675234281
60	ATG5	Neuron	60	r1	-0.04392308161746775
960	ATG5	Neuron	60	r2	-0.11140012059827624
61	ATG5	Neuron	61	r1	-0.032407656879794945
961	ATG5	Neuron	61	r2	-0.1418690933128554
62	ATG5	Neuron	62	r1	-0.07993608081412953
962	ATG5	Neuron	62	r2	-0.13780346313467823
63	ATG5	Neuron	63	r1	-0.058685582688234504
963	ATG5	Neuron	63	r2	-0.11202422814324856
64	ATG5	Neuron	64	r1	-0.06586177749797605
964	ATG5	Neuron	64	r2	-0.13920970778335084
65	ATG5	Neuron	65	r1	-0.06243099925883633
965	ATG5	Neuron	65	r2	-0.131427440574311
66	ATG5	Neuron	66	r1	-0.05168363284286306
966	ATG5	Neuron	66	r2	-0.15433536121687144
67	ATG5	Neuron	67	r1	-0.08253318101844839
967	ATG5	Neuron	67	r2	-0.11059179934111128
68	ATG5	Neuron	68	r1	-0.05388468652593982
968	ATG5	Neuron	68	r2	-0.14591455815955542
69	ATG5	Neuron	69	r1	-0.07792293457434774
969	ATG5	Neuron	69	r2	-0.12500581520686324
70	B4GALT6	Neuron	70	r1	-0.06132668914885933
970	B4GALT6	Neuron	70	r2	-0.13366146828538195
71	B4GALT6	Neuron	71	r1	-0.03591217390878435
971	B4GALT6	Neuron	71	r2	-0.11995831844213009
72	B4GALT6	Neuron	72	r1	-0.03044538719718093
972	B4GALT6	Neuron	72	r2	-0.11510546923142732
73	B4GALT6	Neuron	73	r1	-0.06790433727206514
973	B4GALT6	Neuron	73	r2	-0.13947320042183456
74	B4GALT6	Neuron	74	r1	-0.039587193880631456
974	B4GALT6	Neuron	74	r2	-0.12801459935960344
75	B4GALT6	Neuron	75	r1	-0.05398437316862055
975	B4GALT6	Neuron	75	r2	-0.1437868901066883
76	B4GALT6	Neuron	76	r1	-0.05336678282341138
976	B4GALT6	Neuron	76	r2	-0.14637039232691998
77	B4GALT6	Neuron	77	r1	-0.04949538281643085
977	B4GALT6	Neuron	77	r2	-0.1427484207295367
78	B4GALT6	Neuron	78	r1	0.0
978	B4GALT6	Neuron	78	r2	0.0
79	B4GALT6	Neuron	79	r1	-0.09726495452755933
979	B4GALT6	Neuron	79	r2	-0.15442336836750795
80	BCL11B	Neuron	80	r1	-0.06172623625869214
980	BCL11B	Neuron	80	r2	-0.13711863793282605
81	BCL11B	Neuron	81	r1	-0.05014978368547156
981	BCL11B	Neuron	81	r2	-0.1505701410917621
82	BCL11B	Neuron	82	r1	-0.023268586139679914
982	BCL11B	Neuron	82	r2	-0.12749641925790298
83	BCL11B	Neuron	83	r1	-0.037476504619477394
983	BCL11B	Neuron	83	r2	-0.13363565812629052
84	BCL11B	Neuron	84	r1	-0.0710071843864273
984	BCL11B	Neuron	84	r2	-0.13728460681295607
85	BCL11B	Neuron	85	r1	-0.0472871076089277
985	BCL11B	Neuron	85	r2	-0.12619172212713198
86	BCL11B	Neuron	86	r1	-0.05113214822575958
986	BCL11B	Neuron	86	r2	-0.1147966853140907
87	BCL11B	Neuron	87	r1	-0.03178763276843212
987	BCL11B	Neuron	87	r2	-0.14133840173926318
88	BCL11B	Neuron	88	r1	-0.056375408238459046
988	BCL11B	Neuron	88	r2	-0.1602038655498277
89	BCL11B	Neuron	89	r1	-0.04450631348048376
989	BCL11B	Neuron	89	r2	-0.13250327507933002
90	BCR	Neuron	90	r1	-0.07244969291291381
990	BCR	Neuron	90	r2	-0.15348189531813095
91	BCR	Neuron	91	r1	-0.049086370795035375
991	BCR	Neuron	91	r2	-0.14100316219388667
92	BCR	Neuron	92	r1	-0.049701635640912525
992	BCR	Neuron	92	r2	-0.13979062010039936
93	BCR	Neuron	93	r1	-0.039307754553956756
993	BCR	Neuron	93	r2	-0.11914392394309206
94	BCR	Neuron	94	r1	-0.03927129495901652
994	BCR	Neuron	94	r2	-0.13392012806210507
95	BCR	Neuron	95	r1	-0.07999378100237507
995	BCR	Neuron	95	r2	-0.1398683661510646
96	BCR	Neuron	96	r1	-0.049123467594005425
996	BCR	Neuron	96	r2	-0.10402272281616642
97	BCR	Neuron	97	r1	-0.07761282955652316
997	BCR	Neuron	97	r2	-0.13307817248774798
98	BCR	Neuron	98	r1	-0.0451701534063275
998	BCR	Neuron	98	r2	-0.1497170757533239
99	BCR	Neuron	99	r1	-0.05942833077669805
999	BCR	Neuron	99	r2	-0.15338104200005206
100	C2CD2L	Neuron	100	r1	-0.05558536597534336
1000	C2CD2L	Neuron	100	r2	-0.13927722548879612
101	C2CD2L	Neuron	101	r1	-0.05001896395826848
1001	C2CD2L	Neuron	101	r2	-0.1168552925033106
102	C2CD2L	Neuron	102	r1	-0.03987239124737735
1002	C2CD2L	Neuron	102	r2	-0.14241203056356222
103	C2CD2L	Neuron	103	r1	-0.06059368510435175
1003	C2CD2L	Neuron	103	r2	-0.1571434571714374
104	C2CD2L	Neuron	104	r1	-0.0499129126249777
1004	C2CD2L	Neuron	104	r2	-0.1411056307664963
105	C2CD2L	Neuron	105	r1	-0.04889479594528792
1005	C2CD2L	Neuron	105	r2	-0.15481808470891897
106	C2CD2L	Neuron	106	r1	-0.07594358351964103
1006	C2CD2L	Neuron	106	r2	-0.11837450666197478
107	C2CD2L	Neuron	107	r1	-0.0687417514636187
1007	C2CD2L	Neuron	107	r2	-0.14316414734597538
108	C2CD2L	Neuron	108	r1	-0.04902374251778113
1008	C2CD2L	Neuron	108	r2	-0.12099953026033324
109	C2CD2L	Neuron	109	r1	-0.04974267906941925
1009	C2CD2L	Neuron	109	r2	-0.14581132328432692
110	CAV2	Neuron	110	r1	-0.06422060665388897
1010	CAV2	Neuron	110	r2	-0.13907325535617673
111	CAV2	Neuron	111	r1	-0.05325592802441355
1011	CAV2	Neuron	111	r2	-0.12872787370316502
112	CAV2	Neuron	112	r1	-0.05210536576276779
1012	CAV2	Neuron	112	r2	-0.13130675053452082
113	CAV2	Neuron	113	r1	-0.051771975970869404
1013	CAV2	Neuron	113	r2	-0.1438689494034558
114	CAV2	Neuron	114	r1	-0.04773856264455718
1014	CAV2	Neuron	114	r2	-0.1314048939353176
115	CAV2	Neuron	115	r1	-0.052527337997095365
1015	CAV2	Neuron	115	r2	-0.13091731155751632
116	CAV2	Neuron	116	r1	-0.08539055856914053
1016	CAV2	Neuron	116	r2	-0.23037635922420976
117	CAV2	Neuron	117	r1	-0.060701062727647734
1017	CAV2	Neuron	117	r2	-0.12424376190515206
118	CAV2	Neuron	118	r1	-0.07943724533190775
1018	CAV2	Neuron	118	r2	-0.14336015032089397
119	CAV2	Neuron	119	r1	-0.05889791434565029
1019	CAV2	Neuron	119	r2	-0.1266423801014889
120	CDC123	Neuron	120	r1	-0.054329906793436016
1020	CDC123	Neuron	120	r2	-0.14411829195481737
121	CDC123	Neuron	121	r1	-0.06686105892426578
1021	CDC123	Neuron	121	r2	-0.1307552379317872
122	CDC123	Neuron	122	r1	-0.05213785682591426
1022	CDC123	Neuron	122	r2	-0.11091327955240969
123	CDC123	Neuron	123	r1	-0.048708494538239
1023	CDC123	Neuron	123	r2	-0.14172401717558117
124	CDC123	Neuron	124	r1	-0.07341188038534671
1024	CDC123	Neuron	124	r2	-0.12823429363613326
125	CDC123	Neuron	125	r1	-0.0789982586252006
1025	CDC123	Neuron	125	r2	-0.11831232906206024
126	CDC123	Neuron	126	r1	-0.061159933265764466
1026	CDC123	Neuron	126	r2	-0.1539625065190867
127	CDC123	Neuron	127	r1	-0.006863860600695467
1027	CDC123	Neuron	127	r2	-0.08521145964706434
128	CDC123	Neuron	128	r1	-0.05343767389403198
1028	CDC123	Neuron	128	r2	-0.12018795473752365
129	CDC123	Neuron	129	r1	-0.05223754186580014
1029	CDC123	Neuron	129	r2	-0.13856395562228094
130	CDC45	Neuron	130	r1	-0.01547686424519147
1030	CDC45	Neuron	130	r2	-0.11671920576881833
131	CDC45	Neuron	131	r1	-0.058992646369875786
1031	CDC45	Neuron	131	r2	-0.1505994572305646
132	CDC45	Neuron	132	r1	-0.06600401996892227
1032	CDC45	Neuron	132	r2	-0.15839638282228552
133	CDC45	Neuron	133	r1	-0.052075508703352744
1033	CDC45	Neuron	133	r2	-0.1259802494774502
134	CDC45	Neuron	134	r1	-0.07840330929331257
1034	CDC45	Neuron	134	r2	-0.15126713369135575
135	CDC45	Neuron	135	r1	-0.03400738386491893
1035	CDC45	Neuron	135	r2	-0.11098179407437013
136	CDC45	Neuron	136	r1	-0.056931441240757004
1036	CDC45	Neuron	136	r2	-0.12850732406760185
137	CDC45	Neuron	137	r1	-0.021642718039160413
1037	CDC45	Neuron	137	r2	-0.13874645501744023
138	CDC45	Neuron	138	r1	-0.06878322055498394
1038	CDC45	Neuron	138	r2	-0.13874484726733177
139	CDC45	Neuron	139	r1	-0.04926466002649594
1039	CDC45	Neuron	139	r2	-0.12311710643460876
140	CDHR5	Neuron	140	r1	-0.045273320290392126
1040	CDHR5	Neuron	140	r2	-0.14890653857704542
141	CDHR5	Neuron	141	r1	-0.05158976372568427
1041	CDHR5	Neuron	141	r2	-0.1268745883202685
142	CDHR5	Neuron	142	r1	-0.047528200253522494
1042	CDHR5	Neuron	142	r2	-0.127835788279365
143	CDHR5	Neuron	143	r1	-0.09463440625927579
1043	CDHR5	Neuron	143	r2	-0.13037921408595987
144	CDHR5	Neuron	144	r1	-0.03177222341205486
1044	CDHR5	Neuron	144	r2	-0.13074688978656418
145	CDHR5	Neuron	145	r1	-0.03547510445446332
1045	CDHR5	Neuron	145	r2	-0.1283570299402466
146	CDHR5	Neuron	146	r1	-0.06294025957408371
1046	CDHR5	Neuron	146	r2	-0.13963859218380945
147	CDHR5	Neuron	147	r1	-0.08289414958274659
1047	CDHR5	Neuron	147	r2	-0.1386761469233934
148	CDHR5	Neuron	148	r1	-0.06543998501335756
1048	CDHR5	Neuron	148	r2	-0.14132648136583162
149	CDHR5	Neuron	149	r1	-0.0602056151814569
1049	CDHR5	Neuron	149	r2	-0.1491611409917164
150	CERS5	Neuron	150	r1	-0.04556340356735157
1050	CERS5	Neuron	150	r2	-0.1344502706646645
151	CERS5	Neuron	151	r1	-0.040086465073082465
1051	CERS5	Neuron	151	r2	-0.14132650179658077
152	CERS5	Neuron	152	r1	-0.05954683024033008
1052	CERS5	Neuron	152	r2	-0.14100593933822678
153	CERS5	Neuron	153	r1	-0.08086447410035931
1053	CERS5	Neuron	153	r2	-0.13377803039888397
154	CERS5	Neuron	154	r1	-0.06918090406842355
1054	CERS5	Neuron	154	r2	-0.13790516840392603
155	CERS5	Neuron	155	r1	-0.09285069800414514
1055	CERS5	Neuron	155	r2	-0.13687752309629347
156	CERS5	Neuron	156	r1	-0.06092533089069265
1056	CERS5	Neuron	156	r2	-0.14768264834847017
157	CERS5	Neuron	157	r1	-0.07977580969370422
1057	CERS5	Neuron	157	r2	-0.1382615669999241
158	CERS5	Neuron	158	r1	-0.07357216469317968
1058	CERS5	Neuron	158	r2	-0.13748312224115902
159	CERS5	Neuron	159	r1	-0.060244608583553114
1059	CERS5	Neuron	159	r2	-0.155562964367667
160	CHD8	Neuron	160	r1	-0.07240190675573854
1060	CHD8	Neuron	160	r2	-0.12226762897454087
161	CHD8	Neuron	161	r1	-0.055171583613329016
1061	CHD8	Neuron	161	r2	-0.139995500494718
162	CHD8	Neuron	162	r1	-0.04302814812984824
1062	CHD8	Neuron	162	r2	-0.14080558178225885
163	CHD8	Neuron	163	r1	-0.06284253415963896
1063	CHD8	Neuron	163	r2	-0.12948399610126143
164	CHD8	Neuron	164	r1	-0.05467583277495393
1064	CHD8	Neuron	164	r2	-0.12525771007308914
165	CHD8	Neuron	165	r1	-0.07027799427429599
1065	CHD8	Neuron	165	r2	-0.12212871304455553
166	CHD8	Neuron	166	r1	-0.044032819078113766
1066	CHD8	Neuron	166	r2	-0.15418861753354912
167	CHD8	Neuron	167	r1	-0.031228383954437264
1067	CHD8	Neuron	167	r2	-0.13496751794478962
168	CHD8	Neuron	168	r1	-0.05622579737068274
1068	CHD8	Neuron	168	r2	-0.127214656312809
169	CHD8	Neuron	169	r1	-0.04727848004547564
1069	CHD8	Neuron	169	r2	-0.12593572378268916
170	CHST1	Neuron	170	r1	-0.058779875591268904
1070	CHST1	Neuron	170	r2	-0.15219638308498068
171	CHST1	Neuron	171	r1	-0.045449662093079296
1071	CHST1	Neuron	171	r2	-0.14323900957818383
172	CHST1	Neuron	172	r1	-0.04809336624430189
1072	CHST1	Neuron	172	r2	-0.1647467210814728
173	CHST1	Neuron	173	r1	-0.1003178272639739
1073	CHST1	Neuron	173	r2	-0.10834875845806521
174	CHST1	Neuron	174	r1	-0.04790443037366289
1074	CHST1	Neuron	174	r2	-0.1325053479991385
175	CHST1	Neuron	175	r1	-0.051010138310888326
1075	CHST1	Neuron	175	r2	-0.1287676530338408
176	CHST1	Neuron	176	r1	-0.04438021874927132
1076	CHST1	Neuron	176	r2	-0.140764847568649
177	CHST1	Neuron	177	r1	-0.05875936391453161
1077	CHST1	Neuron	177	r2	-0.13172803023927848
178	CHST1	Neuron	178	r1	-0.05280669282742684
1078	CHST1	Neuron	178	r2	-0.15015743231539944
179	CHST1	Neuron	179	r1	-0.06240153135064884
1079	CHST1	Neuron	179	r2	-0.14529852277895244
180	CINP	Neuron	180	r1	-0.04054033156767296
1080	CINP	Neuron	180	r2	-0.12398385277018739
181	CINP	Neuron	181	r1	-0.03338620121743941
1081	CINP	Neuron	181	r2	-0.11674407452396433
182	CINP	Neuron	182	r1	-0.04896136072210044
1082	CINP	Neuron	182	r2	-0.1556775966835186
183	CINP	Neuron	183	r1	-0.04982345085078321
1083	CINP	Neuron	183	r2	-0.1369878987246157
184	CINP	Neuron	184	r1	-0.04196419909903219
1084	CINP	Neuron	184	r2	-0.13072055970482319
185	CINP	Neuron	185	r1	-0.10631666926161007
1085	CINP	Neuron	185	r2	-0.1660306478733952
186	CINP	Neuron	186	r1	-0.057313194778041344
1086	CINP	Neuron	186	r2	-0.13024566426907308
187	CINP	Neuron	187	r1	-0.06893061273957729
1087	CINP	Neuron	187	r2	-0.14506398092727615
188	CINP	Neuron	188	r1	-0.04295187641139955
1088	CINP	Neuron	188	r2	-0.15706804751525402
189	CINP	Neuron	189	r1	-0.07390617616877712
1089	CINP	Neuron	189	r2	-0.14417703712650864
190	CYP46A1	Neuron	190	r1	-0.0711718498523068
1090	CYP46A1	Neuron	190	r2	-0.1307527512910292
191	CYP46A1	Neuron	191	r1	-0.038375909693169674
1091	CYP46A1	Neuron	191	r2	-0.12728590126490452
192	CYP46A1	Neuron	192	r1	-0.06428978954052329
1092	CYP46A1	Neuron	192	r2	-0.14445882934139007
193	CYP46A1	Neuron	193	r1	-0.05483037303199101
1093	CYP46A1	Neuron	193	r2	-0.11776235591322515
194	CYP46A1	Neuron	194	r1	-0.03765301842676067
1094	CYP46A1	Neuron	194	r2	-0.14664330213516566
195	CYP46A1	Neuron	195	r1	-0.04562450330456668
1095	CYP46A1	Neuron	195	r2	-0.13983690208435018
196	CYP46A1	Neuron	196	r1	-0.04378962051717648
1096	CYP46A1	Neuron	196	r2	-0.14744162904938668
197	CYP46A1	Neuron	197	r1	-0.06521461490359988
1097	CYP46A1	Neuron	197	r2	-0.12601504715776723
198	CYP46A1	Neuron	198	r1	-0.06625482171642634
1098	CYP46A1	Neuron	198	r2	-0.12933987288858007
199	CYP46A1	Neuron	199	r1	-0.06507409197961507
1099	CYP46A1	Neuron	199	r2	-0.13402161302099064
200	DECR2	Neuron	200	r1	-0.09711768142611453
1100	DECR2	Neuron	200	r2	-0.14823499466465492
201	DECR2	Neuron	201	r1	-0.06068400443515974
1101	DECR2	Neuron	201	r2	-0.14184904668217505
202	DECR2	Neuron	202	r1	-0.05624991482154413
1102	DECR2	Neuron	202	r2	-0.13147722046692467
203	DECR2	Neuron	203	r1	-0.05026481348464576
1103	DECR2	Neuron	203	r2	-0.14344540102677986
204	DECR2	Neuron	204	r1	-0.049778914083728795
1104	DECR2	Neuron	204	r2	-0.12327869510072641
205	DECR2	Neuron	205	r1	-0.060419207966519776
1105	DECR2	Neuron	205	r2	-0.13823810782304227
206	DECR2	Neuron	206	r1	-0.05060302200799354
1106	DECR2	Neuron	206	r2	-0.12775949015275626
207	DECR2	Neuron	207	r1	-0.06723877001396382
1107	DECR2	Neuron	207	r2	-0.137201121513485
208	DECR2	Neuron	208	r1	-0.04641265633047806
1108	DECR2	Neuron	208	r2	-0.1635086893714861
209	DECR2	Neuron	209	r1	-0.058011731281332864
1109	DECR2	Neuron	209	r2	-0.13335228033211827
210	DKK4	Neuron	210	r1	-0.05687268572129542
1110	DKK4	Neuron	210	r2	-0.12002387102854076
211	DKK4	Neuron	211	r1	-0.05123015111544517
1111	DKK4	Neuron	211	r2	-0.139634475994244
212	DKK4	Neuron	212	r1	-0.057015669685297844
1112	DKK4	Neuron	212	r2	-0.12379383341637383
213	DKK4	Neuron	213	r1	-0.19685089178582887
1113	DKK4	Neuron	213	r2	-0.20475607129294218
214	DKK4	Neuron	214	r1	-0.04938604120784163
1114	DKK4	Neuron	214	r2	-0.14683327655211928
215	DKK4	Neuron	215	r1	-0.068409880379813
1115	DKK4	Neuron	215	r2	-0.12778560698165156
216	DKK4	Neuron	216	r1	-0.0910230333152317
1116	DKK4	Neuron	216	r2	-0.14345968458827557
217	DKK4	Neuron	217	r1	-0.07412298750692074
1117	DKK4	Neuron	217	r2	-0.14094847464228535
218	DKK4	Neuron	218	r1	-0.04741515846740103
1118	DKK4	Neuron	218	r2	-0.12051471347153436
219	DKK4	Neuron	219	r1	-0.03668221020792996
1119	DKK4	Neuron	219	r2	-0.15010810558597304
220	DPEP1	Neuron	220	r1	-0.01713063973993328
1120	DPEP1	Neuron	220	r2	-0.1229380453306222
221	DPEP1	Neuron	221	r1	-0.044301379720879
1121	DPEP1	Neuron	221	r2	-0.1539515666460738
222	DPEP1	Neuron	222	r1	-0.061880490175141196
1122	DPEP1	Neuron	222	r2	-0.13380844036010114
223	DPEP1	Neuron	223	r1	-0.05411953237488903
1123	DPEP1	Neuron	223	r2	-0.12377998433362826
224	DPEP1	Neuron	224	r1	-0.03304052746569083
1124	DPEP1	Neuron	224	r2	-0.1368289038362925
225	DPEP1	Neuron	225	r1	-0.04957926290966956
1125	DPEP1	Neuron	225	r2	-0.1292566904549491
226	DPEP1	Neuron	226	r1	-0.040954248410129256
1126	DPEP1	Neuron	226	r2	-0.1383686717590349
227	DPEP1	Neuron	227	r1	-0.06261035608878068
1127	DPEP1	Neuron	227	r2	-0.1512431036243147
228	DPEP1	Neuron	228	r1	-0.06401032788095722
1128	DPEP1	Neuron	228	r2	-0.14039558431609908
229	DPEP1	Neuron	229	r1	-0.07779971607895493
1129	DPEP1	Neuron	229	r2	-0.1190937745389203
230	DUSP14	Neuron	230	r1	-0.037598840693957594
1130	DUSP14	Neuron	230	r2	-0.13950556498624003
231	DUSP14	Neuron	231	r1	-0.03762247171882355
1131	DUSP14	Neuron	231	r2	-0.14723458812888524
232	DUSP14	Neuron	232	r1	-0.057763483017813595
1132	DUSP14	Neuron	232	r2	-0.1399676248208872
233	DUSP14	Neuron	233	r1	-0.05611798525230316
1133	DUSP14	Neuron	233	r2	-0.1296550090130941
234	DUSP14	Neuron	234	r1	-0.06800257052931187
1134	DUSP14	Neuron	234	r2	-0.15686446488615532
235	DUSP14	Neuron	235	r1	-0.06998805488185263
1135	DUSP14	Neuron	235	r2	-0.11695480332816313
236	DUSP14	Neuron	236	r1	-0.07067805189551464
1136	DUSP14	Neuron	236	r2	-0.13695059901834353
237	DUSP14	Neuron	237	r1	-0.06691095717182739
1137	DUSP14	Neuron	237	r2	-0.14216477088143578
238	DUSP14	Neuron	238	r1	-0.0443786871935497
1138	DUSP14	Neuron	238	r2	-0.1283607164448445
239	DUSP14	Neuron	239	r1	-0.06381616561549451
1139	DUSP14	Neuron	239	r2	-0.14377733714809124
240	DUSP3	Neuron	240	r1	-0.05624997089499018
1140	DUSP3	Neuron	240	r2	-0.13696895905178555
241	DUSP3	Neuron	241	r1	-0.04918773896842703
1141	DUSP3	Neuron	241	r2	-0.12754432545018973
242	DUSP3	Neuron	242	r1	-0.06571573769179298
1142	DUSP3	Neuron	242	r2	-0.13372175744567866
243	DUSP3	Neuron	243	r1	-0.0223542600264927
1143	DUSP3	Neuron	243	r2	-0.11949683213411813
244	DUSP3	Neuron	244	r1	-0.06959329179919523
1144	DUSP3	Neuron	244	r2	-0.14842480705057085
245	DUSP3	Neuron	245	r1	-0.061533634388438875
1145	DUSP3	Neuron	245	r2	-0.13368583319050814
246	DUSP3	Neuron	246	r1	-0.03607996567522276
1146	DUSP3	Neuron	246	r2	-0.1351593760347988
247	DUSP3	Neuron	247	r1	-0.03952698014392224
1147	DUSP3	Neuron	247	r2	-0.13339469656799097
248	DUSP3	Neuron	248	r1	-0.037383017144141335
1148	DUSP3	Neuron	248	r2	-0.12905807971671343
249	DUSP3	Neuron	249	r1	-0.054169027827724085
1149	DUSP3	Neuron	249	r2	-0.122719843193979
250	EFHD2	Neuron	250	r1	-0.050358386772500124
1150	EFHD2	Neuron	250	r2	-0.12479450653592652
251	EFHD2	Neuron	251	r1	-0.052794035319719816
1151	EFHD2	Neuron	251	r2	-0.13820319525264765
252	EFHD2	Neuron	252	r1	-0.06589464956492108
1152	EFHD2	Neuron	252	r2	-0.13230861942915703
253	EFHD2	Neuron	253	r1	-0.04359317602448193
1153	EFHD2	Neuron	253	r2	-0.13729414585104446
254	EFHD2	Neuron	254	r1	-0.04696940124007428
1154	EFHD2	Neuron	254	r2	-0.14684707242217748
255	EFHD2	Neuron	255	r1	-0.048423411923131245
1155	EFHD2	Neuron	255	r2	-0.11955617823307693
256	EFHD2	Neuron	256	r1	-0.060016825251635514
1156	EFHD2	Neuron	256	r2	-0.13270559035995852
257	EFHD2	Neuron	257	r1	-0.0446585198871307
1157	EFHD2	Neuron	257	r2	-0.1318606601210771
258	EFHD2	Neuron	258	r1	-0.0515216813959434
1158	EFHD2	Neuron	258	r2	-0.1189751535859191
259	EFHD2	Neuron	259	r1	-0.039044605458380545
1159	EFHD2	Neuron	259	r2	-0.13326611019405285
260	EFNA2	Neuron	260	r1	-0.04251213291678878
1160	EFNA2	Neuron	260	r2	-0.14277886585435873
261	EFNA2	Neuron	261	r1	-0.04270719757131839
1161	EFNA2	Neuron	261	r2	-0.10957102947343945
262	EFNA2	Neuron	262	r1	-0.046924873940018035
1162	EFNA2	Neuron	262	r2	-0.13026959459063542
263	EFNA2	Neuron	263	r1	-0.061395127128204816
1163	EFNA2	Neuron	263	r2	-0.15006561899815996
264	EFNA2	Neuron	264	r1	-0.05788830310170832
1164	EFNA2	Neuron	264	r2	-0.13011577460577117
265	EFNA2	Neuron	265	r1	-0.04390260088000353
1165	EFNA2	Neuron	265	r2	-0.1505037709788565
266	EFNA2	Neuron	266	r1	-0.07656175679078084
1166	EFNA2	Neuron	266	r2	-0.1329047436772659
267	EFNA2	Neuron	267	r1	-0.07361948138242462
1167	EFNA2	Neuron	267	r2	-0.15229260739959646
268	EFNA2	Neuron	268	r1	-0.05413574962390892
1168	EFNA2	Neuron	268	r2	-0.1310967907600372
269	EFNA2	Neuron	269	r1	-0.04168168832492088
1169	EFNA2	Neuron	269	r2	-0.1459853076363468
270	ENTPD4	Neuron	270	r1	-0.06654826474641432
1170	ENTPD4	Neuron	270	r2	-0.14047607983544477
271	ENTPD4	Neuron	271	r1	-0.049425474126013766
1171	ENTPD4	Neuron	271	r2	-0.13305675663504052
272	ENTPD4	Neuron	272	r1	-0.07749837353798779
1172	ENTPD4	Neuron	272	r2	-0.17056305525309226
273	ENTPD4	Neuron	273	r1	-0.04597065348252988
1173	ENTPD4	Neuron	273	r2	-0.12772474585705426
274	ENTPD4	Neuron	274	r1	-0.02873713237236767
1174	ENTPD4	Neuron	274	r2	-0.1223887624799145
275	ENTPD4	Neuron	275	r1	-0.05239947910050097
1175	ENTPD4	Neuron	275	r2	-0.11279596419153343
276	ENTPD4	Neuron	276	r1	-0.06977875893685744
1176	ENTPD4	Neuron	276	r2	-0.14305218065616285
277	ENTPD4	Neuron	277	r1	-0.05249018262139669
1177	ENTPD4	Neuron	277	r2	-0.14055882843197948
278	ENTPD4	Neuron	278	r1	-0.04997383911231336
1178	ENTPD4	Neuron	278	r2	-0.1236780970901845
279	ENTPD4	Neuron	279	r1	-0.08723189702866038
1179	ENTPD4	Neuron	279	r2	-0.16262803887163732
280	EPHA4	Neuron	280	r1	-0.05591635090245878
1180	EPHA4	Neuron	280	r2	-0.12829062057477536
281	EPHA4	Neuron	281	r1	-0.05988741363032485
1181	EPHA4	Neuron	281	r2	-0.16237097364215197
282	EPHA4	Neuron	282	r1	-0.046718776691631
1182	EPHA4	Neuron	282	r2	-0.14841470536418183
283	EPHA4	Neuron	283	r1	-0.04567857367606804
1183	EPHA4	Neuron	283	r2	-0.12952490641856418
284	EPHA4	Neuron	284	r1	-0.06686319407240959
1184	EPHA4	Neuron	284	r2	-0.13238587695882206
285	EPHA4	Neuron	285	r1	-0.041145349847196866
1185	EPHA4	Neuron	285	r2	-0.13245054513495003
286	EPHA4	Neuron	286	r1	-0.059466567624174
1186	EPHA4	Neuron	286	r2	-0.13639309088867088
287	EPHA4	Neuron	287	r1	-0.06580957472611855
1187	EPHA4	Neuron	287	r2	-0.1577963086892922
288	EPHA4	Neuron	288	r1	-0.04557161625239516
1188	EPHA4	Neuron	288	r2	-0.12547633579269207
289	EPHA4	Neuron	289	r1	-0.03325722175648235
1189	EPHA4	Neuron	289	r2	-0.14923030216762634
290	EPN2	Neuron	290	r1	-0.07351418211637861
1190	EPN2	Neuron	290	r2	-0.12815122491926834
291	EPN2	Neuron	291	r1	-0.0809567248423466
1191	EPN2	Neuron	291	r2	-0.137108998068003
292	EPN2	Neuron	292	r1	-0.24280373861299737
1192	EPN2	Neuron	292	r2	-0.7649931210293032
293	EPN2	Neuron	293	r1	-0.06625207926216395
1193	EPN2	Neuron	293	r2	-0.13477381387514129
294	EPN2	Neuron	294	r1	-0.06232303195422662
1194	EPN2	Neuron	294	r2	-0.1353792042804011
295	EPN2	Neuron	295	r1	-0.04223133065159777
1195	EPN2	Neuron	295	r2	-0.14406167237072118
296	EPN2	Neuron	296	r1	-0.0703170535786966
1196	EPN2	Neuron	296	r2	-0.1346697239538946
297	EPN2	Neuron	297	r1	-0.05543848289328073
1197	EPN2	Neuron	297	r2	-0.1336053492381265
298	EPN2	Neuron	298	r1	-0.078805131193811
1198	EPN2	Neuron	298	r2	-0.13868746312308727
299	EPN2	Neuron	299	r1	-0.044618735354658046
1199	EPN2	Neuron	299	r2	-0.14399494768360868
300	ESPL1	Neuron	300	r1	-0.08072100696794883
1200	ESPL1	Neuron	300	r2	-0.13633457773602797
301	ESPL1	Neuron	301	r1	-0.01752827284549738
1201	ESPL1	Neuron	301	r2	-0.10724553035359756
302	ESPL1	Neuron	302	r1	-0.037002476152175466
1202	ESPL1	Neuron	302	r2	-0.14822811126239976
303	ESPL1	Neuron	303	r1	-0.0404099596923754
1203	ESPL1	Neuron	303	r2	-0.12936536328688455
304	ESPL1	Neuron	304	r1	-0.04740946191621127
1204	ESPL1	Neuron	304	r2	-0.13064572319147005
305	ESPL1	Neuron	305	r1	-0.032979913894467236
1205	ESPL1	Neuron	305	r2	-0.09353198722197162
306	ESPL1	Neuron	306	r1	-0.047039487852965065
1206	ESPL1	Neuron	306	r2	-0.13285967947244165
307	ESPL1	Neuron	307	r1	-0.053711780600890144
1207	ESPL1	Neuron	307	r2	-0.1346999161509302
308	ESPL1	Neuron	308	r1	-0.07389074382735361
1208	ESPL1	Neuron	308	r2	-0.15617334353659018
309	ESPL1	Neuron	309	r1	-0.058056789864384666
1209	ESPL1	Neuron	309	r2	-0.1510379203772787
310	ETV2	Neuron	310	r1	-0.027672044306528844
1210	ETV2	Neuron	310	r2	-0.12875772436600963
311	ETV2	Neuron	311	r1	-0.06266938328102593
1211	ETV2	Neuron	311	r2	-0.12219569047739683
312	ETV2	Neuron	312	r1	-0.04773422883534584
1212	ETV2	Neuron	312	r2	-0.12925727100959072
313	ETV2	Neuron	313	r1	-0.06440559730928154
1213	ETV2	Neuron	313	r2	-0.13765222511385267
314	ETV2	Neuron	314	r1	-0.04775352456729358
1214	ETV2	Neuron	314	r2	-0.13339237050587965
315	ETV2	Neuron	315	r1	-0.04666200260072795
1215	ETV2	Neuron	315	r2	-0.13335329202818916
316	ETV2	Neuron	316	r1	-0.04225767386782184
1216	ETV2	Neuron	316	r2	-0.14605059710860285
317	ETV2	Neuron	317	r1	-0.04543500393666616
1217	ETV2	Neuron	317	r2	-0.1516981153790885
318	ETV2	Neuron	318	r1	-0.04832047583255227
1218	ETV2	Neuron	318	r2	-0.1597592194868679
319	ETV2	Neuron	319	r1	-0.04410007711467778
1219	ETV2	Neuron	319	r2	-0.1363820926993153
320	F11	Neuron	320	r1	-0.07145202745208859
1220	F11	Neuron	320	r2	-0.11730556791149266
321	F11	Neuron	321	r1	-0.08397180030386818
1221	F11	Neuron	321	r2	-0.14562188794251976
322	F11	Neuron	322	r1	-0.05200977258287362
1222	F11	Neuron	322	r2	-0.13033949925132302
323	F11	Neuron	323	r1	-0.05919202625805489
1223	F11	Neuron	323	r2	-0.12557427101756188
324	F11	Neuron	324	r1	-0.06278246401501208
1224	F11	Neuron	324	r2	-0.13586671108967888
325	F11	Neuron	325	r1	-0.07073861316641096
1225	F11	Neuron	325	r2	-0.1346235321441113
326	F11	Neuron	326	r1	-0.059668007257796946
1226	F11	Neuron	326	r2	-0.1408633143204448
327	F11	Neuron	327	r1	-0.04602150542829022
1227	F11	Neuron	327	r2	-0.1405642254865806
328	F11	Neuron	328	r1	-0.04674134505576892
1228	F11	Neuron	328	r2	-0.13500463619278716
329	F11	Neuron	329	r1	-0.0749366511212093
1229	F11	Neuron	329	r2	-0.13521314412646931
330	FADS1	Neuron	330	r1	-0.03837571635556949
1230	FADS1	Neuron	330	r2	-0.1224127334262499
331	FADS1	Neuron	331	r1	-0.03833044230254663
1231	FADS1	Neuron	331	r2	-0.11978570655269359
332	FADS1	Neuron	332	r1	-0.027879549109408645
1232	FADS1	Neuron	332	r2	-0.12871540223809355
333	FADS1	Neuron	333	r1	-0.059479738658843935
1233	FADS1	Neuron	333	r2	-0.11256721329993764
334	FADS1	Neuron	334	r1	-0.03403887277499183
1234	FADS1	Neuron	334	r2	-0.12280494402077062
335	FADS1	Neuron	335	r1	-0.055305726442391005
1235	FADS1	Neuron	335	r2	-0.15595005053317149
336	FADS1	Neuron	336	r1	-0.055641654441856044
1236	FADS1	Neuron	336	r2	-0.12499562199817274
337	FADS1	Neuron	337	r1	-0.06029886258940807
1237	FADS1	Neuron	337	r2	-0.13404600287548582
338	FADS1	Neuron	338	r1	-0.0669353200187161
1238	FADS1	Neuron	338	r2	-0.13570385845279367
339	FADS1	Neuron	339	r1	-0.042915940275431975
1239	FADS1	Neuron	339	r2	-0.14084687463232773
340	FEZF2	Neuron	340	r1	-0.06882458441941543
1240	FEZF2	Neuron	340	r2	-0.11748855187094183
341	FEZF2	Neuron	341	r1	-0.05322055116301101
1241	FEZF2	Neuron	341	r2	-0.13869345301362396
342	FEZF2	Neuron	342	r1	-0.0405818696541716
1242	FEZF2	Neuron	342	r2	-0.13553197023717797
343	FEZF2	Neuron	343	r1	-0.06991292384956277
1243	FEZF2	Neuron	343	r2	-0.14841864987609493
344	FEZF2	Neuron	344	r1	-0.010012910003462439
1244	FEZF2	Neuron	344	r2	-0.11367456644263572
345	FEZF2	Neuron	345	r1	-0.052880906484263135
1245	FEZF2	Neuron	345	r2	-0.13145321645309582
346	FEZF2	Neuron	346	r1	-0.053669799943065234
1246	FEZF2	Neuron	346	r2	-0.12151410921513586
347	FEZF2	Neuron	347	r1	-0.044312497448879114
1247	FEZF2	Neuron	347	r2	-0.1135230095450789
348	FEZF2	Neuron	348	r1	-0.08028053677066906
1248	FEZF2	Neuron	348	r2	-0.15991676713693107
349	FEZF2	Neuron	349	r1	-0.06170561545645556
1249	FEZF2	Neuron	349	r2	-0.13955115296805146
350	FMO3	Neuron	350	r1	-0.07212538096979564
1250	FMO3	Neuron	350	r2	-0.13232234429807652
351	FMO3	Neuron	351	r1	-0.03839844119608593
1251	FMO3	Neuron	351	r2	-0.11607396551810248
352	FMO3	Neuron	352	r1	-0.0657770279899757
1252	FMO3	Neuron	352	r2	-0.11262103520392164
353	FMO3	Neuron	353	r1	-0.07691557147717139
1253	FMO3	Neuron	353	r2	-0.15508658241954756
354	FMO3	Neuron	354	r1	-0.05249158727261822
1254	FMO3	Neuron	354	r2	-0.10254955105217607
355	FMO3	Neuron	355	r1	-0.08754480674060734
1255	FMO3	Neuron	355	r2	-0.14963846239073558
356	FMO3	Neuron	356	r1	-0.061390932070243466
1256	FMO3	Neuron	356	r2	-0.12134500030653017
357	FMO3	Neuron	357	r1	0.0
1257	FMO3	Neuron	357	r2	0.0
358	FMO3	Neuron	358	r1	-0.06294211995679741
1258	FMO3	Neuron	358	r2	-0.11778303565638351
359	FMO3	Neuron	359	r1	-0.07350414663330211
1259	FMO3	Neuron	359	r2	-0.1421303147791439
360	FOXN1	Neuron	360	r1	-0.0539612783541461
1260	FOXN1	Neuron	360	r2	-0.13750201527220976
361	FOXN1	Neuron	361	r1	-0.026701723298073906
1261	FOXN1	Neuron	361	r2	-0.1246753289140506
362	FOXN1	Neuron	362	r1	-0.05458038811618045
1262	FOXN1	Neuron	362	r2	-0.13192849018490116
363	FOXN1	Neuron	363	r1	-0.06536508787042593
1263	FOXN1	Neuron	363	r2	-0.15118305441876514
364	FOXN1	Neuron	364	r1	-0.04474604813589659
1264	FOXN1	Neuron	364	r2	-0.11823627144386963
365	FOXN1	Neuron	365	r1	-0.044115590336090936
1265	FOXN1	Neuron	365	r2	-0.0982997186526909
366	FOXN1	Neuron	366	r1	-0.058314818215683434
1266	FOXN1	Neuron	366	r2	-0.1460650786997543
367	FOXN1	Neuron	367	r1	-0.051017707859574477
1267	FOXN1	Neuron	367	r2	-0.10942579673741336
368	FOXN1	Neuron	368	r1	-0.08590438637414875
1268	FOXN1	Neuron	368	r2	-0.13119034362086138
369	FOXN1	Neuron	369	r1	-0.09930313030946208
1269	FOXN1	Neuron	369	r2	-0.16932559928657606
370	GCKR	Neuron	370	r1	-0.05329683590668639
1270	GCKR	Neuron	370	r2	-0.1592181097242189
371	GCKR	Neuron	371	r1	-0.06067161186864945
1271	GCKR	Neuron	371	r2	-0.15730076306665258
372	GCKR	Neuron	372	r1	-0.05039509372237575
1272	GCKR	Neuron	372	r2	-0.14560419329817326
373	GCKR	Neuron	373	r1	-0.08428615995173588
1273	GCKR	Neuron	373	r2	-0.15335341079371734
374	GCKR	Neuron	374	r1	-0.04058351070665851
1274	GCKR	Neuron	374	r2	-0.13503988658498106
375	GCKR	Neuron	375	r1	-0.0530460488757294
1275	GCKR	Neuron	375	r2	-0.12866345527830553
376	GCKR	Neuron	376	r1	-0.06682453478148005
1276	GCKR	Neuron	376	r2	-0.1408005438187015
377	GCKR	Neuron	377	r1	-0.06164601440367108
1277	GCKR	Neuron	377	r2	-0.12952837360341762
378	GCKR	Neuron	378	r1	-0.05743736313276126
1278	GCKR	Neuron	378	r2	-0.14438110890572803
379	GCKR	Neuron	379	r1	-0.06203694824984572
1279	GCKR	Neuron	379	r2	-0.13589002968658195
380	GNAI3	Neuron	380	r1	-0.04265686210940639
1280	GNAI3	Neuron	380	r2	-0.13623558357443802
381	GNAI3	Neuron	381	r1	-0.05948054608382997
1281	GNAI3	Neuron	381	r2	-0.14582874442815463
382	GNAI3	Neuron	382	r1	-0.05009921606390886
1282	GNAI3	Neuron	382	r2	-0.12134844535966227
383	GNAI3	Neuron	383	r1	-0.06225228924982024
1283	GNAI3	Neuron	383	r2	-0.13434606168697066
384	GNAI3	Neuron	384	r1	-0.08140403385062238
1284	GNAI3	Neuron	384	r2	-0.16046018448005478
385	GNAI3	Neuron	385	r1	-0.04659829250020526
1285	GNAI3	Neuron	385	r2	-0.14246080894860783
386	GNAI3	Neuron	386	r1	-0.04328591692129906
1286	GNAI3	Neuron	386	r2	-0.11962160297189187
387	GNAI3	Neuron	387	r1	-0.07794726924607542
1287	GNAI3	Neuron	387	r2	-0.14524252038847862
388	GNAI3	Neuron	388	r1	-0.039203037657704144
1288	GNAI3	Neuron	388	r2	-0.14599431492904694
389	GNAI3	Neuron	389	r1	-0.054758812564125244
1289	GNAI3	Neuron	389	r2	-0.13867144579646912
390	GNRHR	Neuron	390	r1	-0.046707207938092
1290	GNRHR	Neuron	390	r2	-0.13515310573340117
391	GNRHR	Neuron	391	r1	-0.05418093378080501
1291	GNRHR	Neuron	391	r2	-0.13624487148762432
392	GNRHR	Neuron	392	r1	-0.04820159706805567
1292	GNRHR	Neuron	392	r2	-0.12978287117302817
393	GNRHR	Neuron	393	r1	-0.06274192093474865
1293	GNRHR	Neuron	393	r2	-0.10949410385225779
394	GNRHR	Neuron	394	r1	-0.07023322735476335
1294	GNRHR	Neuron	394	r2	-0.13356991160475493
395	GNRHR	Neuron	395	r1	-0.07558959705838197
1295	GNRHR	Neuron	395	r2	-0.15508091245247788
396	GNRHR	Neuron	396	r1	-0.07281529560298694
1296	GNRHR	Neuron	396	r2	-0.1424134118673079
397	GNRHR	Neuron	397	r1	-0.05258737260916694
1297	GNRHR	Neuron	397	r2	-0.14895570635249528
398	GNRHR	Neuron	398	r1	-0.02680028657416486
1298	GNRHR	Neuron	398	r2	-0.14929082706599275
399	GNRHR	Neuron	399	r1	-0.060791019282987066
1299	GNRHR	Neuron	399	r2	-0.13750626095512522
400	GRIA1	Neuron	400	r1	-0.0527569870857383
1300	GRIA1	Neuron	400	r2	-0.14391252748436176
401	GRIA1	Neuron	401	r1	-0.06025610694656871
1301	GRIA1	Neuron	401	r2	-0.1343387207230225
402	GRIA1	Neuron	402	r1	-0.05840481637205815
1302	GRIA1	Neuron	402	r2	-0.1378629177974563
403	GRIA1	Neuron	403	r1	-0.07562551502342424
1303	GRIA1	Neuron	403	r2	-0.12608906894608465
404	GRIA1	Neuron	404	r1	-0.042505948458718155
1304	GRIA1	Neuron	404	r2	-0.11954794963375155
405	GRIA1	Neuron	405	r1	-0.04178380076514592
1305	GRIA1	Neuron	405	r2	-0.1242703351221483
406	GRIA1	Neuron	406	r1	-0.08558980967626027
1306	GRIA1	Neuron	406	r2	-0.14014574969862711
407	GRIA1	Neuron	407	r1	-0.05050609938494782
1307	GRIA1	Neuron	407	r2	-0.1308630640823239
408	GRIA1	Neuron	408	r1	-0.058741641306653554
1308	GRIA1	Neuron	408	r2	-0.14777829235790169
409	GRIA1	Neuron	409	r1	-0.07515715563556392
1309	GRIA1	Neuron	409	r2	-0.13678244124101707
410	GRIN2A	Neuron	410	r1	-0.052513989466135114
1310	GRIN2A	Neuron	410	r2	-0.11827073989219503
411	GRIN2A	Neuron	411	r1	-0.05472998169158939
1311	GRIN2A	Neuron	411	r2	-0.15344321605526764
412	GRIN2A	Neuron	412	r1	-0.07473547945374455
1312	GRIN2A	Neuron	412	r2	-0.12575914972639227
413	GRIN2A	Neuron	413	r1	-0.05048631134667306
1313	GRIN2A	Neuron	413	r2	-0.13162803866171074
414	GRIN2A	Neuron	414	r1	-0.05009077457058097
1314	GRIN2A	Neuron	414	r2	-0.13637405482047163
415	GRIN2A	Neuron	415	r1	-0.04632407167423852
1315	GRIN2A	Neuron	415	r2	-0.12552900777103881
416	GRIN2A	Neuron	416	r1	-0.06266338678183668
1316	GRIN2A	Neuron	416	r2	-0.12775276372715985
417	GRIN2A	Neuron	417	r1	-0.0556941315994428
1317	GRIN2A	Neuron	417	r2	-0.14597933236659588
418	GRIN2A	Neuron	418	r1	-0.05670944472564714
1318	GRIN2A	Neuron	418	r2	-0.12705380052050766
419	GRIN2A	Neuron	419	r1	-0.05641442750923517
1319	GRIN2A	Neuron	419	r2	-0.1453003970323011
420	GRM1	Neuron	420	r1	-0.04102063094031151
1320	GRM1	Neuron	420	r2	-0.14779957887302986
421	GRM1	Neuron	421	r1	-0.05403475215651739
1321	GRM1	Neuron	421	r2	-0.1184616494311408
422	GRM1	Neuron	422	r1	-0.04160210212763794
1322	GRM1	Neuron	422	r2	-0.12657337520446685
423	GRM1	Neuron	423	r1	-0.07485346815014537
1323	GRM1	Neuron	423	r2	-0.14083463806725852
424	GRM1	Neuron	424	r1	-0.05730454127101923
1324	GRM1	Neuron	424	r2	-0.1405597504073265
425	GRM1	Neuron	425	r1	-0.059326940385823465
1325	GRM1	Neuron	425	r2	-0.16369446375818195
426	GRM1	Neuron	426	r1	-0.053948467963936195
1326	GRM1	Neuron	426	r2	-0.12656657917163558
427	GRM1	Neuron	427	r1	-0.06003985551320281
1327	GRM1	Neuron	427	r2	-0.13922350356984195
428	GRM1	Neuron	428	r1	-0.050439989249781526
1328	GRM1	Neuron	428	r2	-0.133686999628834
429	GRM1	Neuron	429	r1	-0.08140766267132994
1329	GRM1	Neuron	429	r2	-0.10271902528275324
430	GRM6	Neuron	430	r1	-0.07878255390427076
1330	GRM6	Neuron	430	r2	-0.15244814604635432
431	GRM6	Neuron	431	r1	-0.02828108006351493
1331	GRM6	Neuron	431	r2	-0.13127300574635054
432	GRM6	Neuron	432	r1	-0.059853912425704064
1332	GRM6	Neuron	432	r2	-0.1403345901477832
433	GRM6	Neuron	433	r1	-0.044687389339124736
1333	GRM6	Neuron	433	r2	-0.11722364449489742
434	GRM6	Neuron	434	r1	-0.06005545057204805
1334	GRM6	Neuron	434	r2	-0.13691081697490673
435	GRM6	Neuron	435	r1	-0.05682773999285207
1335	GRM6	Neuron	435	r2	-0.1213524213535202
436	GRM6	Neuron	436	r1	-0.04609393725144841
1336	GRM6	Neuron	436	r2	-0.1373599497146484
437	GRM6	Neuron	437	r1	-0.05316653876923086
1337	GRM6	Neuron	437	r2	-0.14280033896733202
438	GRM6	Neuron	438	r1	-0.048475418324101655
1338	GRM6	Neuron	438	r2	-0.12123675183061473
439	GRM6	Neuron	439	r1	-0.039574821439001984
1339	GRM6	Neuron	439	r2	-0.10809608723270342
440	HDGFL1	Neuron	440	r1	-0.06274418633960595
1340	HDGFL1	Neuron	440	r2	-0.12154031980604242
441	HDGFL1	Neuron	441	r1	-0.08126905810537752
1341	HDGFL1	Neuron	441	r2	-0.14977469211618727
442	HDGFL1	Neuron	442	r1	-0.04949589803766712
1342	HDGFL1	Neuron	442	r2	-0.1316405324763813
443	HDGFL1	Neuron	443	r1	-0.06035633520807633
1343	HDGFL1	Neuron	443	r2	-0.11809932302046469
444	HDGFL1	Neuron	444	r1	-0.07381340992532176
1344	HDGFL1	Neuron	444	r2	-0.1335793871723512
445	HDGFL1	Neuron	445	r1	-0.0982881779242235
1345	HDGFL1	Neuron	445	r2	-0.13130262923657482
446	HDGFL1	Neuron	446	r1	-0.06890887845832348
1346	HDGFL1	Neuron	446	r2	-0.1394496289569218
447	HDGFL1	Neuron	447	r1	-0.06911483446150422
1347	HDGFL1	Neuron	447	r2	-0.13699541502029028
448	HDGFL1	Neuron	448	r1	-0.058492871188234374
1348	HDGFL1	Neuron	448	r2	-0.13063091295571225
449	HDGFL1	Neuron	449	r1	-0.06362423596886613
1349	HDGFL1	Neuron	449	r2	-0.14855281924989208
450	HOXC8	Neuron	450	r1	-0.05141945597803432
1350	HOXC8	Neuron	450	r2	-0.14678067195851308
451	HOXC8	Neuron	451	r1	-0.07546023740373557
1351	HOXC8	Neuron	451	r2	-0.1471929590195481
452	HOXC8	Neuron	452	r1	-0.03953851449789785
1352	HOXC8	Neuron	452	r2	-0.12041306067764193
453	HOXC8	Neuron	453	r1	-0.050375493778637544
1353	HOXC8	Neuron	453	r2	-0.1350156513415996
454	HOXC8	Neuron	454	r1	-0.0740231259151504
1354	HOXC8	Neuron	454	r2	-0.1322632772633088
455	HOXC8	Neuron	455	r1	-0.06911639690246278
1355	HOXC8	Neuron	455	r2	-0.15243662484581805
456	HOXC8	Neuron	456	r1	-0.0573531503024538
1356	HOXC8	Neuron	456	r2	-0.12907182190554486
457	HOXC8	Neuron	457	r1	-0.05693923120571872
1357	HOXC8	Neuron	457	r2	-0.12249147086565006
458	HOXC8	Neuron	458	r1	-0.05087080427911886
1358	HOXC8	Neuron	458	r2	-0.1316461688890161
459	HOXC8	Neuron	459	r1	-0.05652247551751013
1359	HOXC8	Neuron	459	r2	-0.1352038185046272
460	HSD17B1	Neuron	460	r1	-0.04667928934710343
1360	HSD17B1	Neuron	460	r2	-0.1436155116911487
461	HSD17B1	Neuron	461	r1	-0.052871097107077165
1361	HSD17B1	Neuron	461	r2	-0.1363969597553631
462	HSD17B1	Neuron	462	r1	-0.056278604898621964
1362	HSD17B1	Neuron	462	r2	-0.13363434275133307
463	HSD17B1	Neuron	463	r1	-0.06461480629151352
1363	HSD17B1	Neuron	463	r2	-0.11859637445681179
464	HSD17B1	Neuron	464	r1	-0.031581774052116714
1364	HSD17B1	Neuron	464	r2	-0.13085300484532922
465	HSD17B1	Neuron	465	r1	-0.06816119561222231
1365	HSD17B1	Neuron	465	r2	-0.1240831004889147
466	HSD17B1	Neuron	466	r1	-0.04881948581320544
1366	HSD17B1	Neuron	466	r2	-0.12758017490136672
467	HSD17B1	Neuron	467	r1	-0.05391768855971676
1367	HSD17B1	Neuron	467	r2	-0.14050081620092006
468	HSD17B1	Neuron	468	r1	-0.04927568373924827
1368	HSD17B1	Neuron	468	r2	-0.12986397631234797
469	HSD17B1	Neuron	469	r1	-0.05098376118067151
1369	HSD17B1	Neuron	469	r2	-0.14517372997839986
470	IFNG	Neuron	470	r1	-0.06389895371794556
1370	IFNG	Neuron	470	r2	-0.13647903030606345
471	IFNG	Neuron	471	r1	-0.07055980162104997
1371	IFNG	Neuron	471	r2	-0.1319073000190971
472	IFNG	Neuron	472	r1	-0.05644214871182476
1372	IFNG	Neuron	472	r2	-0.13193353659947435
473	IFNG	Neuron	473	r1	-0.09070173068652435
1373	IFNG	Neuron	473	r2	-0.14040646238893711
474	IFNG	Neuron	474	r1	-0.03997694105051806
1374	IFNG	Neuron	474	r2	-0.14475215055642
475	IFNG	Neuron	475	r1	-0.05790716587218088
1375	IFNG	Neuron	475	r2	-0.12391065101747721
476	IFNG	Neuron	476	r1	-0.0835476931312433
1376	IFNG	Neuron	476	r2	-0.14330357504844896
477	IFNG	Neuron	477	r1	-0.0574570550247872
1377	IFNG	Neuron	477	r2	-0.15773643194974346
478	IFNG	Neuron	478	r1	-0.04858693278980757
1378	IFNG	Neuron	478	r2	-0.1139793034171367
479	IFNG	Neuron	479	r1	-0.06112540284926003
1379	IFNG	Neuron	479	r2	-0.14625694811232065
480	IL17F	Neuron	480	r1	-0.06011994484248627
1380	IL17F	Neuron	480	r2	-0.12851089332572607
481	IL17F	Neuron	481	r1	-0.054441387001995856
1381	IL17F	Neuron	481	r2	-0.131267338160884
482	IL17F	Neuron	482	r1	-0.09522948502220739
1382	IL17F	Neuron	482	r2	-0.15654085097021161
483	IL17F	Neuron	483	r1	-0.037140018419729706
1383	IL17F	Neuron	483	r2	-0.12350149184368721
484	IL17F	Neuron	484	r1	-0.05969591990355236
1384	IL17F	Neuron	484	r2	-0.13922805879238376
485	IL17F	Neuron	485	r1	-0.050650629822351766
1385	IL17F	Neuron	485	r2	-0.14563683976421135
486	IL17F	Neuron	486	r1	-0.06494461881610906
1386	IL17F	Neuron	486	r2	-0.12993029678896725
487	IL17F	Neuron	487	r1	-0.07674041551772154
1387	IL17F	Neuron	487	r2	-0.1371870135594203
488	IL17F	Neuron	488	r1	-0.05514042447492118
1388	IL17F	Neuron	488	r2	-0.14281745315502922
489	IL17F	Neuron	489	r1	-0.04957146401090896
1389	IL17F	Neuron	489	r2	-0.13490479462582464
490	INSRR	Neuron	490	r1	-0.059085402981360745
1390	INSRR	Neuron	490	r2	-0.14046252442580093
491	INSRR	Neuron	491	r1	-0.04736254664774551
1391	INSRR	Neuron	491	r2	-0.12432744098463137
492	INSRR	Neuron	492	r1	-0.0493495734478378
1392	INSRR	Neuron	492	r2	-0.11628815220940833
493	INSRR	Neuron	493	r1	-0.05403680671995252
1393	INSRR	Neuron	493	r2	-0.13640974983735776
494	INSRR	Neuron	494	r1	-0.05571337915893908
1394	INSRR	Neuron	494	r2	-0.12804810949256623
495	INSRR	Neuron	495	r1	-0.05970614506246417
1395	INSRR	Neuron	495	r2	-0.1538104048818218
496	INSRR	Neuron	496	r1	-0.06639932944290455
1396	INSRR	Neuron	496	r2	-0.14310816479404784
497	INSRR	Neuron	497	r1	-0.039518516464233724
1397	INSRR	Neuron	497	r2	-0.13033503776799407
498	INSRR	Neuron	498	r1	-0.0769592155707279
1398	INSRR	Neuron	498	r2	-0.1613571479510414
499	INSRR	Neuron	499	r1	-0.056678578420860715
1399	INSRR	Neuron	499	r2	-0.15165760889746757
500	KRT23	Neuron	500	r1	-0.05127087970672474
1400	KRT23	Neuron	500	r2	-0.13465936777827142
501	KRT23	Neuron	501	r1	-0.048950878325042434
1401	KRT23	Neuron	501	r2	-0.14560439633441033
502	KRT23	Neuron	502	r1	-0.05106577053317098
1402	KRT23	Neuron	502	r2	-0.14766518540474802
503	KRT23	Neuron	503	r1	-0.06569117105443872
1403	KRT23	Neuron	503	r2	-0.1455677938046219
504	KRT23	Neuron	504	r1	-0.059048468568789474
1404	KRT23	Neuron	504	r2	-0.12707165484838057
505	KRT23	Neuron	505	r1	-0.045921522259003277
1405	KRT23	Neuron	505	r2	-0.11802600473976303
506	KRT23	Neuron	506	r1	-0.05717582723797577
1406	KRT23	Neuron	506	r2	-0.13890114877795873
507	KRT23	Neuron	507	r1	-0.06325908765316782
1407	KRT23	Neuron	507	r2	-0.15844968803526055
508	KRT23	Neuron	508	r1	-0.04043457280687953
1408	KRT23	Neuron	508	r2	-0.15366857785335522
509	KRT23	Neuron	509	r1	-0.08116096331145423
1409	KRT23	Neuron	509	r2	-0.13285726007209803
510	LAMP1	Neuron	510	r1	-0.03679012361742985
1410	LAMP1	Neuron	510	r2	-0.11469816691457788
511	LAMP1	Neuron	511	r1	-0.030864830708996992
1411	LAMP1	Neuron	511	r2	-0.09871140254480121
512	LAMP1	Neuron	512	r1	-0.049392755329576474
1412	LAMP1	Neuron	512	r2	-0.13469033584147155
513	LAMP1	Neuron	513	r1	-0.056336820385811774
1413	LAMP1	Neuron	513	r2	-0.1321854370173177
514	LAMP1	Neuron	514	r1	-0.0743184279826902
1414	LAMP1	Neuron	514	r2	-0.13079948977059214
515	LAMP1	Neuron	515	r1	-0.0411387430162642
1415	LAMP1	Neuron	515	r2	-0.13188971946261874
516	LAMP1	Neuron	516	r1	-0.05691280058994082
1416	LAMP1	Neuron	516	r2	-0.14108875874476393
517	LAMP1	Neuron	517	r1	-0.0769252548712183
1417	LAMP1	Neuron	517	r2	-0.16188918898584553
518	LAMP1	Neuron	518	r1	-0.06384704406806403
1418	LAMP1	Neuron	518	r2	-0.12780589860503558
519	LAMP1	Neuron	519	r1	-0.04742350755821681
1419	LAMP1	Neuron	519	r2	-0.13116471785735379
520	MCM6	Neuron	520	r1	-0.041359278180568525
1420	MCM6	Neuron	520	r2	-0.147395361429734
521	MCM6	Neuron	521	r1	-0.05738226992710836
1421	MCM6	Neuron	521	r2	-0.13976194237515874
522	MCM6	Neuron	522	r1	-0.054169883146145105
1422	MCM6	Neuron	522	r2	-0.12555918256314283
523	MCM6	Neuron	523	r1	-0.053820128245762724
1423	MCM6	Neuron	523	r2	-0.1440624039595313
524	MCM6	Neuron	524	r1	-0.08432286757673628
1424	MCM6	Neuron	524	r2	-0.1516898137116934
525	MCM6	Neuron	525	r1	-0.06768938479863866
1425	MCM6	Neuron	525	r2	-0.11350950078530077
526	MCM6	Neuron	526	r1	-0.061503974295884715
1426	MCM6	Neuron	526	r2	-0.13044008023228545
527	MCM6	Neuron	527	r1	-0.05898892390218876
1427	MCM6	Neuron	527	r2	-0.1378155756779074
528	MCM6	Neuron	528	r1	-0.08783270392735432
1428	MCM6	Neuron	528	r2	-0.15650603554898898
529	MCM6	Neuron	529	r1	-0.0477162849612739
1429	MCM6	Neuron	529	r2	-0.12290519694042212
530	MCOLN3	Neuron	530	r1	-0.05863117106374322
1430	MCOLN3	Neuron	530	r2	-0.13678495737707924
531	MCOLN3	Neuron	531	r1	-0.06069259215420556
1431	MCOLN3	Neuron	531	r2	-0.15185147448392278
532	MCOLN3	Neuron	532	r1	-0.021046192415059665
1432	MCOLN3	Neuron	532	r2	-0.09746975850728896
533	MCOLN3	Neuron	533	r1	-0.05149894588732789
1433	MCOLN3	Neuron	533	r2	-0.1282562939099294
534	MCOLN3	Neuron	534	r1	-0.06270846083067372
1434	MCOLN3	Neuron	534	r2	-0.14768864323561542
535	MCOLN3	Neuron	535	r1	-0.047511055840665395
1435	MCOLN3	Neuron	535	r2	-0.14312768036270349
536	MCOLN3	Neuron	536	r1	-0.07285015688670936
1436	MCOLN3	Neuron	536	r2	-0.12636159367206326
537	MCOLN3	Neuron	537	r1	-0.03265954064694102
1437	MCOLN3	Neuron	537	r2	-0.12466126665406146
538	MCOLN3	Neuron	538	r1	-0.09191284403214751
1438	MCOLN3	Neuron	538	r2	-0.1369264599847349
539	MCOLN3	Neuron	539	r1	-0.05388623883061863
1439	MCOLN3	Neuron	539	r2	-0.13026924202462975
540	MDFI	Neuron	540	r1	-0.04401072749691966
1440	MDFI	Neuron	540	r2	-0.12974527869799748
541	MDFI	Neuron	541	r1	-0.04532745869289787
1441	MDFI	Neuron	541	r2	-0.13744803509498638
542	MDFI	Neuron	542	r1	-0.02931997112610794
1442	MDFI	Neuron	542	r2	-0.12296531167851703
543	MDFI	Neuron	543	r1	-0.040480967759685876
1443	MDFI	Neuron	543	r2	-0.15077981744678176
544	MDFI	Neuron	544	r1	-0.03980926547838119
1444	MDFI	Neuron	544	r2	-0.1321497463505285
545	MDFI	Neuron	545	r1	-0.05425607273915725
1445	MDFI	Neuron	545	r2	-0.10608114060374327
546	MDFI	Neuron	546	r1	-0.057615370765901404
1446	MDFI	Neuron	546	r2	-0.1317163885023512
547	MDFI	Neuron	547	r1	-0.06857806281150242
1447	MDFI	Neuron	547	r2	-0.15686269455332613
548	MDFI	Neuron	548	r1	-0.05113238039573175
1448	MDFI	Neuron	548	r2	-0.14216666597382008
549	MDFI	Neuron	549	r1	-0.06480588825951164
1449	MDFI	Neuron	549	r2	-0.1086533846931601
550	MNAT1	Neuron	550	r1	-0.04427874187905001
1450	MNAT1	Neuron	550	r2	-0.12212796581982055
551	MNAT1	Neuron	551	r1	-0.047564913801011896
1451	MNAT1	Neuron	551	r2	-0.15854660806789844
552	MNAT1	Neuron	552	r1	-0.07782684754587807
1452	MNAT1	Neuron	552	r2	-0.14306317063570384
553	MNAT1	Neuron	553	r1	-0.06638222691363796
1453	MNAT1	Neuron	553	r2	-0.12714705458907857
554	MNAT1	Neuron	554	r1	-0.0749891588754497
1454	MNAT1	Neuron	554	r2	-0.1284035746912013
555	MNAT1	Neuron	555	r1	0.0
1455	MNAT1	Neuron	555	r2	0.0
556	MNAT1	Neuron	556	r1	-0.05097776508453125
1456	MNAT1	Neuron	556	r2	-0.12035128748914034
557	MNAT1	Neuron	557	r1	-0.0528718024890806
1457	MNAT1	Neuron	557	r2	-0.12782959292726903
558	MNAT1	Neuron	558	r1	-0.06156768650340225
1458	MNAT1	Neuron	558	r2	-0.16841986856402477
559	MNAT1	Neuron	559	r1	-0.0631434143198825
1459	MNAT1	Neuron	559	r2	-0.1463336739028545
560	MYF6	Neuron	560	r1	-0.06983145988469848
1460	MYF6	Neuron	560	r2	-0.14242626818438076
561	MYF6	Neuron	561	r1	-0.03433672483124989
1461	MYF6	Neuron	561	r2	-0.11972604144901154
562	MYF6	Neuron	562	r1	-0.03850270472916411
1462	MYF6	Neuron	562	r2	-0.14545536376574447
563	MYF6	Neuron	563	r1	-0.07199587674672105
1463	MYF6	Neuron	563	r2	-0.1728314978062577
564	MYF6	Neuron	564	r1	-0.05389235023721672
1464	MYF6	Neuron	564	r2	-0.13363396279641762
565	MYF6	Neuron	565	r1	-0.04414439507025946
1465	MYF6	Neuron	565	r2	-0.12772754580472231
566	MYF6	Neuron	566	r1	-0.05662277092986157
1466	MYF6	Neuron	566	r2	-0.14483860345174432
567	MYF6	Neuron	567	r1	-0.06596940060970137
1467	MYF6	Neuron	567	r2	-0.13791154949547557
568	MYF6	Neuron	568	r1	-0.018090199170007416
1468	MYF6	Neuron	568	r2	-0.1537652153377814
569	MYF6	Neuron	569	r1	-0.07001806816083131
1469	MYF6	Neuron	569	r2	-0.1427055985195775
570	MYO15	Neuron	570	r1	-0.05144727919770615
1470	MYO15	Neuron	570	r2	-0.1445712860318024
571	MYO15	Neuron	571	r1	-0.06028507896132144
1471	MYO15	Neuron	571	r2	-0.14760652977485683
572	MYO15	Neuron	572	r1	-0.07326533464862832
1472	MYO15	Neuron	572	r2	-0.16217364549825766
573	MYO15	Neuron	573	r1	-0.05823042759191359
1473	MYO15	Neuron	573	r2	-0.12339456927024348
574	MYO15	Neuron	574	r1	-0.02891254978430064
1474	MYO15	Neuron	574	r2	-0.10825705899301523
575	MYO15	Neuron	575	r1	-0.05566693640513206
1475	MYO15	Neuron	575	r2	-0.12704650320497698
576	MYO15	Neuron	576	r1	-0.07833166248239473
1476	MYO15	Neuron	576	r2	-0.14784125480261795
577	MYO15	Neuron	577	r1	-0.03926383301932889
1477	MYO15	Neuron	577	r2	-0.13988909604053437
578	MYO15	Neuron	578	r1	-0.04523384182414873
1478	MYO15	Neuron	578	r2	-0.14202326426885498
579	MYO15	Neuron	579	r1	-0.01734108649959478
1479	MYO15	Neuron	579	r2	-0.11767198500606771
580	NKX3-2	Neuron	580	r1	-0.056467085287058426
1480	NKX3-2	Neuron	580	r2	-0.1487624904232934
581	NKX3-2	Neuron	581	r1	-0.033490147547609456
1481	NKX3-2	Neuron	581	r2	-0.12496869531725785
582	NKX3-2	Neuron	582	r1	-0.04135910875823342
1482	NKX3-2	Neuron	582	r2	-0.13210749228376675
583	NKX3-2	Neuron	583	r1	-0.051710876412173735
1483	NKX3-2	Neuron	583	r2	-0.1402794068110263
584	NKX3-2	Neuron	584	r1	-0.05434814075934031
1484	NKX3-2	Neuron	584	r2	-0.1366841301255192
585	NKX3-2	Neuron	585	r1	-0.04417988246273743
1485	NKX3-2	Neuron	585	r2	-0.11673822700153463
586	NKX3-2	Neuron	586	r1	-0.062163607075126755
1486	NKX3-2	Neuron	586	r2	-0.14760115308548888
587	NKX3-2	Neuron	587	r1	-0.04895071855974613
1487	NKX3-2	Neuron	587	r2	-0.11867291818550822
588	NKX3-2	Neuron	588	r1	-0.05142496734138462
1488	NKX3-2	Neuron	588	r2	-0.13245984347216466
589	NKX3-2	Neuron	589	r1	-0.05059318267447053
1489	NKX3-2	Neuron	589	r2	-0.15752076485094205
590	NLGN1	Neuron	590	r1	-0.06804841713423765
1490	NLGN1	Neuron	590	r2	-0.1467644932251082
591	NLGN1	Neuron	591	r1	-0.052918794703225816
1491	NLGN1	Neuron	591	r2	-0.1364271704548951
592	NLGN1	Neuron	592	r1	-0.018584104250978523
1492	NLGN1	Neuron	592	r2	-0.1565861869606682
593	NLGN1	Neuron	593	r1	-0.05077332476629209
1493	NLGN1	Neuron	593	r2	-0.14579082508788227
594	NLGN1	Neuron	594	r1	-0.05748459931024595
1494	NLGN1	Neuron	594	r2	-0.1315182413639595
595	NLGN1	Neuron	595	r1	-0.058095101239738565
1495	NLGN1	Neuron	595	r2	-0.14839068617634987
596	NLGN1	Neuron	596	r1	-0.04181782782669221
1496	NLGN1	Neuron	596	r2	-0.13605359812527038
597	NLGN1	Neuron	597	r1	-0.0739376144020322
1497	NLGN1	Neuron	597	r2	-0.15019027861116144
598	NLGN1	Neuron	598	r1	-0.056636742696107356
1498	NLGN1	Neuron	598	r2	-0.14720204900035194
599	NLGN1	Neuron	599	r1	-0.06003010358264121
1499	NLGN1	Neuron	599	r2	-0.13793553515174647
600	NRXN1	Neuron	600	r1	-0.06718137807541423
1500	NRXN1	Neuron	600	r2	-0.17389585551986966
601	NRXN1	Neuron	601	r1	-0.06105945169609853
1501	NRXN1	Neuron	601	r2	-0.14128830320800903
602	NRXN1	Neuron	602	r1	-0.056129455187668445
1502	NRXN1	Neuron	602	r2	-0.1562900891257427
603	NRXN1	Neuron	603	r1	-0.05956606527691728
1503	NRXN1	Neuron	603	r2	-0.1360999174740286
604	NRXN1	Neuron	604	r1	-0.051045539095101886
1504	NRXN1	Neuron	604	r2	-0.12981679078044162
605	NRXN1	Neuron	605	r1	-0.0530364808649461
1505	NRXN1	Neuron	605	r2	-0.1507290780273076
606	NRXN1	Neuron	606	r1	-0.052745667518305166
1506	NRXN1	Neuron	606	r2	-0.13173478611879133
607	NRXN1	Neuron	607	r1	-0.04492855851120793
1507	NRXN1	Neuron	607	r2	-0.14289308063640616
608	NRXN1	Neuron	608	r1	-0.051723671906671
1508	NRXN1	Neuron	608	r2	-0.13190194388335832
609	NRXN1	Neuron	609	r1	-0.07245967044662986
1509	NRXN1	Neuron	609	r2	-0.12182215890891122
610	ORC3	Neuron	610	r1	-0.06172755160577312
1510	ORC3	Neuron	610	r2	-0.12913366994750972
611	ORC3	Neuron	611	r1	-0.07170170423707928
1511	ORC3	Neuron	611	r2	-0.14924076738340378
612	ORC3	Neuron	612	r1	-0.06525122170296979
1512	ORC3	Neuron	612	r2	-0.13485740201012705
613	ORC3	Neuron	613	r1	-0.05973028937249723
1513	ORC3	Neuron	613	r2	-0.1371068366397975
614	ORC3	Neuron	614	r1	-0.0600311906256236
1514	ORC3	Neuron	614	r2	-0.1410656838098349
615	ORC3	Neuron	615	r1	-0.07133924579860564
1515	ORC3	Neuron	615	r2	-0.13734850019376182
616	ORC3	Neuron	616	r1	-0.06881058642431132
1516	ORC3	Neuron	616	r2	-0.13223630447059662
617	ORC3	Neuron	617	r1	-0.0594960228258238
1517	ORC3	Neuron	617	r2	-0.13902966982944373
618	ORC3	Neuron	618	r1	-0.05698019820568866
1518	ORC3	Neuron	618	r2	-0.12264272205193787
619	ORC3	Neuron	619	r1	-0.055888927811229755
1519	ORC3	Neuron	619	r2	-0.13499804280781497
620	PHOX2B	Neuron	620	r1	-0.0648002383555658
1520	PHOX2B	Neuron	620	r2	-0.1368427788444769
621	PHOX2B	Neuron	621	r1	-0.04721069915460824
1521	PHOX2B	Neuron	621	r2	-0.10677037797144358
622	PHOX2B	Neuron	622	r1	-0.065795984807463
1522	PHOX2B	Neuron	622	r2	-0.12239885056877665
623	PHOX2B	Neuron	623	r1	-0.05175326648095233
1523	PHOX2B	Neuron	623	r2	-0.12706036940865453
624	PHOX2B	Neuron	624	r1	-0.058050720937756976
1524	PHOX2B	Neuron	624	r2	-0.138298913645266
625	PHOX2B	Neuron	625	r1	-0.055750196079511094
1525	PHOX2B	Neuron	625	r2	-0.14524351495951598
626	PHOX2B	Neuron	626	r1	-0.05459370822091558
1526	PHOX2B	Neuron	626	r2	-0.16329509364625602
627	PHOX2B	Neuron	627	r1	-0.0808513620644108
1527	PHOX2B	Neuron	627	r2	-0.1122852661456669
628	PHOX2B	Neuron	628	r1	-0.051913399011952056
1528	PHOX2B	Neuron	628	r2	-0.13609999359761465
629	PHOX2B	Neuron	629	r1	-0.05506200857959526
1529	PHOX2B	Neuron	629	r2	-0.13832409928563547
630	POLR1B	Neuron	630	r1	-0.03861117890467257
1530	POLR1B	Neuron	630	r2	-0.15433366888361572
631	POLR1B	Neuron	631	r1	-0.07564237487987488
1531	POLR1B	Neuron	631	r2	-0.16032755252234138
632	POLR1B	Neuron	632	r1	-0.02226902826037662
1532	POLR1B	Neuron	632	r2	-0.11450499954094424
633	POLR1B	Neuron	633	r1	-0.07329701392023134
1533	POLR1B	Neuron	633	r2	-0.14952782343617857
634	POLR1B	Neuron	634	r1	-0.07135058215698493
1534	POLR1B	Neuron	634	r2	-0.13321921422526156
635	POLR1B	Neuron	635	r1	-0.058279302802494465
1535	POLR1B	Neuron	635	r2	-0.14033752470396188
636	POLR1B	Neuron	636	r1	-0.05178268510588588
1536	POLR1B	Neuron	636	r2	-0.14701594479171592
637	POLR1B	Neuron	637	r1	-0.02487972263766599
1537	POLR1B	Neuron	637	r2	-0.13603091802309683
638	POLR1B	Neuron	638	r1	-0.043299742047280806
1538	POLR1B	Neuron	638	r2	-0.13650848344770183
639	POLR1B	Neuron	639	r1	-0.02107814465574874
1539	POLR1B	Neuron	639	r2	-0.0992020351270877
640	POLR2C	Neuron	640	r1	-0.06929332635818136
1540	POLR2C	Neuron	640	r2	-0.138666293507116
641	POLR2C	Neuron	641	r1	-0.0518512013037511
1541	POLR2C	Neuron	641	r2	-0.11846166285537406
642	POLR2C	Neuron	642	r1	-0.0405645806199974
1542	POLR2C	Neuron	642	r2	-0.1443702454613529
643	POLR2C	Neuron	643	r1	-0.03638400554551938
1543	POLR2C	Neuron	643	r2	-0.13444129896695395
644	POLR2C	Neuron	644	r1	-0.05204368920463243
1544	POLR2C	Neuron	644	r2	-0.14296833028373543
645	POLR2C	Neuron	645	r1	-0.046047464372061184
1545	POLR2C	Neuron	645	r2	-0.14071399558628306
646	POLR2C	Neuron	646	r1	-0.06301225957205474
1546	POLR2C	Neuron	646	r2	-0.12966844167228136
647	POLR2C	Neuron	647	r1	-0.06722498162789643
1547	POLR2C	Neuron	647	r2	-0.1359261672808582
648	POLR2C	Neuron	648	r1	-0.0981216643434444
1548	POLR2C	Neuron	648	r2	-0.15984487000340086
649	POLR2C	Neuron	649	r1	-0.04050123531365146
1549	POLR2C	Neuron	649	r2	-0.1231738842912599
650	POLR3K	Neuron	650	r1	-0.08771644925579594
1550	POLR3K	Neuron	650	r2	-0.20633039480626686
651	POLR3K	Neuron	651	r1	-0.06560101003895416
1551	POLR3K	Neuron	651	r2	-0.17339485301538982
652	POLR3K	Neuron	652	r1	-0.05783403519597892
1552	POLR3K	Neuron	652	r2	-0.1445879787950764
653	POLR3K	Neuron	653	r1	-0.06833324085617346
1553	POLR3K	Neuron	653	r2	-0.18979852650531315
654	POLR3K	Neuron	654	r1	-0.09136196768995224
1554	POLR3K	Neuron	654	r2	-0.18301332016369254
655	POLR3K	Neuron	655	r1	-0.04436787984931458
1555	POLR3K	Neuron	655	r2	-0.1386235727144181
656	POLR3K	Neuron	656	r1	-0.09643485858611472
1556	POLR3K	Neuron	656	r2	-0.17306249566374884
657	POLR3K	Neuron	657	r1	-0.08403488169257634
1557	POLR3K	Neuron	657	r2	-0.17949459917652127
658	POLR3K	Neuron	658	r1	-0.08625720596935538
1558	POLR3K	Neuron	658	r2	-0.1796571314146855
659	POLR3K	Neuron	659	r1	-0.06167331269909799
1559	POLR3K	Neuron	659	r2	-0.16638264685517767
660	PPY	Neuron	660	r1	-0.03910163559543905
1560	PPY	Neuron	660	r2	-0.12815658424728035
661	PPY	Neuron	661	r1	-0.0374057318325844
1561	PPY	Neuron	661	r2	-0.09840502284952561
662	PPY	Neuron	662	r1	-0.06757342483272517
1562	PPY	Neuron	662	r2	-0.1332067699954749
663	PPY	Neuron	663	r1	-0.04904981169937081
1563	PPY	Neuron	663	r2	-0.15602742855099028
664	PPY	Neuron	664	r1	-0.06447364250327778
1564	PPY	Neuron	664	r2	-0.14191556847675693
665	PPY	Neuron	665	r1	-0.04615324401890409
1565	PPY	Neuron	665	r2	-0.1413156332914066
666	PPY	Neuron	666	r1	-0.07340958533987449
1566	PPY	Neuron	666	r2	-0.15608139216918945
667	PPY	Neuron	667	r1	-0.05009544831501287
1567	PPY	Neuron	667	r2	-0.13045009047629055
668	PPY	Neuron	668	r1	-0.05169227581673756
1568	PPY	Neuron	668	r2	-0.1115809329262575
669	PPY	Neuron	669	r1	-0.043893727763378645
1569	PPY	Neuron	669	r2	-0.16334849633188978
670	PRDM13	Neuron	670	r1	-0.06585853950436775
1570	PRDM13	Neuron	670	r2	-0.1492078265543401
671	PRDM13	Neuron	671	r1	-0.028352859451037243
1571	PRDM13	Neuron	671	r2	-0.13319113256533985
672	PRDM13	Neuron	672	r1	-0.2023351828277761
1572	PRDM13	Neuron	672	r2	-0.2533529571695004
673	PRDM13	Neuron	673	r1	-0.05376777524318414
1573	PRDM13	Neuron	673	r2	-0.12190558041040221
674	PRDM13	Neuron	674	r1	-0.04048612313682469
1574	PRDM13	Neuron	674	r2	-0.13181248585997657
675	PRDM13	Neuron	675	r1	-0.06200360965926999
1575	PRDM13	Neuron	675	r2	-0.14388550907718928
676	PRDM13	Neuron	676	r1	-0.052530180995661674
1576	PRDM13	Neuron	676	r2	-0.14197026127038723
677	PRDM13	Neuron	677	r1	-0.059471550175384934
1577	PRDM13	Neuron	677	r2	-0.16284905013833642
678	PRDM13	Neuron	678	r1	-0.05074519900523532
1578	PRDM13	Neuron	678	r2	-0.10899899151364631
679	PRDM13	Neuron	679	r1	-0.06462140894896598
1579	PRDM13	Neuron	679	r2	-0.13418283915491955
680	PRPH2	Neuron	680	r1	-0.039718261856726333
1580	PRPH2	Neuron	680	r2	-0.1221891609945813
681	PRPH2	Neuron	681	r1	-0.0577821104317845
1581	PRPH2	Neuron	681	r2	-0.12772798394702536
682	PRPH2	Neuron	682	r1	-0.03666591727045516
1582	PRPH2	Neuron	682	r2	-0.13137569748047423
683	PRPH2	Neuron	683	r1	-0.0435897792929813
1583	PRPH2	Neuron	683	r2	-0.14065454626598323
684	PRPH2	Neuron	684	r1	-0.057339211200364046
1584	PRPH2	Neuron	684	r2	-0.12004426398444162
685	PRPH2	Neuron	685	r1	-0.060889596068471365
1585	PRPH2	Neuron	685	r2	-0.1251084473351114
686	PRPH2	Neuron	686	r1	-0.0593177280904888
1586	PRPH2	Neuron	686	r2	-0.11817155114361245
687	PRPH2	Neuron	687	r1	0.0
1587	PRPH2	Neuron	687	r2	0.0
688	PRPH2	Neuron	688	r1	-0.038007978176349995
1588	PRPH2	Neuron	688	r2	-0.13566745101739577
689	PRPH2	Neuron	689	r1	-0.08827289302237028
1589	PRPH2	Neuron	689	r2	-0.1296134252778635
690	PSMB1	Neuron	690	r1	-0.13332043030109653
1590	PSMB1	Neuron	690	r2	-0.2703859782899464
691	PSMB1	Neuron	691	r1	-0.15795417094185135
1591	PSMB1	Neuron	691	r2	-0.29842028836271955
692	PSMB1	Neuron	692	r1	-0.11990781767210158
1592	PSMB1	Neuron	692	r2	-0.2391207416790605
693	PSMB1	Neuron	693	r1	-0.06342103725902695
1593	PSMB1	Neuron	693	r2	-0.14698384762545816
694	PSMB1	Neuron	694	r1	-0.11374327901111765
1594	PSMB1	Neuron	694	r2	-0.2179410640784397
695	PSMB1	Neuron	695	r1	-0.12057794779696582
1595	PSMB1	Neuron	695	r2	-0.24238184036590263
696	PSMB1	Neuron	696	r1	-0.07821630696392327
1596	PSMB1	Neuron	696	r2	-0.21302569858663123
697	PSMB1	Neuron	697	r1	-0.15239656958820758
1597	PSMB1	Neuron	697	r2	-0.25709322540089535
698	PSMB1	Neuron	698	r1	-0.12637701667614543
1598	PSMB1	Neuron	698	r2	-0.22588910026841266
699	PSMB1	Neuron	699	r1	-0.11359610834623815
1599	PSMB1	Neuron	699	r2	-0.1981769285837487
700	PSMC1	Neuron	700	r1	-0.12891549257255644
1600	PSMC1	Neuron	700	r2	-0.2566024047368528
701	PSMC1	Neuron	701	r1	-0.09310998239434523
1601	PSMC1	Neuron	701	r2	-0.2119791610293266
702	PSMC1	Neuron	702	r1	-0.0876160036691887
1602	PSMC1	Neuron	702	r2	-0.17721458139938093
703	PSMC1	Neuron	703	r1	-0.05913200272139753
1603	PSMC1	Neuron	703	r2	-0.1678652028578631
704	PSMC1	Neuron	704	r1	-0.053435793184853954
1604	PSMC1	Neuron	704	r2	-0.18488084557892126
705	PSMC1	Neuron	705	r1	-0.03874576657584229
1605	PSMC1	Neuron	705	r2	-0.1439815861801371
706	PSMC1	Neuron	706	r1	-0.059129626461544495
1606	PSMC1	Neuron	706	r2	-0.14713825470047834
707	PSMC1	Neuron	707	r1	-0.09145534765726497
1607	PSMC1	Neuron	707	r2	-0.17489253061938542
708	PSMC1	Neuron	708	r1	-0.10293121006476867
1608	PSMC1	Neuron	708	r2	-0.1771078491744177
709	PSMC1	Neuron	709	r1	-0.0460062730086436
1609	PSMC1	Neuron	709	r2	-0.13672792792116048
710	PSMC3	Neuron	710	r1	-0.05883586630662342
1610	PSMC3	Neuron	710	r2	-0.13578393315131004
711	PSMC3	Neuron	711	r1	-0.0904887933499873
1611	PSMC3	Neuron	711	r2	-0.17401460250625925
712	PSMC3	Neuron	712	r1	-0.13310726897969818
1612	PSMC3	Neuron	712	r2	-0.27213620156341567
713	PSMC3	Neuron	713	r1	-0.15720514368878613
1613	PSMC3	Neuron	713	r2	-0.22799265737001145
714	PSMC3	Neuron	714	r1	-0.07438771014411216
1614	PSMC3	Neuron	714	r2	-0.19129498524956387
715	PSMC3	Neuron	715	r1	-0.07888349749033238
1615	PSMC3	Neuron	715	r2	-0.2034522301267157
716	PSMC3	Neuron	716	r1	-0.08426189881439065
1616	PSMC3	Neuron	716	r2	-0.18365275662799924
717	PSMC3	Neuron	717	r1	-0.11571708682986757
1617	PSMC3	Neuron	717	r2	-0.21780893827225206
718	PSMC3	Neuron	718	r1	-0.07559715824297213
1618	PSMC3	Neuron	718	r2	-0.1750064128536612
719	PSMC3	Neuron	719	r1	-0.06861942443609982
1619	PSMC3	Neuron	719	r2	-0.14365291884920836
720	PSMC5	Neuron	720	r1	-0.13911749598729664
1620	PSMC5	Neuron	720	r2	-0.24235201553759128
721	PSMC5	Neuron	721	r1	-0.18170670531710717
1621	PSMC5	Neuron	721	r2	-0.26595845229355475
722	PSMC5	Neuron	722	r1	-0.09489509968366759
1622	PSMC5	Neuron	722	r2	-0.18083991825430726
723	PSMC5	Neuron	723	r1	-0.11703843398385731
1623	PSMC5	Neuron	723	r2	-0.21849886112488504
724	PSMC5	Neuron	724	r1	-0.08598561090468035
1624	PSMC5	Neuron	724	r2	-0.20816246142627712
725	PSMC5	Neuron	725	r1	-0.1441618743641218
1625	PSMC5	Neuron	725	r2	-0.278594450043242
726	PSMC5	Neuron	726	r1	-0.10527612391128899
1626	PSMC5	Neuron	726	r2	-0.19221078731106878
727	PSMC5	Neuron	727	r1	-0.10727909769657398
1627	PSMC5	Neuron	727	r2	-0.21685676022439923
728	PSMC5	Neuron	728	r1	-0.1457960718840574
1628	PSMC5	Neuron	728	r2	-0.2164136390980107
729	PSMC5	Neuron	729	r1	-0.05586600408092778
1629	PSMC5	Neuron	729	r2	-0.14873053422593305
730	PSMD4	Neuron	730	r1	-0.05260617112290483
1630	PSMD4	Neuron	730	r2	-0.1736594153107628
731	PSMD4	Neuron	731	r1	-0.05727864790933406
1631	PSMD4	Neuron	731	r2	-0.13023597580100404
732	PSMD4	Neuron	732	r1	-0.05380102591226521
1632	PSMD4	Neuron	732	r2	-0.1406092866706063
733	PSMD4	Neuron	733	r1	-0.04344748997446943
1633	PSMD4	Neuron	733	r2	-0.13389196598570952
734	PSMD4	Neuron	734	r1	-0.070219802529462
1634	PSMD4	Neuron	734	r2	-0.12743863854782114
735	PSMD4	Neuron	735	r1	-0.06535633484933458
1635	PSMD4	Neuron	735	r2	-0.1391632704315296
736	PSMD4	Neuron	736	r1	-0.033741524060657224
1636	PSMD4	Neuron	736	r2	-0.11908801780212333
737	PSMD4	Neuron	737	r1	-0.07262079002667957
1637	PSMD4	Neuron	737	r2	-0.14153553224089663
738	PSMD4	Neuron	738	r1	-0.04248464790709071
1638	PSMD4	Neuron	738	r2	-0.14811875274091038
739	PSMD4	Neuron	739	r1	-0.07801044420489811
1639	PSMD4	Neuron	739	r2	-0.14936591315988676
740	RBFOX3	Neuron	740	r1	-0.05712689669586378
1640	RBFOX3	Neuron	740	r2	-0.14169833558805509
741	RBFOX3	Neuron	741	r1	-0.050062169094709896
1641	RBFOX3	Neuron	741	r2	-0.15915828695518505
742	RBFOX3	Neuron	742	r1	-0.040102617330616895
1642	RBFOX3	Neuron	742	r2	-0.1465448298534807
743	RBFOX3	Neuron	743	r1	-0.03752812989927426
1643	RBFOX3	Neuron	743	r2	-0.15653019560076686
744	RBFOX3	Neuron	744	r1	-0.04955925577447904
1644	RBFOX3	Neuron	744	r2	-0.15618780140091104
745	RBFOX3	Neuron	745	r1	-0.04641960424343146
1645	RBFOX3	Neuron	745	r2	-0.11582093454670404
746	RBFOX3	Neuron	746	r1	-0.05557414149040079
1646	RBFOX3	Neuron	746	r2	-0.13217014092042892
747	RBFOX3	Neuron	747	r1	-0.04871561426444863
1647	RBFOX3	Neuron	747	r2	-0.13050652974528534
748	RBFOX3	Neuron	748	r1	-0.04076876349966059
1648	RBFOX3	Neuron	748	r2	-0.14636815847338044
749	RBFOX3	Neuron	749	r1	-0.04523910219106741
1649	RBFOX3	Neuron	749	r2	-0.1332091371330858
750	SALL4	Neuron	750	r1	-0.07736181564736154
1650	SALL4	Neuron	750	r2	-0.14718215147362138
751	SALL4	Neuron	751	r1	-0.05616170967661287
1651	SALL4	Neuron	751	r2	-0.12446345842539867
752	SALL4	Neuron	752	r1	-0.04497408364693792
1652	SALL4	Neuron	752	r2	-0.12801288860937074
753	SALL4	Neuron	753	r1	-0.07327336367572973
1653	SALL4	Neuron	753	r2	-0.13877638390502325
754	SALL4	Neuron	754	r1	-0.053123865426550315
1654	SALL4	Neuron	754	r2	-0.14015266143949587
755	SALL4	Neuron	755	r1	-0.027126105761734274
1655	SALL4	Neuron	755	r2	-0.12455657228900874
756	SALL4	Neuron	756	r1	-0.054989038492138
1656	SALL4	Neuron	756	r2	-0.14535294765939144
757	SALL4	Neuron	757	r1	-0.10079092958274329
1657	SALL4	Neuron	757	r2	-0.13274346182896676
758	SALL4	Neuron	758	r1	-0.05756918019169092
1658	SALL4	Neuron	758	r2	-0.14923636871751475
759	SALL4	Neuron	759	r1	-0.05524586870337387
1659	SALL4	Neuron	759	r2	-0.1450697486058744
760	SATB2	Neuron	760	r1	-0.08174352479647462
1660	SATB2	Neuron	760	r2	-0.1520047218908362
761	SATB2	Neuron	761	r1	-0.05034115750088322
1661	SATB2	Neuron	761	r2	-0.1341282481560866
762	SATB2	Neuron	762	r1	-0.04170832296294501
1662	SATB2	Neuron	762	r2	-0.13553434641478238
763	SATB2	Neuron	763	r1	-0.05327643313934804
1663	SATB2	Neuron	763	r2	-0.12597264110938153
764	SATB2	Neuron	764	r1	-0.04878489131225526
1664	SATB2	Neuron	764	r2	-0.14580176420426366
765	SATB2	Neuron	765	r1	-0.06346739303536506
1665	SATB2	Neuron	765	r2	-0.14138904455933252
766	SATB2	Neuron	766	r1	-0.07501711951264949
1666	SATB2	Neuron	766	r2	-0.1427628856002966
767	SATB2	Neuron	767	r1	-0.07185822703706796
1667	SATB2	Neuron	767	r2	-0.13812749718702005
768	SATB2	Neuron	768	r1	-0.060579232260563866
1668	SATB2	Neuron	768	r2	-0.1217284418806048
769	SATB2	Neuron	769	r1	-0.06409398919063103
1669	SATB2	Neuron	769	r2	-0.15035945848313736
770	SEL1L2	Neuron	770	r1	-0.0661990858387966
1670	SEL1L2	Neuron	770	r2	-0.16137849825632128
771	SEL1L2	Neuron	771	r1	-0.04764010717875092
1671	SEL1L2	Neuron	771	r2	-0.13330979730779996
772	SEL1L2	Neuron	772	r1	-0.048236957532649914
1672	SEL1L2	Neuron	772	r2	-0.1302831984206149
773	SEL1L2	Neuron	773	r1	-0.06869537418082661
1673	SEL1L2	Neuron	773	r2	-0.13916331919056577
774	SEL1L2	Neuron	774	r1	-0.048941604748224496
1674	SEL1L2	Neuron	774	r2	-0.139162715045078
775	SEL1L2	Neuron	775	r1	-0.04057735142293704
1675	SEL1L2	Neuron	775	r2	-0.1324622529549518
776	SEL1L2	Neuron	776	r1	-0.04652545198636167
1676	SEL1L2	Neuron	776	r2	-0.13678216366498977
777	SEL1L2	Neuron	777	r1	-1.264597426142371
1677	SEL1L2	Neuron	777	r2	-0.41729956575516725
778	SEL1L2	Neuron	778	r1	-0.02059877385005075
1678	SEL1L2	Neuron	778	r2	-0.12462655559802992
779	SEL1L2	Neuron	779	r1	-0.030331753337790125
1679	SEL1L2	Neuron	779	r2	-0.1508171879996679
780	SHANK1	Neuron	780	r1	-0.05013497994604667
1680	SHANK1	Neuron	780	r2	-0.13677498937036484
781	SHANK1	Neuron	781	r1	-0.07662316158697205
1681	SHANK1	Neuron	781	r2	-0.1608478460083218
782	SHANK1	Neuron	782	r1	-0.0799826097138441
1682	SHANK1	Neuron	782	r2	-0.13746276648396916
783	SHANK1	Neuron	783	r1	-0.04472313865800367
1683	SHANK1	Neuron	783	r2	-0.12988094699831054
784	SHANK1	Neuron	784	r1	-0.03408269468858499
1684	SHANK1	Neuron	784	r2	-0.12014045809188258
785	SHANK1	Neuron	785	r1	-0.0702454391487133
1685	SHANK1	Neuron	785	r2	-0.15101200735464865
786	SHANK1	Neuron	786	r1	-0.07181482050317056
1686	SHANK1	Neuron	786	r2	-0.16314455720385282
787	SHANK1	Neuron	787	r1	-0.04709237089233782
1687	SHANK1	Neuron	787	r2	-0.13387245379050042
788	SHANK1	Neuron	788	r1	-0.03077165866675366
1688	SHANK1	Neuron	788	r2	-0.12848348772892368
789	SHANK1	Neuron	789	r1	-0.05744923060160575
1689	SHANK1	Neuron	789	r2	-0.15092734882479322
790	SLC22A16	Neuron	790	r1	-0.057026943874072915
1690	SLC22A16	Neuron	790	r2	-0.13147717853190966
791	SLC22A16	Neuron	791	r1	-0.02811211603043889
1691	SLC22A16	Neuron	791	r2	-0.09318421092884067
792	SLC22A16	Neuron	792	r1	-0.049576985194116206
1692	SLC22A16	Neuron	792	r2	-0.14407585409325682
793	SLC22A16	Neuron	793	r1	-0.08175200544640114
1693	SLC22A16	Neuron	793	r2	-0.1305123845153311
794	SLC22A16	Neuron	794	r1	-0.031230208142450047
1694	SLC22A16	Neuron	794	r2	-0.12833974474499565
795	SLC22A16	Neuron	795	r1	-0.041445229127937494
1695	SLC22A16	Neuron	795	r2	-0.15443209252082785
796	SLC22A16	Neuron	796	r1	-0.04464912117894883
1696	SLC22A16	Neuron	796	r2	-0.13133423076075773
797	SLC22A16	Neuron	797	r1	-0.029573608192729455
1697	SLC22A16	Neuron	797	r2	-0.12563734140671318
798	SLC22A16	Neuron	798	r1	-0.06700396682210716
1698	SLC22A16	Neuron	798	r2	-0.1380998885058375
799	SLC22A16	Neuron	799	r1	-0.05949639030535516
1699	SLC22A16	Neuron	799	r2	-0.1150512876021637
800	SNX1	Neuron	800	r1	-0.06831742645681167
1700	SNX1	Neuron	800	r2	-0.13671284652787669
801	SNX1	Neuron	801	r1	-0.05754528982126391
1701	SNX1	Neuron	801	r2	-0.1406137635105023
802	SNX1	Neuron	802	r1	-0.08166720643659957
1702	SNX1	Neuron	802	r2	-0.14154782275938954
803	SNX1	Neuron	803	r1	-0.0676450434046483
1703	SNX1	Neuron	803	r2	-0.13577493086623643
804	SNX1	Neuron	804	r1	-0.039862630368005685
1704	SNX1	Neuron	804	r2	-0.13272859650140156
805	SNX1	Neuron	805	r1	-0.05389045941761
1705	SNX1	Neuron	805	r2	-0.13338727085246221
806	SNX1	Neuron	806	r1	-0.05276384609320693
1706	SNX1	Neuron	806	r2	-0.15485582280121457
807	SNX1	Neuron	807	r1	-0.04731855436667722
1707	SNX1	Neuron	807	r2	-0.13969832914358507
808	SNX1	Neuron	808	r1	-0.06034553387401322
1708	SNX1	Neuron	808	r2	-0.16009510729998014
809	SNX1	Neuron	809	r1	-0.060088093143991717
1709	SNX1	Neuron	809	r2	-0.1471685523760585
810	SULT1E1	Neuron	810	r1	-0.07639689403761478
1710	SULT1E1	Neuron	810	r2	-0.14644633431038728
811	SULT1E1	Neuron	811	r1	0.6931471805599453
1711	SULT1E1	Neuron	811	r2	-2.3978952727983707
812	SULT1E1	Neuron	812	r1	-0.03753446230760114
1712	SULT1E1	Neuron	812	r2	-0.1206766531413265
813	SULT1E1	Neuron	813	r1	-0.03875136479218471
1713	SULT1E1	Neuron	813	r2	-0.10865570499564238
814	SULT1E1	Neuron	814	r1	-0.059190289469995536
1714	SULT1E1	Neuron	814	r2	-0.13184257101618246
815	SULT1E1	Neuron	815	r1	-0.061681651919405986
1715	SULT1E1	Neuron	815	r2	-0.1457686314386424
816	SULT1E1	Neuron	816	r1	-0.05905991150707554
1716	SULT1E1	Neuron	816	r2	-0.14697460945099167
817	SULT1E1	Neuron	817	r1	-0.06063700303412775
1717	SULT1E1	Neuron	817	r2	-0.13217392635272238
818	SULT1E1	Neuron	818	r1	-0.05786281923569096
1718	SULT1E1	Neuron	818	r2	-0.15397562129161355
819	SULT1E1	Neuron	819	r1	-0.027491812676086524
1719	SULT1E1	Neuron	819	r2	-0.13263137602858172
820	SUMO1	Neuron	820	r1	-0.05890577204410472
1720	SUMO1	Neuron	820	r2	-0.13668129146646038
821	SUMO1	Neuron	821	r1	-0.0563171879211942
1721	SUMO1	Neuron	821	r2	-0.14589400885670067
822	SUMO1	Neuron	822	r1	-0.02549441360165586
1722	SUMO1	Neuron	822	r2	-0.13307179135274366
823	SUMO1	Neuron	823	r1	-0.06187599337532262
1723	SUMO1	Neuron	823	r2	-0.13996981809394465
824	SUMO1	Neuron	824	r1	-0.07146555344230347
1724	SUMO1	Neuron	824	r2	-0.13517633902594503
825	SUMO1	Neuron	825	r1	-0.056474633406923797
1725	SUMO1	Neuron	825	r2	-0.1466384035699918
826	SUMO1	Neuron	826	r1	-0.06652153090051839
1726	SUMO1	Neuron	826	r2	-0.13350848180488703
827	SUMO1	Neuron	827	r1	-0.06356425065618397
1727	SUMO1	Neuron	827	r2	-0.14109202459297285
828	SUMO1	Neuron	828	r1	-0.06011751198888081
1728	SUMO1	Neuron	828	r2	-0.13475421247369834
829	SUMO1	Neuron	829	r1	-0.06377320377581616
1729	SUMO1	Neuron	829	r2	-0.13958310678263428
830	TCL1	Neuron	830	r1	-0.046611929646466384
1730	TCL1	Neuron	830	r2	-0.14472268863105073
831	TCL1	Neuron	831	r1	-0.054434453025579324
1731	TCL1	Neuron	831	r2	-0.1501239811141089
832	TCL1	Neuron	832	r1	-0.06304078374301508
1732	TCL1	Neuron	832	r2	-0.15751841068418088
833	TCL1	Neuron	833	r1	-0.050492732440967025
1733	TCL1	Neuron	833	r2	-0.1388364448542158
834	TCL1	Neuron	834	r1	-0.026258465345460825
1734	TCL1	Neuron	834	r2	-0.11327422413921076
835	TCL1	Neuron	835	r1	-0.08042525360450328
1735	TCL1	Neuron	835	r2	-0.1438110368622662
836	TCL1	Neuron	836	r1	-0.022971363967978952
1736	TCL1	Neuron	836	r2	-0.10188915090236737
837	TCL1	Neuron	837	r1	-0.05637357068979909
1737	TCL1	Neuron	837	r2	-0.1534489427521816
838	TCL1	Neuron	838	r1	-0.05565505723384959
1738	TCL1	Neuron	838	r2	-0.13658031314988242
839	TCL1	Neuron	839	r1	-0.04828621982523324
1739	TCL1	Neuron	839	r2	-0.11412000258116793
840	TH	Neuron	840	r1	-0.06922243331182824
1740	TH	Neuron	840	r2	-0.1522110744972469
841	TH	Neuron	841	r1	-0.05897865692876354
1741	TH	Neuron	841	r2	-0.12594752385073016
842	TH	Neuron	842	r1	-0.055591517875645126
1742	TH	Neuron	842	r2	-0.1747784739397315
843	TH	Neuron	843	r1	-0.027305577155229698
1743	TH	Neuron	843	r2	-0.13089815866676138
844	TH	Neuron	844	r1	-0.08747402243696893
1744	TH	Neuron	844	r2	-0.1546963174679663
845	TH	Neuron	845	r1	-0.05843469758855523
1745	TH	Neuron	845	r2	-0.1374431720537593
846	TH	Neuron	846	r1	-0.05209511188340193
1746	TH	Neuron	846	r2	-0.12604416468835863
847	TH	Neuron	847	r1	-0.06263690030644695
1747	TH	Neuron	847	r2	-0.13219710745856966
848	TH	Neuron	848	r1	-0.06227630425870883
1748	TH	Neuron	848	r2	-0.13697585359480471
849	TH	Neuron	849	r1	-0.055578213442565465
1749	TH	Neuron	849	r2	-0.12901999475556514
850	TIAM1	Neuron	850	r1	-0.08533398865979155
1750	TIAM1	Neuron	850	r2	-0.13400937750180067
851	TIAM1	Neuron	851	r1	-0.07914188631358389
1751	TIAM1	Neuron	851	r2	-0.12832977728356115
852	TIAM1	Neuron	852	r1	-0.0770299377567763
1752	TIAM1	Neuron	852	r2	-0.1585619721990652
853	TIAM1	Neuron	853	r1	-0.017475435225622688
1753	TIAM1	Neuron	853	r2	-0.10026847243355093
854	TIAM1	Neuron	854	r1	-0.05014726576592781
1754	TIAM1	Neuron	854	r2	-0.11919161597930689
855	TIAM1	Neuron	855	r1	-0.06815200081289761
1755	TIAM1	Neuron	855	r2	-0.1617287700486615
856	TIAM1	Neuron	856	r1	-0.0473865645940101
1756	TIAM1	Neuron	856	r2	-0.14561262670980207
857	TIAM1	Neuron	857	r1	-0.04390764231148546
1757	TIAM1	Neuron	857	r2	-0.13100165408700443
858	TIAM1	Neuron	858	r1	-0.05098370431672713
1758	TIAM1	Neuron	858	r2	-0.13055876876600636
859	TIAM1	Neuron	859	r1	-0.05439041628665168
1759	TIAM1	Neuron	859	r2	-0.1367267029472876
860	TMPRSS11E	Neuron	860	r1	-0.04833572198937759
1760	TMPRSS11E	Neuron	860	r2	-0.13011525940709417
861	TMPRSS11E	Neuron	861	r1	-0.0644395977536513
1761	TMPRSS11E	Neuron	861	r2	-0.1325661302218807
862	TMPRSS11E	Neuron	862	r1	-0.03378747795019093
1762	TMPRSS11E	Neuron	862	r2	-0.13121093600274863
863	TMPRSS11E	Neuron	863	r1	-0.04797635903083808
1763	TMPRSS11E	Neuron	863	r2	-0.1339411880630213
864	TMPRSS11E	Neuron	864	r1	-0.04715109507494618
1764	TMPRSS11E	Neuron	864	r2	-0.1415813515561777
865	TMPRSS11E	Neuron	865	r1	-0.038061789874982696
1765	TMPRSS11E	Neuron	865	r2	-0.14587145702137486
866	TMPRSS11E	Neuron	866	r1	0.0
1766	TMPRSS11E	Neuron	866	r2	0.0
867	TMPRSS11E	Neuron	867	r1	-0.054839079549304
1767	TMPRSS11E	Neuron	867	r2	-0.1293826397185968
868	TMPRSS11E	Neuron	868	r1	-0.03789944007765332
1768	TMPRSS11E	Neuron	868	r2	-0.12517615116869377
869	TMPRSS11E	Neuron	869	r1	-0.07343127808588294
1769	TMPRSS11E	Neuron	869	r2	-0.13751646534677275
870	TRRAP	Neuron	870	r1	-0.06265963736175402
1770	TRRAP	Neuron	870	r2	-0.14426550830215876
871	TRRAP	Neuron	871	r1	-0.03909102482466766
1771	TRRAP	Neuron	871	r2	-0.12196399333135702
872	TRRAP	Neuron	872	r1	-0.0726357983423193
1772	TRRAP	Neuron	872	r2	-0.1689430203376519
873	TRRAP	Neuron	873	r1	-0.08332576297376312
1773	TRRAP	Neuron	873	r2	-0.14585077884297404
874	TRRAP	Neuron	874	r1	-0.041799856810195865
1774	TRRAP	Neuron	874	r2	-0.14949565292881564
875	TRRAP	Neuron	875	r1	-0.07028792886631406
1775	TRRAP	Neuron	875	r2	-0.1527934700418151
876	TRRAP	Neuron	876	r1	-0.06238270477710818
1776	TRRAP	Neuron	876	r2	-0.1478202947165334
877	TRRAP	Neuron	877	r1	-0.05816440817835401
1777	TRRAP	Neuron	877	r2	-0.13555445783994574
878	TRRAP	Neuron	878	r1	-0.09357591888814676
1778	TRRAP	Neuron	878	r2	-0.1352227851066622
879	TRRAP	Neuron	879	r1	-0.06645788420691605
1779	TRRAP	Neuron	879	r2	-0.15043178490927372
880	ULBP1	Neuron	880	r1	-0.0483849357602474
1780	ULBP1	Neuron	880	r2	-0.12979075690615238
881	ULBP1	Neuron	881	r1	-0.05705610359584943
1781	ULBP1	Neuron	881	r2	-0.12042902718558797
882	ULBP1	Neuron	882	r1	-0.054571630159193266
1782	ULBP1	Neuron	882	r2	-0.15785036067856104
883	ULBP1	Neuron	883	r1	0.0
1783	ULBP1	Neuron	883	r2	0.0
884	ULBP1	Neuron	884	r1	-0.03721564528694921
1784	ULBP1	Neuron	884	r2	-0.13433074546163476
885	ULBP1	Neuron	885	r1	-0.06565899687526872
1785	ULBP1	Neuron	885	r2	-0.12821729780075383
886	ULBP1	Neuron	886	r1	-0.07085180440360145
1786	ULBP1	Neuron	886	r2	-0.14188563176603775
887	ULBP1	Neuron	887	r1	-0.046782906489382534
1787	ULBP1	Neuron	887	r2	-0.10305704473145177
888	ULBP1	Neuron	888	r1	-0.04991781464369981
1788	ULBP1	Neuron	888	r2	-0.1359900534630884
889	ULBP1	Neuron	889	r1	-0.07711064904652011
1789	ULBP1	Neuron	889	r2	-0.14851914038843048
890	VSX1	Neuron	890	r1	-0.04612132672786903
1790	VSX1	Neuron	890	r2	-0.14909931876298674
891	VSX1	Neuron	891	r1	-0.07887136458128659
1791	VSX1	Neuron	891	r2	-0.1441297814240833
892	VSX1	Neuron	892	r1	-0.05010562212515849
1792	VSX1	Neuron	892	r2	-0.12553195369512601
893	VSX1	Neuron	893	r1	-0.038135522423652764
1793	VSX1	Neuron	893	r2	-0.12576653593791048
894	VSX1	Neuron	894	r1	-0.06390978801406154
1794	VSX1	Neuron	894	r2	-0.1328577651150484
895	VSX1	Neuron	895	r1	-0.06021485270781017
1795	VSX1	Neuron	895	r2	-0.13953784529868768
896	VSX1	Neuron	896	r1	-0.06883450582029695
1796	VSX1	Neuron	896	r2	-0.14900258424500135
897	VSX1	Neuron	897	r1	-0.04939502885688967
1797	VSX1	Neuron	897	r2	-0.11678072427253301
898	VSX1	Neuron	898	r1	-0.045892955050516285
1798	VSX1	Neuron	898	r2	-0.14412355552382516
899	VSX1	Neuron	899	r1	-0.06174886803485605
1799	VSX1	Neuron	899	r2	-0.14898247741511758
