genes	conditions	sgrnas	replicates	gamma	beta	l	readout
PSMC5	C0	0	R0	-0.8375654636336758	0.004221374671559283	0.0	-0.8333440889621165
PSMC5	C0	0	R1	-0.8375654636336758	0.004221374671559283	0.0	-0.8333440889621165
PSMC5	C0	0	R2	-0.8375654636336758	0.004221374671559283	0.0	-0.8333440889621165
PSMC5	C0	0	R3	-0.8375654636336758	0.004221374671559283	0.0	-0.8333440889621165
PSMC5	C0	0	R4	-0.8375654636336758	0.004221374671559283	0.0	-0.8333440889621165
PSMC5	C0	1	R0	-0.8375654636336758	0.004221374671559283	0.0	-0.8333440889621165
PSMC5	C0	1	R1	-0.8375654636336758	0.004221374671559283	0.0	-0.8333440889621165
PSMC5	C0	1	R2	-0.8375654636336758	0.004221374671559283	0.0	-0.8333440889621165
PSMC5	C0	1	R3	-0.8375654636336758	0.004221374671559283	0.0	-0.8333440889621165
PSMC5	C0	1	R4	-0.8375654636336758	0.004221374671559283	0.0	-0.8333440889621165
PSMC5	C0	2	R0	-0.8375654636336758	0.004221374671559283	0.0	-0.8333440889621165
PSMC5	C0	2	R1	-0.8375654636336758	0.004221374671559283	0.0	-0.8333440889621165
PSMC5	C0	2	R2	-0.8375654636336758	0.004221374671559283	0.0	-0.8333440889621165
PSMC5	C0	2	R3	-0.8375654636336758	0.004221374671559283	0.0	-0.8333440889621165
PSMC5	C0	2	R4	-0.8375654636336758	0.004221374671559283	0.0	-0.8333440889621165
PSMC5	C0	3	R0	-0.8375654636336758	0.004221374671559283	0.0	-0.8333440889621165
PSMC5	C0	3	R1	-0.8375654636336758	0.004221374671559283	0.0	-0.8333440889621165
PSMC5	C0	3	R2	-0.8375654636336758	0.004221374671559283	0.0	-0.8333440889621165
PSMC5	C0	3	R3	-0.8375654636336758	0.004221374671559283	0.0	-0.8333440889621165
PSMC5	C0	3	R4	-0.8375654636336758	0.004221374671559283	0.0	-0.8333440889621165
PSMC5	C0	4	R0	-0.8375654636336758	0.004221374671559283	0.0	-0.8333440889621165
PSMC5	C0	4	R1	-0.8375654636336758	0.004221374671559283	0.0	-0.8333440889621165
PSMC5	C0	4	R2	-0.8375654636336758	0.004221374671559283	0.0	-0.8333440889621165
PSMC5	C0	4	R3	-0.8375654636336758	0.004221374671559283	0.0	-0.8333440889621165
PSMC5	C0	4	R4	-0.8375654636336758	0.004221374671559283	0.0	-0.8333440889621165
PSMC5	C1	5	R0	-0.8375654636336758	0.058281521371582226	0.0	-0.7792839422620935
PSMC5	C1	5	R1	-0.8375654636336758	0.058281521371582226	0.0	-0.7792839422620935
PSMC5	C1	5	R2	-0.8375654636336758	0.058281521371582226	0.0	-0.7792839422620935
PSMC5	C1	5	R3	-0.8375654636336758	0.058281521371582226	0.0	-0.7792839422620935
PSMC5	C1	5	R4	-0.8375654636336758	0.058281521371582226	0.0	-0.7792839422620935
PSMC5	C1	6	R0	-0.8375654636336758	0.058281521371582226	0.0	-0.7792839422620935
PSMC5	C1	6	R1	-0.8375654636336758	0.058281521371582226	0.0	-0.7792839422620935
PSMC5	C1	6	R2	-0.8375654636336758	0.058281521371582226	0.0	-0.7792839422620935
PSMC5	C1	6	R3	-0.8375654636336758	0.058281521371582226	0.0	-0.7792839422620935
PSMC5	C1	6	R4	-0.8375654636336758	0.058281521371582226	0.0	-0.7792839422620935
PSMC5	C1	7	R0	-0.8375654636336758	0.058281521371582226	0.0	-0.7792839422620935
PSMC5	C1	7	R1	-0.8375654636336758	0.058281521371582226	0.0	-0.7792839422620935
PSMC5	C1	7	R2	-0.8375654636336758	0.058281521371582226	0.0	-0.7792839422620935
PSMC5	C1	7	R3	-0.8375654636336758	0.058281521371582226	0.0	-0.7792839422620935
PSMC5	C1	7	R4	-0.8375654636336758	0.058281521371582226	0.0	-0.7792839422620935
PSMC5	C1	8	R0	-0.8375654636336758	0.058281521371582226	0.0	-0.7792839422620935
PSMC5	C1	8	R1	-0.8375654636336758	0.058281521371582226	0.0	-0.7792839422620935
PSMC5	C1	8	R2	-0.8375654636336758	0.058281521371582226	0.0	-0.7792839422620935
PSMC5	C1	8	R3	-0.8375654636336758	0.058281521371582226	0.0	-0.7792839422620935
PSMC5	C1	8	R4	-0.8375654636336758	0.058281521371582226	0.0	-0.7792839422620935
PSMC5	C1	9	R0	-0.8375654636336758	0.058281521371582226	0.0	-0.7792839422620935
PSMC5	C1	9	R1	-0.8375654636336758	0.058281521371582226	0.0	-0.7792839422620935
PSMC5	C1	9	R2	-0.8375654636336758	0.058281521371582226	0.0	-0.7792839422620935
PSMC5	C1	9	R3	-0.8375654636336758	0.058281521371582226	0.0	-0.7792839422620935
PSMC5	C1	9	R4	-0.8375654636336758	0.058281521371582226	0.0	-0.7792839422620935
PSMB1	C2	10	R0	-1.0611756413650075	-0.06916607517253091	0.0	-1.1303417165375385
PSMB1	C2	10	R1	-1.0611756413650075	-0.06916607517253091	0.0	-1.1303417165375385
PSMB1	C2	10	R2	-1.0611756413650075	-0.06916607517253091	0.0	-1.1303417165375385
PSMB1	C2	10	R3	-1.0611756413650075	-0.06916607517253091	0.0	-1.1303417165375385
PSMB1	C2	10	R4	-1.0611756413650075	-0.06916607517253091	0.0	-1.1303417165375385
PSMB1	C2	11	R0	-1.0611756413650075	-0.06916607517253091	0.0	-1.1303417165375385
PSMB1	C2	11	R1	-1.0611756413650075	-0.06916607517253091	0.0	-1.1303417165375385
PSMB1	C2	11	R2	-1.0611756413650075	-0.06916607517253091	0.0	-1.1303417165375385
PSMB1	C2	11	R3	-1.0611756413650075	-0.06916607517253091	0.0	-1.1303417165375385
PSMB1	C2	11	R4	-1.0611756413650075	-0.06916607517253091	0.0	-1.1303417165375385
PSMB1	C2	12	R0	-1.0611756413650075	-0.06916607517253091	0.0	-1.1303417165375385
PSMB1	C2	12	R1	-1.0611756413650075	-0.06916607517253091	0.0	-1.1303417165375385
PSMB1	C2	12	R2	-1.0611756413650075	-0.06916607517253091	0.0	-1.1303417165375385
PSMB1	C2	12	R3	-1.0611756413650075	-0.06916607517253091	0.0	-1.1303417165375385
PSMB1	C2	12	R4	-1.0611756413650075	-0.06916607517253091	0.0	-1.1303417165375385
PSMB1	C2	13	R0	-1.0611756413650075	-0.06916607517253091	0.0	-1.1303417165375385
PSMB1	C2	13	R1	-1.0611756413650075	-0.06916607517253091	0.0	-1.1303417165375385
PSMB1	C2	13	R2	-1.0611756413650075	-0.06916607517253091	0.0	-1.1303417165375385
PSMB1	C2	13	R3	-1.0611756413650075	-0.06916607517253091	0.0	-1.1303417165375385
PSMB1	C2	13	R4	-1.0611756413650075	-0.06916607517253091	0.0	-1.1303417165375385
PSMB1	C2	14	R0	-1.0611756413650075	-0.06916607517253091	0.0	-1.1303417165375385
PSMB1	C2	14	R1	-1.0611756413650075	-0.06916607517253091	0.0	-1.1303417165375385
PSMB1	C2	14	R2	-1.0611756413650075	-0.06916607517253091	0.0	-1.1303417165375385
PSMB1	C2	14	R3	-1.0611756413650075	-0.06916607517253091	0.0	-1.1303417165375385
PSMB1	C2	14	R4	-1.0611756413650075	-0.06916607517253091	0.0	-1.1303417165375385
PSMB1	C3	15	R0	-1.0611756413650075	-0.08876289640848363	0.0	-1.1499385377734912
PSMB1	C3	15	R1	-1.0611756413650075	-0.08876289640848363	0.0	-1.1499385377734912
PSMB1	C3	15	R2	-1.0611756413650075	-0.08876289640848363	0.0	-1.1499385377734912
PSMB1	C3	15	R3	-1.0611756413650075	-0.08876289640848363	0.0	-1.1499385377734912
PSMB1	C3	15	R4	-1.0611756413650075	-0.08876289640848363	0.0	-1.1499385377734912
PSMB1	C3	16	R0	-1.0611756413650075	-0.08876289640848363	0.0	-1.1499385377734912
PSMB1	C3	16	R1	-1.0611756413650075	-0.08876289640848363	0.0	-1.1499385377734912
PSMB1	C3	16	R2	-1.0611756413650075	-0.08876289640848363	0.0	-1.1499385377734912
PSMB1	C3	16	R3	-1.0611756413650075	-0.08876289640848363	0.0	-1.1499385377734912
PSMB1	C3	16	R4	-1.0611756413650075	-0.08876289640848363	0.0	-1.1499385377734912
PSMB1	C3	17	R0	-1.0611756413650075	-0.08876289640848363	0.0	-1.1499385377734912
PSMB1	C3	17	R1	-1.0611756413650075	-0.08876289640848363	0.0	-1.1499385377734912
PSMB1	C3	17	R2	-1.0611756413650075	-0.08876289640848363	0.0	-1.1499385377734912
PSMB1	C3	17	R3	-1.0611756413650075	-0.08876289640848363	0.0	-1.1499385377734912
PSMB1	C3	17	R4	-1.0611756413650075	-0.08876289640848363	0.0	-1.1499385377734912
PSMB1	C3	18	R0	-1.0611756413650075	-0.08876289640848363	0.0	-1.1499385377734912
PSMB1	C3	18	R1	-1.0611756413650075	-0.08876289640848363	0.0	-1.1499385377734912
PSMB1	C3	18	R2	-1.0611756413650075	-0.08876289640848363	0.0	-1.1499385377734912
PSMB1	C3	18	R3	-1.0611756413650075	-0.08876289640848363	0.0	-1.1499385377734912
PSMB1	C3	18	R4	-1.0611756413650075	-0.08876289640848363	0.0	-1.1499385377734912
PSMB1	C3	19	R0	-1.0611756413650075	-0.08876289640848363	0.0	-1.1499385377734912
PSMB1	C3	19	R1	-1.0611756413650075	-0.08876289640848363	0.0	-1.1499385377734912
PSMB1	C3	19	R2	-1.0611756413650075	-0.08876289640848363	0.0	-1.1499385377734912
PSMB1	C3	19	R3	-1.0611756413650075	-0.08876289640848363	0.0	-1.1499385377734912
PSMB1	C3	19	R4	-1.0611756413650075	-0.08876289640848363	0.0	-1.1499385377734912
PSMC3	C4	20	R0	-1.0528171752263455	0.012015895248162916	0.0	-1.0408012799781827
PSMC3	C4	20	R1	-1.0528171752263455	0.012015895248162916	0.0	-1.0408012799781827
PSMC3	C4	20	R2	-1.0528171752263455	0.012015895248162916	0.0	-1.0408012799781827
PSMC3	C4	20	R3	-1.0528171752263455	0.012015895248162916	0.0	-1.0408012799781827
PSMC3	C4	20	R4	-1.0528171752263455	0.012015895248162916	0.0	-1.0408012799781827
PSMC3	C4	21	R0	-1.0528171752263455	0.012015895248162916	0.0	-1.0408012799781827
PSMC3	C4	21	R1	-1.0528171752263455	0.012015895248162916	0.0	-1.0408012799781827
PSMC3	C4	21	R2	-1.0528171752263455	0.012015895248162916	0.0	-1.0408012799781827
PSMC3	C4	21	R3	-1.0528171752263455	0.012015895248162916	0.0	-1.0408012799781827
PSMC3	C4	21	R4	-1.0528171752263455	0.012015895248162916	0.0	-1.0408012799781827
PSMC3	C4	22	R0	-1.0528171752263455	0.012015895248162916	0.0	-1.0408012799781827
PSMC3	C4	22	R1	-1.0528171752263455	0.012015895248162916	0.0	-1.0408012799781827
PSMC3	C4	22	R2	-1.0528171752263455	0.012015895248162916	0.0	-1.0408012799781827
PSMC3	C4	22	R3	-1.0528171752263455	0.012015895248162916	0.0	-1.0408012799781827
PSMC3	C4	22	R4	-1.0528171752263455	0.012015895248162916	0.0	-1.0408012799781827
PSMC3	C4	23	R0	-1.0528171752263455	0.012015895248162916	0.0	-1.0408012799781827
PSMC3	C4	23	R1	-1.0528171752263455	0.012015895248162916	0.0	-1.0408012799781827
PSMC3	C4	23	R2	-1.0528171752263455	0.012015895248162916	0.0	-1.0408012799781827
PSMC3	C4	23	R3	-1.0528171752263455	0.012015895248162916	0.0	-1.0408012799781827
PSMC3	C4	23	R4	-1.0528171752263455	0.012015895248162916	0.0	-1.0408012799781827
PSMC3	C4	24	R0	-1.0528171752263455	0.012015895248162916	0.0	-1.0408012799781827
PSMC3	C4	24	R1	-1.0528171752263455	0.012015895248162916	0.0	-1.0408012799781827
PSMC3	C4	24	R2	-1.0528171752263455	0.012015895248162916	0.0	-1.0408012799781827
PSMC3	C4	24	R3	-1.0528171752263455	0.012015895248162916	0.0	-1.0408012799781827
PSMC3	C4	24	R4	-1.0528171752263455	0.012015895248162916	0.0	-1.0408012799781827
PSMC3	C5	25	R0	-1.0528171752263455	0.061720310970741925	0.0	-0.9910968642556036
PSMC3	C5	25	R1	-1.0528171752263455	0.061720310970741925	0.0	-0.9910968642556036
PSMC3	C5	25	R2	-1.0528171752263455	0.061720310970741925	0.0	-0.9910968642556036
PSMC3	C5	25	R3	-1.0528171752263455	0.061720310970741925	0.0	-0.9910968642556036
PSMC3	C5	25	R4	-1.0528171752263455	0.061720310970741925	0.0	-0.9910968642556036
PSMC3	C5	26	R0	-1.0528171752263455	0.061720310970741925	0.0	-0.9910968642556036
PSMC3	C5	26	R1	-1.0528171752263455	0.061720310970741925	0.0	-0.9910968642556036
PSMC3	C5	26	R2	-1.0528171752263455	0.061720310970741925	0.0	-0.9910968642556036
PSMC3	C5	26	R3	-1.0528171752263455	0.061720310970741925	0.0	-0.9910968642556036
PSMC3	C5	26	R4	-1.0528171752263455	0.061720310970741925	0.0	-0.9910968642556036
PSMC3	C5	27	R0	-1.0528171752263455	0.061720310970741925	0.0	-0.9910968642556036
PSMC3	C5	27	R1	-1.0528171752263455	0.061720310970741925	0.0	-0.9910968642556036
PSMC3	C5	27	R2	-1.0528171752263455	0.061720310970741925	0.0	-0.9910968642556036
PSMC3	C5	27	R3	-1.0528171752263455	0.061720310970741925	0.0	-0.9910968642556036
PSMC3	C5	27	R4	-1.0528171752263455	0.061720310970741925	0.0	-0.9910968642556036
PSMC3	C5	28	R0	-1.0528171752263455	0.061720310970741925	0.0	-0.9910968642556036
PSMC3	C5	28	R1	-1.0528171752263455	0.061720310970741925	0.0	-0.9910968642556036
PSMC3	C5	28	R2	-1.0528171752263455	0.061720310970741925	0.0	-0.9910968642556036
PSMC3	C5	28	R3	-1.0528171752263455	0.061720310970741925	0.0	-0.9910968642556036
PSMC3	C5	28	R4	-1.0528171752263455	0.061720310970741925	0.0	-0.9910968642556036
PSMC3	C5	29	R0	-1.0528171752263455	0.061720310970741925	0.0	-0.9910968642556036
PSMC3	C5	29	R1	-1.0528171752263455	0.061720310970741925	0.0	-0.9910968642556036
PSMC3	C5	29	R2	-1.0528171752263455	0.061720310970741925	0.0	-0.9910968642556036
PSMC3	C5	29	R3	-1.0528171752263455	0.061720310970741925	0.0	-0.9910968642556036
PSMC3	C5	29	R4	-1.0528171752263455	0.061720310970741925	0.0	-0.9910968642556036
POLR3K	C6	30	R0	-1.107296862215617	0.03001703199558275	0.0	-1.0772798302200342
POLR3K	C6	30	R1	-1.107296862215617	0.03001703199558275	0.0	-1.0772798302200342
POLR3K	C6	30	R2	-1.107296862215617	0.03001703199558275	0.0	-1.0772798302200342
POLR3K	C6	30	R3	-1.107296862215617	0.03001703199558275	0.0	-1.0772798302200342
POLR3K	C6	30	R4	-1.107296862215617	0.03001703199558275	0.0	-1.0772798302200342
POLR3K	C6	31	R0	-1.107296862215617	0.03001703199558275	0.0	-1.0772798302200342
POLR3K	C6	31	R1	-1.107296862215617	0.03001703199558275	0.0	-1.0772798302200342
POLR3K	C6	31	R2	-1.107296862215617	0.03001703199558275	0.0	-1.0772798302200342
POLR3K	C6	31	R3	-1.107296862215617	0.03001703199558275	0.0	-1.0772798302200342
POLR3K	C6	31	R4	-1.107296862215617	0.03001703199558275	0.0	-1.0772798302200342
POLR3K	C6	32	R0	-1.107296862215617	0.03001703199558275	0.0	-1.0772798302200342
POLR3K	C6	32	R1	-1.107296862215617	0.03001703199558275	0.0	-1.0772798302200342
POLR3K	C6	32	R2	-1.107296862215617	0.03001703199558275	0.0	-1.0772798302200342
POLR3K	C6	32	R3	-1.107296862215617	0.03001703199558275	0.0	-1.0772798302200342
POLR3K	C6	32	R4	-1.107296862215617	0.03001703199558275	0.0	-1.0772798302200342
POLR3K	C6	33	R0	-1.107296862215617	0.03001703199558275	0.0	-1.0772798302200342
POLR3K	C6	33	R1	-1.107296862215617	0.03001703199558275	0.0	-1.0772798302200342
POLR3K	C6	33	R2	-1.107296862215617	0.03001703199558275	0.0	-1.0772798302200342
POLR3K	C6	33	R3	-1.107296862215617	0.03001703199558275	0.0	-1.0772798302200342
POLR3K	C6	33	R4	-1.107296862215617	0.03001703199558275	0.0	-1.0772798302200342
POLR3K	C6	34	R0	-1.107296862215617	0.03001703199558275	0.0	-1.0772798302200342
POLR3K	C6	34	R1	-1.107296862215617	0.03001703199558275	0.0	-1.0772798302200342
POLR3K	C6	34	R2	-1.107296862215617	0.03001703199558275	0.0	-1.0772798302200342
POLR3K	C6	34	R3	-1.107296862215617	0.03001703199558275	0.0	-1.0772798302200342
POLR3K	C6	34	R4	-1.107296862215617	0.03001703199558275	0.0	-1.0772798302200342
POLR3K	C7	35	R0	-1.107296862215617	-0.035224984649351865	0.0	-1.1425218468649687
POLR3K	C7	35	R1	-1.107296862215617	-0.035224984649351865	0.0	-1.1425218468649687
POLR3K	C7	35	R2	-1.107296862215617	-0.035224984649351865	0.0	-1.1425218468649687
POLR3K	C7	35	R3	-1.107296862215617	-0.035224984649351865	0.0	-1.1425218468649687
POLR3K	C7	35	R4	-1.107296862215617	-0.035224984649351865	0.0	-1.1425218468649687
POLR3K	C7	36	R0	-1.107296862215617	-0.035224984649351865	0.0	-1.1425218468649687
POLR3K	C7	36	R1	-1.107296862215617	-0.035224984649351865	0.0	-1.1425218468649687
POLR3K	C7	36	R2	-1.107296862215617	-0.035224984649351865	0.0	-1.1425218468649687
POLR3K	C7	36	R3	-1.107296862215617	-0.035224984649351865	0.0	-1.1425218468649687
POLR3K	C7	36	R4	-1.107296862215617	-0.035224984649351865	0.0	-1.1425218468649687
POLR3K	C7	37	R0	-1.107296862215617	-0.035224984649351865	0.0	-1.1425218468649687
POLR3K	C7	37	R1	-1.107296862215617	-0.035224984649351865	0.0	-1.1425218468649687
POLR3K	C7	37	R2	-1.107296862215617	-0.035224984649351865	0.0	-1.1425218468649687
POLR3K	C7	37	R3	-1.107296862215617	-0.035224984649351865	0.0	-1.1425218468649687
POLR3K	C7	37	R4	-1.107296862215617	-0.035224984649351865	0.0	-1.1425218468649687
POLR3K	C7	38	R0	-1.107296862215617	-0.035224984649351865	0.0	-1.1425218468649687
POLR3K	C7	38	R1	-1.107296862215617	-0.035224984649351865	0.0	-1.1425218468649687
POLR3K	C7	38	R2	-1.107296862215617	-0.035224984649351865	0.0	-1.1425218468649687
POLR3K	C7	38	R3	-1.107296862215617	-0.035224984649351865	0.0	-1.1425218468649687
POLR3K	C7	38	R4	-1.107296862215617	-0.035224984649351865	0.0	-1.1425218468649687
POLR3K	C7	39	R0	-1.107296862215617	-0.035224984649351865	0.0	-1.1425218468649687
POLR3K	C7	39	R1	-1.107296862215617	-0.035224984649351865	0.0	-1.1425218468649687
POLR3K	C7	39	R2	-1.107296862215617	-0.035224984649351865	0.0	-1.1425218468649687
POLR3K	C7	39	R3	-1.107296862215617	-0.035224984649351865	0.0	-1.1425218468649687
POLR3K	C7	39	R4	-1.107296862215617	-0.035224984649351865	0.0	-1.1425218468649687
POLR2C	C8	40	R0	-0.9134592370675322	-0.11425181980221402	0.0	-1.0277110568697463
POLR2C	C8	40	R1	-0.9134592370675322	-0.11425181980221402	0.0	-1.0277110568697463
POLR2C	C8	40	R2	-0.9134592370675322	-0.11425181980221402	0.0	-1.0277110568697463
POLR2C	C8	40	R3	-0.9134592370675322	-0.11425181980221402	0.0	-1.0277110568697463
POLR2C	C8	40	R4	-0.9134592370675322	-0.11425181980221402	0.0	-1.0277110568697463
POLR2C	C8	41	R0	-0.9134592370675322	-0.11425181980221402	0.0	-1.0277110568697463
POLR2C	C8	41	R1	-0.9134592370675322	-0.11425181980221402	0.0	-1.0277110568697463
POLR2C	C8	41	R2	-0.9134592370675322	-0.11425181980221402	0.0	-1.0277110568697463
POLR2C	C8	41	R3	-0.9134592370675322	-0.11425181980221402	0.0	-1.0277110568697463
POLR2C	C8	41	R4	-0.9134592370675322	-0.11425181980221402	0.0	-1.0277110568697463
POLR2C	C8	42	R0	-0.9134592370675322	-0.11425181980221402	0.0	-1.0277110568697463
POLR2C	C8	42	R1	-0.9134592370675322	-0.11425181980221402	0.0	-1.0277110568697463
POLR2C	C8	42	R2	-0.9134592370675322	-0.11425181980221402	0.0	-1.0277110568697463
POLR2C	C8	42	R3	-0.9134592370675322	-0.11425181980221402	0.0	-1.0277110568697463
POLR2C	C8	42	R4	-0.9134592370675322	-0.11425181980221402	0.0	-1.0277110568697463
POLR2C	C8	43	R0	-0.9134592370675322	-0.11425181980221402	0.0	-1.0277110568697463
POLR2C	C8	43	R1	-0.9134592370675322	-0.11425181980221402	0.0	-1.0277110568697463
POLR2C	C8	43	R2	-0.9134592370675322	-0.11425181980221402	0.0	-1.0277110568697463
POLR2C	C8	43	R3	-0.9134592370675322	-0.11425181980221402	0.0	-1.0277110568697463
POLR2C	C8	43	R4	-0.9134592370675322	-0.11425181980221402	0.0	-1.0277110568697463
POLR2C	C8	44	R0	-0.9134592370675322	-0.11425181980221402	0.0	-1.0277110568697463
POLR2C	C8	44	R1	-0.9134592370675322	-0.11425181980221402	0.0	-1.0277110568697463
POLR2C	C8	44	R2	-0.9134592370675322	-0.11425181980221402	0.0	-1.0277110568697463
POLR2C	C8	44	R3	-0.9134592370675322	-0.11425181980221402	0.0	-1.0277110568697463
POLR2C	C8	44	R4	-0.9134592370675322	-0.11425181980221402	0.0	-1.0277110568697463
POLR2C	C9	45	R0	-0.9134592370675322	-0.03493427224128775	0.0	-0.9483935093088199
POLR2C	C9	45	R1	-0.9134592370675322	-0.03493427224128775	0.0	-0.9483935093088199
POLR2C	C9	45	R2	-0.9134592370675322	-0.03493427224128775	0.0	-0.9483935093088199
POLR2C	C9	45	R3	-0.9134592370675322	-0.03493427224128775	0.0	-0.9483935093088199
POLR2C	C9	45	R4	-0.9134592370675322	-0.03493427224128775	0.0	-0.9483935093088199
POLR2C	C9	46	R0	-0.9134592370675322	-0.03493427224128775	0.0	-0.9483935093088199
POLR2C	C9	46	R1	-0.9134592370675322	-0.03493427224128775	0.0	-0.9483935093088199
POLR2C	C9	46	R2	-0.9134592370675322	-0.03493427224128775	0.0	-0.9483935093088199
POLR2C	C9	46	R3	-0.9134592370675322	-0.03493427224128775	0.0	-0.9483935093088199
POLR2C	C9	46	R4	-0.9134592370675322	-0.03493427224128775	0.0	-0.9483935093088199
POLR2C	C9	47	R0	-0.9134592370675322	-0.03493427224128775	0.0	-0.9483935093088199
POLR2C	C9	47	R1	-0.9134592370675322	-0.03493427224128775	0.0	-0.9483935093088199
POLR2C	C9	47	R2	-0.9134592370675322	-0.03493427224128775	0.0	-0.9483935093088199
POLR2C	C9	47	R3	-0.9134592370675322	-0.03493427224128775	0.0	-0.9483935093088199
POLR2C	C9	47	R4	-0.9134592370675322	-0.03493427224128775	0.0	-0.9483935093088199
POLR2C	C9	48	R0	-0.9134592370675322	-0.03493427224128775	0.0	-0.9483935093088199
POLR2C	C9	48	R1	-0.9134592370675322	-0.03493427224128775	0.0	-0.9483935093088199
POLR2C	C9	48	R2	-0.9134592370675322	-0.03493427224128775	0.0	-0.9483935093088199
POLR2C	C9	48	R3	-0.9134592370675322	-0.03493427224128775	0.0	-0.9483935093088199
POLR2C	C9	48	R4	-0.9134592370675322	-0.03493427224128775	0.0	-0.9483935093088199
POLR2C	C9	49	R0	-0.9134592370675322	-0.03493427224128775	0.0	-0.9483935093088199
POLR2C	C9	49	R1	-0.9134592370675322	-0.03493427224128775	0.0	-0.9483935093088199
POLR2C	C9	49	R2	-0.9134592370675322	-0.03493427224128775	0.0	-0.9483935093088199
POLR2C	C9	49	R3	-0.9134592370675322	-0.03493427224128775	0.0	-0.9483935093088199
POLR2C	C9	49	R4	-0.9134592370675322	-0.03493427224128775	0.0	-0.9483935093088199
POLR1B	C10	50	R0	-1.2301538696880283	-0.11006191772129213	0.0	-1.3402157874093203
POLR1B	C10	50	R1	-1.2301538696880283	-0.11006191772129213	0.0	-1.3402157874093203
POLR1B	C10	50	R2	-1.2301538696880283	-0.11006191772129213	0.0	-1.3402157874093203
POLR1B	C10	50	R3	-1.2301538696880283	-0.11006191772129213	0.0	-1.3402157874093203
POLR1B	C10	50	R4	-1.2301538696880283	-0.11006191772129213	0.0	-1.3402157874093203
POLR1B	C10	51	R0	-1.2301538696880283	-0.11006191772129213	0.0	-1.3402157874093203
POLR1B	C10	51	R1	-1.2301538696880283	-0.11006191772129213	0.0	-1.3402157874093203
POLR1B	C10	51	R2	-1.2301538696880283	-0.11006191772129213	0.0	-1.3402157874093203
POLR1B	C10	51	R3	-1.2301538696880283	-0.11006191772129213	0.0	-1.3402157874093203
POLR1B	C10	51	R4	-1.2301538696880283	-0.11006191772129213	0.0	-1.3402157874093203
POLR1B	C10	52	R0	-1.2301538696880283	-0.11006191772129213	0.0	-1.3402157874093203
POLR1B	C10	52	R1	-1.2301538696880283	-0.11006191772129213	0.0	-1.3402157874093203
POLR1B	C10	52	R2	-1.2301538696880283	-0.11006191772129213	0.0	-1.3402157874093203
POLR1B	C10	52	R3	-1.2301538696880283	-0.11006191772129213	0.0	-1.3402157874093203
POLR1B	C10	52	R4	-1.2301538696880283	-0.11006191772129213	0.0	-1.3402157874093203
POLR1B	C10	53	R0	-1.2301538696880283	-0.11006191772129213	0.0	-1.3402157874093203
POLR1B	C10	53	R1	-1.2301538696880283	-0.11006191772129213	0.0	-1.3402157874093203
POLR1B	C10	53	R2	-1.2301538696880283	-0.11006191772129213	0.0	-1.3402157874093203
POLR1B	C10	53	R3	-1.2301538696880283	-0.11006191772129213	0.0	-1.3402157874093203
POLR1B	C10	53	R4	-1.2301538696880283	-0.11006191772129213	0.0	-1.3402157874093203
POLR1B	C10	54	R0	-1.2301538696880283	-0.11006191772129213	0.0	-1.3402157874093203
POLR1B	C10	54	R1	-1.2301538696880283	-0.11006191772129213	0.0	-1.3402157874093203
POLR1B	C10	54	R2	-1.2301538696880283	-0.11006191772129213	0.0	-1.3402157874093203
POLR1B	C10	54	R3	-1.2301538696880283	-0.11006191772129213	0.0	-1.3402157874093203
POLR1B	C10	54	R4	-1.2301538696880283	-0.11006191772129213	0.0	-1.3402157874093203
POLR1B	C11	55	R0	-1.2301538696880283	0.11447237098396142	0.0	-1.1156814987040669
POLR1B	C11	55	R1	-1.2301538696880283	0.11447237098396142	0.0	-1.1156814987040669
POLR1B	C11	55	R2	-1.2301538696880283	0.11447237098396142	0.0	-1.1156814987040669
POLR1B	C11	55	R3	-1.2301538696880283	0.11447237098396142	0.0	-1.1156814987040669
POLR1B	C11	55	R4	-1.2301538696880283	0.11447237098396142	0.0	-1.1156814987040669
POLR1B	C11	56	R0	-1.2301538696880283	0.11447237098396142	0.0	-1.1156814987040669
POLR1B	C11	56	R1	-1.2301538696880283	0.11447237098396142	0.0	-1.1156814987040669
POLR1B	C11	56	R2	-1.2301538696880283	0.11447237098396142	0.0	-1.1156814987040669
POLR1B	C11	56	R3	-1.2301538696880283	0.11447237098396142	0.0	-1.1156814987040669
POLR1B	C11	56	R4	-1.2301538696880283	0.11447237098396142	0.0	-1.1156814987040669
POLR1B	C11	57	R0	-1.2301538696880283	0.11447237098396142	0.0	-1.1156814987040669
POLR1B	C11	57	R1	-1.2301538696880283	0.11447237098396142	0.0	-1.1156814987040669
POLR1B	C11	57	R2	-1.2301538696880283	0.11447237098396142	0.0	-1.1156814987040669
POLR1B	C11	57	R3	-1.2301538696880283	0.11447237098396142	0.0	-1.1156814987040669
POLR1B	C11	57	R4	-1.2301538696880283	0.11447237098396142	0.0	-1.1156814987040669
POLR1B	C11	58	R0	-1.2301538696880283	0.11447237098396142	0.0	-1.1156814987040669
POLR1B	C11	58	R1	-1.2301538696880283	0.11447237098396142	0.0	-1.1156814987040669
POLR1B	C11	58	R2	-1.2301538696880283	0.11447237098396142	0.0	-1.1156814987040669
POLR1B	C11	58	R3	-1.2301538696880283	0.11447237098396142	0.0	-1.1156814987040669
POLR1B	C11	58	R4	-1.2301538696880283	0.11447237098396142	0.0	-1.1156814987040669
POLR1B	C11	59	R0	-1.2301538696880283	0.11447237098396142	0.0	-1.1156814987040669
POLR1B	C11	59	R1	-1.2301538696880283	0.11447237098396142	0.0	-1.1156814987040669
POLR1B	C11	59	R2	-1.2301538696880283	0.11447237098396142	0.0	-1.1156814987040669
POLR1B	C11	59	R3	-1.2301538696880283	0.11447237098396142	0.0	-1.1156814987040669
POLR1B	C11	59	R4	-1.2301538696880283	0.11447237098396142	0.0	-1.1156814987040669
PSMC1	C12	60	R0	-0.8255188235783519	0.09015907205927956	0.0	-0.7353597515190724
PSMC1	C12	60	R1	-0.8255188235783519	0.09015907205927956	0.0	-0.7353597515190724
PSMC1	C12	60	R2	-0.8255188235783519	0.09015907205927956	0.0	-0.7353597515190724
PSMC1	C12	60	R3	-0.8255188235783519	0.09015907205927956	0.0	-0.7353597515190724
PSMC1	C12	60	R4	-0.8255188235783519	0.09015907205927956	0.0	-0.7353597515190724
PSMC1	C12	61	R0	-0.8255188235783519	0.09015907205927956	0.0	-0.7353597515190724
PSMC1	C12	61	R1	-0.8255188235783519	0.09015907205927956	0.0	-0.7353597515190724
PSMC1	C12	61	R2	-0.8255188235783519	0.09015907205927956	0.0	-0.7353597515190724
PSMC1	C12	61	R3	-0.8255188235783519	0.09015907205927956	0.0	-0.7353597515190724
PSMC1	C12	61	R4	-0.8255188235783519	0.09015907205927956	0.0	-0.7353597515190724
PSMC1	C12	62	R0	-0.8255188235783519	0.09015907205927956	0.0	-0.7353597515190724
PSMC1	C12	62	R1	-0.8255188235783519	0.09015907205927956	0.0	-0.7353597515190724
PSMC1	C12	62	R2	-0.8255188235783519	0.09015907205927956	0.0	-0.7353597515190724
PSMC1	C12	62	R3	-0.8255188235783519	0.09015907205927956	0.0	-0.7353597515190724
PSMC1	C12	62	R4	-0.8255188235783519	0.09015907205927956	0.0	-0.7353597515190724
PSMC1	C12	63	R0	-0.8255188235783519	0.09015907205927956	0.0	-0.7353597515190724
PSMC1	C12	63	R1	-0.8255188235783519	0.09015907205927956	0.0	-0.7353597515190724
PSMC1	C12	63	R2	-0.8255188235783519	0.09015907205927956	0.0	-0.7353597515190724
PSMC1	C12	63	R3	-0.8255188235783519	0.09015907205927956	0.0	-0.7353597515190724
PSMC1	C12	63	R4	-0.8255188235783519	0.09015907205927956	0.0	-0.7353597515190724
PSMC1	C12	64	R0	-0.8255188235783519	0.09015907205927956	0.0	-0.7353597515190724
PSMC1	C12	64	R1	-0.8255188235783519	0.09015907205927956	0.0	-0.7353597515190724
PSMC1	C12	64	R2	-0.8255188235783519	0.09015907205927956	0.0	-0.7353597515190724
PSMC1	C12	64	R3	-0.8255188235783519	0.09015907205927956	0.0	-0.7353597515190724
PSMC1	C12	64	R4	-0.8255188235783519	0.09015907205927956	0.0	-0.7353597515190724
PSMC1	C13	65	R0	-0.8255188235783519	0.05024943389018682	0.0	-0.7752693896881651
PSMC1	C13	65	R1	-0.8255188235783519	0.05024943389018682	0.0	-0.7752693896881651
PSMC1	C13	65	R2	-0.8255188235783519	0.05024943389018682	0.0	-0.7752693896881651
PSMC1	C13	65	R3	-0.8255188235783519	0.05024943389018682	0.0	-0.7752693896881651
PSMC1	C13	65	R4	-0.8255188235783519	0.05024943389018682	0.0	-0.7752693896881651
PSMC1	C13	66	R0	-0.8255188235783519	0.05024943389018682	0.0	-0.7752693896881651
PSMC1	C13	66	R1	-0.8255188235783519	0.05024943389018682	0.0	-0.7752693896881651
PSMC1	C13	66	R2	-0.8255188235783519	0.05024943389018682	0.0	-0.7752693896881651
PSMC1	C13	66	R3	-0.8255188235783519	0.05024943389018682	0.0	-0.7752693896881651
PSMC1	C13	66	R4	-0.8255188235783519	0.05024943389018682	0.0	-0.7752693896881651
PSMC1	C13	67	R0	-0.8255188235783519	0.05024943389018682	0.0	-0.7752693896881651
PSMC1	C13	67	R1	-0.8255188235783519	0.05024943389018682	0.0	-0.7752693896881651
PSMC1	C13	67	R2	-0.8255188235783519	0.05024943389018682	0.0	-0.7752693896881651
PSMC1	C13	67	R3	-0.8255188235783519	0.05024943389018682	0.0	-0.7752693896881651
PSMC1	C13	67	R4	-0.8255188235783519	0.05024943389018682	0.0	-0.7752693896881651
PSMC1	C13	68	R0	-0.8255188235783519	0.05024943389018682	0.0	-0.7752693896881651
PSMC1	C13	68	R1	-0.8255188235783519	0.05024943389018682	0.0	-0.7752693896881651
PSMC1	C13	68	R2	-0.8255188235783519	0.05024943389018682	0.0	-0.7752693896881651
PSMC1	C13	68	R3	-0.8255188235783519	0.05024943389018682	0.0	-0.7752693896881651
PSMC1	C13	68	R4	-0.8255188235783519	0.05024943389018682	0.0	-0.7752693896881651
PSMC1	C13	69	R0	-0.8255188235783519	0.05024943389018682	0.0	-0.7752693896881651
PSMC1	C13	69	R1	-0.8255188235783519	0.05024943389018682	0.0	-0.7752693896881651
PSMC1	C13	69	R2	-0.8255188235783519	0.05024943389018682	0.0	-0.7752693896881651
PSMC1	C13	69	R3	-0.8255188235783519	0.05024943389018682	0.0	-0.7752693896881651
PSMC1	C13	69	R4	-0.8255188235783519	0.05024943389018682	0.0	-0.7752693896881651
PSMD4	C14	70	R0	-1.0761206900895104	0.09008559492644119	0.0	-0.9860350951630692
PSMD4	C14	70	R1	-1.0761206900895104	0.09008559492644119	0.0	-0.9860350951630692
PSMD4	C14	70	R2	-1.0761206900895104	0.09008559492644119	0.0	-0.9860350951630692
PSMD4	C14	70	R3	-1.0761206900895104	0.09008559492644119	0.0	-0.9860350951630692
PSMD4	C14	70	R4	-1.0761206900895104	0.09008559492644119	0.0	-0.9860350951630692
PSMD4	C14	71	R0	-1.0761206900895104	0.09008559492644119	0.0	-0.9860350951630692
PSMD4	C14	71	R1	-1.0761206900895104	0.09008559492644119	0.0	-0.9860350951630692
PSMD4	C14	71	R2	-1.0761206900895104	0.09008559492644119	0.0	-0.9860350951630692
PSMD4	C14	71	R3	-1.0761206900895104	0.09008559492644119	0.0	-0.9860350951630692
PSMD4	C14	71	R4	-1.0761206900895104	0.09008559492644119	0.0	-0.9860350951630692
PSMD4	C14	72	R0	-1.0761206900895104	0.09008559492644119	0.0	-0.9860350951630692
PSMD4	C14	72	R1	-1.0761206900895104	0.09008559492644119	0.0	-0.9860350951630692
PSMD4	C14	72	R2	-1.0761206900895104	0.09008559492644119	0.0	-0.9860350951630692
PSMD4	C14	72	R3	-1.0761206900895104	0.09008559492644119	0.0	-0.9860350951630692
PSMD4	C14	72	R4	-1.0761206900895104	0.09008559492644119	0.0	-0.9860350951630692
PSMD4	C14	73	R0	-1.0761206900895104	0.09008559492644119	0.0	-0.9860350951630692
PSMD4	C14	73	R1	-1.0761206900895104	0.09008559492644119	0.0	-0.9860350951630692
PSMD4	C14	73	R2	-1.0761206900895104	0.09008559492644119	0.0	-0.9860350951630692
PSMD4	C14	73	R3	-1.0761206900895104	0.09008559492644119	0.0	-0.9860350951630692
PSMD4	C14	73	R4	-1.0761206900895104	0.09008559492644119	0.0	-0.9860350951630692
PSMD4	C14	74	R0	-1.0761206900895104	0.09008559492644119	0.0	-0.9860350951630692
PSMD4	C14	74	R1	-1.0761206900895104	0.09008559492644119	0.0	-0.9860350951630692
PSMD4	C14	74	R2	-1.0761206900895104	0.09008559492644119	0.0	-0.9860350951630692
PSMD4	C14	74	R3	-1.0761206900895104	0.09008559492644119	0.0	-0.9860350951630692
PSMD4	C14	74	R4	-1.0761206900895104	0.09008559492644119	0.0	-0.9860350951630692
PSMD4	C15	75	R0	-1.0761206900895104	-0.06837278591743332	0.0	-1.1444934760069436
PSMD4	C15	75	R1	-1.0761206900895104	-0.06837278591743332	0.0	-1.1444934760069436
PSMD4	C15	75	R2	-1.0761206900895104	-0.06837278591743332	0.0	-1.1444934760069436
PSMD4	C15	75	R3	-1.0761206900895104	-0.06837278591743332	0.0	-1.1444934760069436
PSMD4	C15	75	R4	-1.0761206900895104	-0.06837278591743332	0.0	-1.1444934760069436
PSMD4	C15	76	R0	-1.0761206900895104	-0.06837278591743332	0.0	-1.1444934760069436
PSMD4	C15	76	R1	-1.0761206900895104	-0.06837278591743332	0.0	-1.1444934760069436
PSMD4	C15	76	R2	-1.0761206900895104	-0.06837278591743332	0.0	-1.1444934760069436
PSMD4	C15	76	R3	-1.0761206900895104	-0.06837278591743332	0.0	-1.1444934760069436
PSMD4	C15	76	R4	-1.0761206900895104	-0.06837278591743332	0.0	-1.1444934760069436
PSMD4	C15	77	R0	-1.0761206900895104	-0.06837278591743332	0.0	-1.1444934760069436
PSMD4	C15	77	R1	-1.0761206900895104	-0.06837278591743332	0.0	-1.1444934760069436
PSMD4	C15	77	R2	-1.0761206900895104	-0.06837278591743332	0.0	-1.1444934760069436
PSMD4	C15	77	R3	-1.0761206900895104	-0.06837278591743332	0.0	-1.1444934760069436
PSMD4	C15	77	R4	-1.0761206900895104	-0.06837278591743332	0.0	-1.1444934760069436
PSMD4	C15	78	R0	-1.0761206900895104	-0.06837278591743332	0.0	-1.1444934760069436
PSMD4	C15	78	R1	-1.0761206900895104	-0.06837278591743332	0.0	-1.1444934760069436
PSMD4	C15	78	R2	-1.0761206900895104	-0.06837278591743332	0.0	-1.1444934760069436
PSMD4	C15	78	R3	-1.0761206900895104	-0.06837278591743332	0.0	-1.1444934760069436
PSMD4	C15	78	R4	-1.0761206900895104	-0.06837278591743332	0.0	-1.1444934760069436
PSMD4	C15	79	R0	-1.0761206900895104	-0.06837278591743332	0.0	-1.1444934760069436
PSMD4	C15	79	R1	-1.0761206900895104	-0.06837278591743332	0.0	-1.1444934760069436
PSMD4	C15	79	R2	-1.0761206900895104	-0.06837278591743332	0.0	-1.1444934760069436
PSMD4	C15	79	R3	-1.0761206900895104	-0.06837278591743332	0.0	-1.1444934760069436
PSMD4	C15	79	R4	-1.0761206900895104	-0.06837278591743332	0.0	-1.1444934760069436
TH	C16	80	R0	-0.9680960903942901	-0.012289022551864818	0.0	-0.9803851129461549
TH	C16	80	R1	-0.9680960903942901	-0.012289022551864818	0.0	-0.9803851129461549
TH	C16	80	R2	-0.9680960903942901	-0.012289022551864818	0.0	-0.9803851129461549
TH	C16	80	R3	-0.9680960903942901	-0.012289022551864818	0.0	-0.9803851129461549
TH	C16	80	R4	-0.9680960903942901	-0.012289022551864818	0.0	-0.9803851129461549
TH	C16	81	R0	-0.9680960903942901	-0.012289022551864818	0.0	-0.9803851129461549
TH	C16	81	R1	-0.9680960903942901	-0.012289022551864818	0.0	-0.9803851129461549
TH	C16	81	R2	-0.9680960903942901	-0.012289022551864818	0.0	-0.9803851129461549
TH	C16	81	R3	-0.9680960903942901	-0.012289022551864818	0.0	-0.9803851129461549
TH	C16	81	R4	-0.9680960903942901	-0.012289022551864818	0.0	-0.9803851129461549
TH	C16	82	R0	-0.9680960903942901	-0.012289022551864818	0.0	-0.9803851129461549
TH	C16	82	R1	-0.9680960903942901	-0.012289022551864818	0.0	-0.9803851129461549
TH	C16	82	R2	-0.9680960903942901	-0.012289022551864818	0.0	-0.9803851129461549
TH	C16	82	R3	-0.9680960903942901	-0.012289022551864818	0.0	-0.9803851129461549
TH	C16	82	R4	-0.9680960903942901	-0.012289022551864818	0.0	-0.9803851129461549
TH	C16	83	R0	-0.9680960903942901	-0.012289022551864818	0.0	-0.9803851129461549
TH	C16	83	R1	-0.9680960903942901	-0.012289022551864818	0.0	-0.9803851129461549
TH	C16	83	R2	-0.9680960903942901	-0.012289022551864818	0.0	-0.9803851129461549
TH	C16	83	R3	-0.9680960903942901	-0.012289022551864818	0.0	-0.9803851129461549
TH	C16	83	R4	-0.9680960903942901	-0.012289022551864818	0.0	-0.9803851129461549
TH	C16	84	R0	-0.9680960903942901	-0.012289022551864818	0.0	-0.9803851129461549
TH	C16	84	R1	-0.9680960903942901	-0.012289022551864818	0.0	-0.9803851129461549
TH	C16	84	R2	-0.9680960903942901	-0.012289022551864818	0.0	-0.9803851129461549
TH	C16	84	R3	-0.9680960903942901	-0.012289022551864818	0.0	-0.9803851129461549
TH	C16	84	R4	-0.9680960903942901	-0.012289022551864818	0.0	-0.9803851129461549
TH	C17	85	R0	-0.9680960903942901	-0.09357694342590689	0.0	-1.061673033820197
TH	C17	85	R1	-0.9680960903942901	-0.09357694342590689	0.0	-1.061673033820197
TH	C17	85	R2	-0.9680960903942901	-0.09357694342590689	0.0	-1.061673033820197
TH	C17	85	R3	-0.9680960903942901	-0.09357694342590689	0.0	-1.061673033820197
TH	C17	85	R4	-0.9680960903942901	-0.09357694342590689	0.0	-1.061673033820197
TH	C17	86	R0	-0.9680960903942901	-0.09357694342590689	0.0	-1.061673033820197
TH	C17	86	R1	-0.9680960903942901	-0.09357694342590689	0.0	-1.061673033820197
TH	C17	86	R2	-0.9680960903942901	-0.09357694342590689	0.0	-1.061673033820197
TH	C17	86	R3	-0.9680960903942901	-0.09357694342590689	0.0	-1.061673033820197
TH	C17	86	R4	-0.9680960903942901	-0.09357694342590689	0.0	-1.061673033820197
TH	C17	87	R0	-0.9680960903942901	-0.09357694342590689	0.0	-1.061673033820197
TH	C17	87	R1	-0.9680960903942901	-0.09357694342590689	0.0	-1.061673033820197
TH	C17	87	R2	-0.9680960903942901	-0.09357694342590689	0.0	-1.061673033820197
TH	C17	87	R3	-0.9680960903942901	-0.09357694342590689	0.0	-1.061673033820197
TH	C17	87	R4	-0.9680960903942901	-0.09357694342590689	0.0	-1.061673033820197
TH	C17	88	R0	-0.9680960903942901	-0.09357694342590689	0.0	-1.061673033820197
TH	C17	88	R1	-0.9680960903942901	-0.09357694342590689	0.0	-1.061673033820197
TH	C17	88	R2	-0.9680960903942901	-0.09357694342590689	0.0	-1.061673033820197
TH	C17	88	R3	-0.9680960903942901	-0.09357694342590689	0.0	-1.061673033820197
TH	C17	88	R4	-0.9680960903942901	-0.09357694342590689	0.0	-1.061673033820197
TH	C17	89	R0	-0.9680960903942901	-0.09357694342590689	0.0	-1.061673033820197
TH	C17	89	R1	-0.9680960903942901	-0.09357694342590689	0.0	-1.061673033820197
TH	C17	89	R2	-0.9680960903942901	-0.09357694342590689	0.0	-1.061673033820197
TH	C17	89	R3	-0.9680960903942901	-0.09357694342590689	0.0	-1.061673033820197
TH	C17	89	R4	-0.9680960903942901	-0.09357694342590689	0.0	-1.061673033820197
RPF2	C18	90	R0	-0.02493703754774101	-0.026788807962601593	0.0	-0.05172584551034261
RPF2	C18	90	R1	-0.02493703754774101	-0.026788807962601593	0.0	-0.05172584551034261
RPF2	C18	90	R2	-0.02493703754774101	-0.026788807962601593	0.0	-0.05172584551034261
RPF2	C18	90	R3	-0.02493703754774101	-0.026788807962601593	0.0	-0.05172584551034261
RPF2	C18	90	R4	-0.02493703754774101	-0.026788807962601593	0.0	-0.05172584551034261
RPF2	C18	91	R0	-0.02493703754774101	-0.026788807962601593	0.0	-0.05172584551034261
RPF2	C18	91	R1	-0.02493703754774101	-0.026788807962601593	0.0	-0.05172584551034261
RPF2	C18	91	R2	-0.02493703754774101	-0.026788807962601593	0.0	-0.05172584551034261
RPF2	C18	91	R3	-0.02493703754774101	-0.026788807962601593	0.0	-0.05172584551034261
RPF2	C18	91	R4	-0.02493703754774101	-0.026788807962601593	0.0	-0.05172584551034261
RPF2	C18	92	R0	-0.02493703754774101	-0.026788807962601593	0.0	-0.05172584551034261
RPF2	C18	92	R1	-0.02493703754774101	-0.026788807962601593	0.0	-0.05172584551034261
RPF2	C18	92	R2	-0.02493703754774101	-0.026788807962601593	0.0	-0.05172584551034261
RPF2	C18	92	R3	-0.02493703754774101	-0.026788807962601593	0.0	-0.05172584551034261
RPF2	C18	92	R4	-0.02493703754774101	-0.026788807962601593	0.0	-0.05172584551034261
RPF2	C18	93	R0	-0.02493703754774101	-0.026788807962601593	0.0	-0.05172584551034261
RPF2	C18	93	R1	-0.02493703754774101	-0.026788807962601593	0.0	-0.05172584551034261
RPF2	C18	93	R2	-0.02493703754774101	-0.026788807962601593	0.0	-0.05172584551034261
RPF2	C18	93	R3	-0.02493703754774101	-0.026788807962601593	0.0	-0.05172584551034261
RPF2	C18	93	R4	-0.02493703754774101	-0.026788807962601593	0.0	-0.05172584551034261
RPF2	C18	94	R0	-0.02493703754774101	-0.026788807962601593	0.0	-0.05172584551034261
RPF2	C18	94	R1	-0.02493703754774101	-0.026788807962601593	0.0	-0.05172584551034261
RPF2	C18	94	R2	-0.02493703754774101	-0.026788807962601593	0.0	-0.05172584551034261
RPF2	C18	94	R3	-0.02493703754774101	-0.026788807962601593	0.0	-0.05172584551034261
RPF2	C18	94	R4	-0.02493703754774101	-0.026788807962601593	0.0	-0.05172584551034261
RPF2	C19	95	R0	-0.02493703754774101	0.0530355466738186	0.0	0.02809850912607759
RPF2	C19	95	R1	-0.02493703754774101	0.0530355466738186	0.0	0.02809850912607759
RPF2	C19	95	R2	-0.02493703754774101	0.0530355466738186	0.0	0.02809850912607759
RPF2	C19	95	R3	-0.02493703754774101	0.0530355466738186	0.0	0.02809850912607759
RPF2	C19	95	R4	-0.02493703754774101	0.0530355466738186	0.0	0.02809850912607759
RPF2	C19	96	R0	-0.02493703754774101	0.0530355466738186	0.0	0.02809850912607759
RPF2	C19	96	R1	-0.02493703754774101	0.0530355466738186	0.0	0.02809850912607759
RPF2	C19	96	R2	-0.02493703754774101	0.0530355466738186	0.0	0.02809850912607759
RPF2	C19	96	R3	-0.02493703754774101	0.0530355466738186	0.0	0.02809850912607759
RPF2	C19	96	R4	-0.02493703754774101	0.0530355466738186	0.0	0.02809850912607759
RPF2	C19	97	R0	-0.02493703754774101	0.0530355466738186	0.0	0.02809850912607759
RPF2	C19	97	R1	-0.02493703754774101	0.0530355466738186	0.0	0.02809850912607759
RPF2	C19	97	R2	-0.02493703754774101	0.0530355466738186	0.0	0.02809850912607759
RPF2	C19	97	R3	-0.02493703754774101	0.0530355466738186	0.0	0.02809850912607759
RPF2	C19	97	R4	-0.02493703754774101	0.0530355466738186	0.0	0.02809850912607759
RPF2	C19	98	R0	-0.02493703754774101	0.0530355466738186	0.0	0.02809850912607759
RPF2	C19	98	R1	-0.02493703754774101	0.0530355466738186	0.0	0.02809850912607759
RPF2	C19	98	R2	-0.02493703754774101	0.0530355466738186	0.0	0.02809850912607759
RPF2	C19	98	R3	-0.02493703754774101	0.0530355466738186	0.0	0.02809850912607759
RPF2	C19	98	R4	-0.02493703754774101	0.0530355466738186	0.0	0.02809850912607759
RPF2	C19	99	R0	-0.02493703754774101	0.0530355466738186	0.0	0.02809850912607759
RPF2	C19	99	R1	-0.02493703754774101	0.0530355466738186	0.0	0.02809850912607759
RPF2	C19	99	R2	-0.02493703754774101	0.0530355466738186	0.0	0.02809850912607759
RPF2	C19	99	R3	-0.02493703754774101	0.0530355466738186	0.0	0.02809850912607759
RPF2	C19	99	R4	-0.02493703754774101	0.0530355466738186	0.0	0.02809850912607759
SSNA1	C20	100	R0	0.1462107937044974	-0.03967535268559774	0.0	0.10653544101889967
SSNA1	C20	100	R1	0.1462107937044974	-0.03967535268559774	0.0	0.10653544101889967
SSNA1	C20	100	R2	0.1462107937044974	-0.03967535268559774	0.0	0.10653544101889967
SSNA1	C20	100	R3	0.1462107937044974	-0.03967535268559774	0.0	0.10653544101889967
SSNA1	C20	100	R4	0.1462107937044974	-0.03967535268559774	0.0	0.10653544101889967
SSNA1	C20	101	R0	0.1462107937044974	-0.03967535268559774	0.0	0.10653544101889967
SSNA1	C20	101	R1	0.1462107937044974	-0.03967535268559774	0.0	0.10653544101889967
SSNA1	C20	101	R2	0.1462107937044974	-0.03967535268559774	0.0	0.10653544101889967
SSNA1	C20	101	R3	0.1462107937044974	-0.03967535268559774	0.0	0.10653544101889967
SSNA1	C20	101	R4	0.1462107937044974	-0.03967535268559774	0.0	0.10653544101889967
SSNA1	C20	102	R0	0.1462107937044974	-0.03967535268559774	0.0	0.10653544101889967
SSNA1	C20	102	R1	0.1462107937044974	-0.03967535268559774	0.0	0.10653544101889967
SSNA1	C20	102	R2	0.1462107937044974	-0.03967535268559774	0.0	0.10653544101889967
SSNA1	C20	102	R3	0.1462107937044974	-0.03967535268559774	0.0	0.10653544101889967
SSNA1	C20	102	R4	0.1462107937044974	-0.03967535268559774	0.0	0.10653544101889967
SSNA1	C20	103	R0	0.1462107937044974	-0.03967535268559774	0.0	0.10653544101889967
SSNA1	C20	103	R1	0.1462107937044974	-0.03967535268559774	0.0	0.10653544101889967
SSNA1	C20	103	R2	0.1462107937044974	-0.03967535268559774	0.0	0.10653544101889967
SSNA1	C20	103	R3	0.1462107937044974	-0.03967535268559774	0.0	0.10653544101889967
SSNA1	C20	103	R4	0.1462107937044974	-0.03967535268559774	0.0	0.10653544101889967
SSNA1	C20	104	R0	0.1462107937044974	-0.03967535268559774	0.0	0.10653544101889967
SSNA1	C20	104	R1	0.1462107937044974	-0.03967535268559774	0.0	0.10653544101889967
SSNA1	C20	104	R2	0.1462107937044974	-0.03967535268559774	0.0	0.10653544101889967
SSNA1	C20	104	R3	0.1462107937044974	-0.03967535268559774	0.0	0.10653544101889967
SSNA1	C20	104	R4	0.1462107937044974	-0.03967535268559774	0.0	0.10653544101889967
SSNA1	C21	105	R0	0.1462107937044974	-0.06871727001195994	0.0	0.07749352369253747
SSNA1	C21	105	R1	0.1462107937044974	-0.06871727001195994	0.0	0.07749352369253747
SSNA1	C21	105	R2	0.1462107937044974	-0.06871727001195994	0.0	0.07749352369253747
SSNA1	C21	105	R3	0.1462107937044974	-0.06871727001195994	0.0	0.07749352369253747
SSNA1	C21	105	R4	0.1462107937044974	-0.06871727001195994	0.0	0.07749352369253747
SSNA1	C21	106	R0	0.1462107937044974	-0.06871727001195994	0.0	0.07749352369253747
SSNA1	C21	106	R1	0.1462107937044974	-0.06871727001195994	0.0	0.07749352369253747
SSNA1	C21	106	R2	0.1462107937044974	-0.06871727001195994	0.0	0.07749352369253747
SSNA1	C21	106	R3	0.1462107937044974	-0.06871727001195994	0.0	0.07749352369253747
SSNA1	C21	106	R4	0.1462107937044974	-0.06871727001195994	0.0	0.07749352369253747
SSNA1	C21	107	R0	0.1462107937044974	-0.06871727001195994	0.0	0.07749352369253747
SSNA1	C21	107	R1	0.1462107937044974	-0.06871727001195994	0.0	0.07749352369253747
SSNA1	C21	107	R2	0.1462107937044974	-0.06871727001195994	0.0	0.07749352369253747
SSNA1	C21	107	R3	0.1462107937044974	-0.06871727001195994	0.0	0.07749352369253747
SSNA1	C21	107	R4	0.1462107937044974	-0.06871727001195994	0.0	0.07749352369253747
SSNA1	C21	108	R0	0.1462107937044974	-0.06871727001195994	0.0	0.07749352369253747
SSNA1	C21	108	R1	0.1462107937044974	-0.06871727001195994	0.0	0.07749352369253747
SSNA1	C21	108	R2	0.1462107937044974	-0.06871727001195994	0.0	0.07749352369253747
SSNA1	C21	108	R3	0.1462107937044974	-0.06871727001195994	0.0	0.07749352369253747
SSNA1	C21	108	R4	0.1462107937044974	-0.06871727001195994	0.0	0.07749352369253747
SSNA1	C21	109	R0	0.1462107937044974	-0.06871727001195994	0.0	0.07749352369253747
SSNA1	C21	109	R1	0.1462107937044974	-0.06871727001195994	0.0	0.07749352369253747
SSNA1	C21	109	R2	0.1462107937044974	-0.06871727001195994	0.0	0.07749352369253747
SSNA1	C21	109	R3	0.1462107937044974	-0.06871727001195994	0.0	0.07749352369253747
SSNA1	C21	109	R4	0.1462107937044974	-0.06871727001195994	0.0	0.07749352369253747
AK3	C22	110	R0	-0.20601407094976543	-0.08452056414987197	0.0	-0.2905346350996374
AK3	C22	110	R1	-0.20601407094976543	-0.08452056414987197	0.0	-0.2905346350996374
AK3	C22	110	R2	-0.20601407094976543	-0.08452056414987197	0.0	-0.2905346350996374
AK3	C22	110	R3	-0.20601407094976543	-0.08452056414987197	0.0	-0.2905346350996374
AK3	C22	110	R4	-0.20601407094976543	-0.08452056414987197	0.0	-0.2905346350996374
AK3	C22	111	R0	-0.20601407094976543	-0.08452056414987197	0.0	-0.2905346350996374
AK3	C22	111	R1	-0.20601407094976543	-0.08452056414987197	0.0	-0.2905346350996374
AK3	C22	111	R2	-0.20601407094976543	-0.08452056414987197	0.0	-0.2905346350996374
AK3	C22	111	R3	-0.20601407094976543	-0.08452056414987197	0.0	-0.2905346350996374
AK3	C22	111	R4	-0.20601407094976543	-0.08452056414987197	0.0	-0.2905346350996374
AK3	C22	112	R0	-0.20601407094976543	-0.08452056414987197	0.0	-0.2905346350996374
AK3	C22	112	R1	-0.20601407094976543	-0.08452056414987197	0.0	-0.2905346350996374
AK3	C22	112	R2	-0.20601407094976543	-0.08452056414987197	0.0	-0.2905346350996374
AK3	C22	112	R3	-0.20601407094976543	-0.08452056414987197	0.0	-0.2905346350996374
AK3	C22	112	R4	-0.20601407094976543	-0.08452056414987197	0.0	-0.2905346350996374
AK3	C22	113	R0	-0.20601407094976543	-0.08452056414987197	0.0	-0.2905346350996374
AK3	C22	113	R1	-0.20601407094976543	-0.08452056414987197	0.0	-0.2905346350996374
AK3	C22	113	R2	-0.20601407094976543	-0.08452056414987197	0.0	-0.2905346350996374
AK3	C22	113	R3	-0.20601407094976543	-0.08452056414987197	0.0	-0.2905346350996374
AK3	C22	113	R4	-0.20601407094976543	-0.08452056414987197	0.0	-0.2905346350996374
AK3	C22	114	R0	-0.20601407094976543	-0.08452056414987197	0.0	-0.2905346350996374
AK3	C22	114	R1	-0.20601407094976543	-0.08452056414987197	0.0	-0.2905346350996374
AK3	C22	114	R2	-0.20601407094976543	-0.08452056414987197	0.0	-0.2905346350996374
AK3	C22	114	R3	-0.20601407094976543	-0.08452056414987197	0.0	-0.2905346350996374
AK3	C22	114	R4	-0.20601407094976543	-0.08452056414987197	0.0	-0.2905346350996374
AK3	C23	115	R0	-0.20601407094976543	-0.06712461308368191	0.0	-0.2731386840334473
AK3	C23	115	R1	-0.20601407094976543	-0.06712461308368191	0.0	-0.2731386840334473
AK3	C23	115	R2	-0.20601407094976543	-0.06712461308368191	0.0	-0.2731386840334473
AK3	C23	115	R3	-0.20601407094976543	-0.06712461308368191	0.0	-0.2731386840334473
AK3	C23	115	R4	-0.20601407094976543	-0.06712461308368191	0.0	-0.2731386840334473
AK3	C23	116	R0	-0.20601407094976543	-0.06712461308368191	0.0	-0.2731386840334473
AK3	C23	116	R1	-0.20601407094976543	-0.06712461308368191	0.0	-0.2731386840334473
AK3	C23	116	R2	-0.20601407094976543	-0.06712461308368191	0.0	-0.2731386840334473
AK3	C23	116	R3	-0.20601407094976543	-0.06712461308368191	0.0	-0.2731386840334473
AK3	C23	116	R4	-0.20601407094976543	-0.06712461308368191	0.0	-0.2731386840334473
AK3	C23	117	R0	-0.20601407094976543	-0.06712461308368191	0.0	-0.2731386840334473
AK3	C23	117	R1	-0.20601407094976543	-0.06712461308368191	0.0	-0.2731386840334473
AK3	C23	117	R2	-0.20601407094976543	-0.06712461308368191	0.0	-0.2731386840334473
AK3	C23	117	R3	-0.20601407094976543	-0.06712461308368191	0.0	-0.2731386840334473
AK3	C23	117	R4	-0.20601407094976543	-0.06712461308368191	0.0	-0.2731386840334473
AK3	C23	118	R0	-0.20601407094976543	-0.06712461308368191	0.0	-0.2731386840334473
AK3	C23	118	R1	-0.20601407094976543	-0.06712461308368191	0.0	-0.2731386840334473
AK3	C23	118	R2	-0.20601407094976543	-0.06712461308368191	0.0	-0.2731386840334473
AK3	C23	118	R3	-0.20601407094976543	-0.06712461308368191	0.0	-0.2731386840334473
AK3	C23	118	R4	-0.20601407094976543	-0.06712461308368191	0.0	-0.2731386840334473
AK3	C23	119	R0	-0.20601407094976543	-0.06712461308368191	0.0	-0.2731386840334473
AK3	C23	119	R1	-0.20601407094976543	-0.06712461308368191	0.0	-0.2731386840334473
AK3	C23	119	R2	-0.20601407094976543	-0.06712461308368191	0.0	-0.2731386840334473
AK3	C23	119	R3	-0.20601407094976543	-0.06712461308368191	0.0	-0.2731386840334473
AK3	C23	119	R4	-0.20601407094976543	-0.06712461308368191	0.0	-0.2731386840334473
PYCRL	C24	120	R0	-0.03224172040135075	-0.0012664598918901361	0.0	-0.03350818029324089
PYCRL	C24	120	R1	-0.03224172040135075	-0.0012664598918901361	0.0	-0.03350818029324089
PYCRL	C24	120	R2	-0.03224172040135075	-0.0012664598918901361	0.0	-0.03350818029324089
PYCRL	C24	120	R3	-0.03224172040135075	-0.0012664598918901361	0.0	-0.03350818029324089
PYCRL	C24	120	R4	-0.03224172040135075	-0.0012664598918901361	0.0	-0.03350818029324089
PYCRL	C24	121	R0	-0.03224172040135075	-0.0012664598918901361	0.0	-0.03350818029324089
PYCRL	C24	121	R1	-0.03224172040135075	-0.0012664598918901361	0.0	-0.03350818029324089
PYCRL	C24	121	R2	-0.03224172040135075	-0.0012664598918901361	0.0	-0.03350818029324089
PYCRL	C24	121	R3	-0.03224172040135075	-0.0012664598918901361	0.0	-0.03350818029324089
PYCRL	C24	121	R4	-0.03224172040135075	-0.0012664598918901361	0.0	-0.03350818029324089
PYCRL	C24	122	R0	-0.03224172040135075	-0.0012664598918901361	0.0	-0.03350818029324089
PYCRL	C24	122	R1	-0.03224172040135075	-0.0012664598918901361	0.0	-0.03350818029324089
PYCRL	C24	122	R2	-0.03224172040135075	-0.0012664598918901361	0.0	-0.03350818029324089
PYCRL	C24	122	R3	-0.03224172040135075	-0.0012664598918901361	0.0	-0.03350818029324089
PYCRL	C24	122	R4	-0.03224172040135075	-0.0012664598918901361	0.0	-0.03350818029324089
PYCRL	C24	123	R0	-0.03224172040135075	-0.0012664598918901361	0.0	-0.03350818029324089
PYCRL	C24	123	R1	-0.03224172040135075	-0.0012664598918901361	0.0	-0.03350818029324089
PYCRL	C24	123	R2	-0.03224172040135075	-0.0012664598918901361	0.0	-0.03350818029324089
PYCRL	C24	123	R3	-0.03224172040135075	-0.0012664598918901361	0.0	-0.03350818029324089
PYCRL	C24	123	R4	-0.03224172040135075	-0.0012664598918901361	0.0	-0.03350818029324089
PYCRL	C24	124	R0	-0.03224172040135075	-0.0012664598918901361	0.0	-0.03350818029324089
PYCRL	C24	124	R1	-0.03224172040135075	-0.0012664598918901361	0.0	-0.03350818029324089
PYCRL	C24	124	R2	-0.03224172040135075	-0.0012664598918901361	0.0	-0.03350818029324089
PYCRL	C24	124	R3	-0.03224172040135075	-0.0012664598918901361	0.0	-0.03350818029324089
PYCRL	C24	124	R4	-0.03224172040135075	-0.0012664598918901361	0.0	-0.03350818029324089
PYCRL	C25	125	R0	-0.03224172040135075	-0.11173103486352778	0.0	-0.14397275526487854
PYCRL	C25	125	R1	-0.03224172040135075	-0.11173103486352778	0.0	-0.14397275526487854
PYCRL	C25	125	R2	-0.03224172040135075	-0.11173103486352778	0.0	-0.14397275526487854
PYCRL	C25	125	R3	-0.03224172040135075	-0.11173103486352778	0.0	-0.14397275526487854
PYCRL	C25	125	R4	-0.03224172040135075	-0.11173103486352778	0.0	-0.14397275526487854
PYCRL	C25	126	R0	-0.03224172040135075	-0.11173103486352778	0.0	-0.14397275526487854
PYCRL	C25	126	R1	-0.03224172040135075	-0.11173103486352778	0.0	-0.14397275526487854
PYCRL	C25	126	R2	-0.03224172040135075	-0.11173103486352778	0.0	-0.14397275526487854
PYCRL	C25	126	R3	-0.03224172040135075	-0.11173103486352778	0.0	-0.14397275526487854
PYCRL	C25	126	R4	-0.03224172040135075	-0.11173103486352778	0.0	-0.14397275526487854
PYCRL	C25	127	R0	-0.03224172040135075	-0.11173103486352778	0.0	-0.14397275526487854
PYCRL	C25	127	R1	-0.03224172040135075	-0.11173103486352778	0.0	-0.14397275526487854
PYCRL	C25	127	R2	-0.03224172040135075	-0.11173103486352778	0.0	-0.14397275526487854
PYCRL	C25	127	R3	-0.03224172040135075	-0.11173103486352778	0.0	-0.14397275526487854
PYCRL	C25	127	R4	-0.03224172040135075	-0.11173103486352778	0.0	-0.14397275526487854
PYCRL	C25	128	R0	-0.03224172040135075	-0.11173103486352778	0.0	-0.14397275526487854
PYCRL	C25	128	R1	-0.03224172040135075	-0.11173103486352778	0.0	-0.14397275526487854
PYCRL	C25	128	R2	-0.03224172040135075	-0.11173103486352778	0.0	-0.14397275526487854
PYCRL	C25	128	R3	-0.03224172040135075	-0.11173103486352778	0.0	-0.14397275526487854
PYCRL	C25	128	R4	-0.03224172040135075	-0.11173103486352778	0.0	-0.14397275526487854
PYCRL	C25	129	R0	-0.03224172040135075	-0.11173103486352778	0.0	-0.14397275526487854
PYCRL	C25	129	R1	-0.03224172040135075	-0.11173103486352778	0.0	-0.14397275526487854
PYCRL	C25	129	R2	-0.03224172040135075	-0.11173103486352778	0.0	-0.14397275526487854
PYCRL	C25	129	R3	-0.03224172040135075	-0.11173103486352778	0.0	-0.14397275526487854
PYCRL	C25	129	R4	-0.03224172040135075	-0.11173103486352778	0.0	-0.14397275526487854
CCNA2	C26	130	R0	-0.03840543546684157	0.023441569781709217	0.0	-0.01496386568513235
CCNA2	C26	130	R1	-0.03840543546684157	0.023441569781709217	0.0	-0.01496386568513235
CCNA2	C26	130	R2	-0.03840543546684157	0.023441569781709217	0.0	-0.01496386568513235
CCNA2	C26	130	R3	-0.03840543546684157	0.023441569781709217	0.0	-0.01496386568513235
CCNA2	C26	130	R4	-0.03840543546684157	0.023441569781709217	0.0	-0.01496386568513235
CCNA2	C26	131	R0	-0.03840543546684157	0.023441569781709217	0.0	-0.01496386568513235
CCNA2	C26	131	R1	-0.03840543546684157	0.023441569781709217	0.0	-0.01496386568513235
CCNA2	C26	131	R2	-0.03840543546684157	0.023441569781709217	0.0	-0.01496386568513235
CCNA2	C26	131	R3	-0.03840543546684157	0.023441569781709217	0.0	-0.01496386568513235
CCNA2	C26	131	R4	-0.03840543546684157	0.023441569781709217	0.0	-0.01496386568513235
CCNA2	C26	132	R0	-0.03840543546684157	0.023441569781709217	0.0	-0.01496386568513235
CCNA2	C26	132	R1	-0.03840543546684157	0.023441569781709217	0.0	-0.01496386568513235
CCNA2	C26	132	R2	-0.03840543546684157	0.023441569781709217	0.0	-0.01496386568513235
CCNA2	C26	132	R3	-0.03840543546684157	0.023441569781709217	0.0	-0.01496386568513235
CCNA2	C26	132	R4	-0.03840543546684157	0.023441569781709217	0.0	-0.01496386568513235
CCNA2	C26	133	R0	-0.03840543546684157	0.023441569781709217	0.0	-0.01496386568513235
CCNA2	C26	133	R1	-0.03840543546684157	0.023441569781709217	0.0	-0.01496386568513235
CCNA2	C26	133	R2	-0.03840543546684157	0.023441569781709217	0.0	-0.01496386568513235
CCNA2	C26	133	R3	-0.03840543546684157	0.023441569781709217	0.0	-0.01496386568513235
CCNA2	C26	133	R4	-0.03840543546684157	0.023441569781709217	0.0	-0.01496386568513235
CCNA2	C26	134	R0	-0.03840543546684157	0.023441569781709217	0.0	-0.01496386568513235
CCNA2	C26	134	R1	-0.03840543546684157	0.023441569781709217	0.0	-0.01496386568513235
CCNA2	C26	134	R2	-0.03840543546684157	0.023441569781709217	0.0	-0.01496386568513235
CCNA2	C26	134	R3	-0.03840543546684157	0.023441569781709217	0.0	-0.01496386568513235
CCNA2	C26	134	R4	-0.03840543546684157	0.023441569781709217	0.0	-0.01496386568513235
CCNA2	C27	135	R0	-0.03840543546684157	0.16598021771098706	0.0	0.12757478224414548
CCNA2	C27	135	R1	-0.03840543546684157	0.16598021771098706	0.0	0.12757478224414548
CCNA2	C27	135	R2	-0.03840543546684157	0.16598021771098706	0.0	0.12757478224414548
CCNA2	C27	135	R3	-0.03840543546684157	0.16598021771098706	0.0	0.12757478224414548
CCNA2	C27	135	R4	-0.03840543546684157	0.16598021771098706	0.0	0.12757478224414548
CCNA2	C27	136	R0	-0.03840543546684157	0.16598021771098706	0.0	0.12757478224414548
CCNA2	C27	136	R1	-0.03840543546684157	0.16598021771098706	0.0	0.12757478224414548
CCNA2	C27	136	R2	-0.03840543546684157	0.16598021771098706	0.0	0.12757478224414548
CCNA2	C27	136	R3	-0.03840543546684157	0.16598021771098706	0.0	0.12757478224414548
CCNA2	C27	136	R4	-0.03840543546684157	0.16598021771098706	0.0	0.12757478224414548
CCNA2	C27	137	R0	-0.03840543546684157	0.16598021771098706	0.0	0.12757478224414548
CCNA2	C27	137	R1	-0.03840543546684157	0.16598021771098706	0.0	0.12757478224414548
CCNA2	C27	137	R2	-0.03840543546684157	0.16598021771098706	0.0	0.12757478224414548
CCNA2	C27	137	R3	-0.03840543546684157	0.16598021771098706	0.0	0.12757478224414548
CCNA2	C27	137	R4	-0.03840543546684157	0.16598021771098706	0.0	0.12757478224414548
CCNA2	C27	138	R0	-0.03840543546684157	0.16598021771098706	0.0	0.12757478224414548
CCNA2	C27	138	R1	-0.03840543546684157	0.16598021771098706	0.0	0.12757478224414548
CCNA2	C27	138	R2	-0.03840543546684157	0.16598021771098706	0.0	0.12757478224414548
CCNA2	C27	138	R3	-0.03840543546684157	0.16598021771098706	0.0	0.12757478224414548
CCNA2	C27	138	R4	-0.03840543546684157	0.16598021771098706	0.0	0.12757478224414548
CCNA2	C27	139	R0	-0.03840543546684157	0.16598021771098706	0.0	0.12757478224414548
CCNA2	C27	139	R1	-0.03840543546684157	0.16598021771098706	0.0	0.12757478224414548
CCNA2	C27	139	R2	-0.03840543546684157	0.16598021771098706	0.0	0.12757478224414548
CCNA2	C27	139	R3	-0.03840543546684157	0.16598021771098706	0.0	0.12757478224414548
CCNA2	C27	139	R4	-0.03840543546684157	0.16598021771098706	0.0	0.12757478224414548
HIST1H4B	C28	140	R0	0.11337694423354375	0.07420441605773356	0.0	0.1875813602912773
HIST1H4B	C28	140	R1	0.11337694423354375	0.07420441605773356	0.0	0.1875813602912773
HIST1H4B	C28	140	R2	0.11337694423354375	0.07420441605773356	0.0	0.1875813602912773
HIST1H4B	C28	140	R3	0.11337694423354375	0.07420441605773356	0.0	0.1875813602912773
HIST1H4B	C28	140	R4	0.11337694423354375	0.07420441605773356	0.0	0.1875813602912773
HIST1H4B	C28	141	R0	0.11337694423354375	0.07420441605773356	0.0	0.1875813602912773
HIST1H4B	C28	141	R1	0.11337694423354375	0.07420441605773356	0.0	0.1875813602912773
HIST1H4B	C28	141	R2	0.11337694423354375	0.07420441605773356	0.0	0.1875813602912773
HIST1H4B	C28	141	R3	0.11337694423354375	0.07420441605773356	0.0	0.1875813602912773
HIST1H4B	C28	141	R4	0.11337694423354375	0.07420441605773356	0.0	0.1875813602912773
HIST1H4B	C28	142	R0	0.11337694423354375	0.07420441605773356	0.0	0.1875813602912773
HIST1H4B	C28	142	R1	0.11337694423354375	0.07420441605773356	0.0	0.1875813602912773
HIST1H4B	C28	142	R2	0.11337694423354375	0.07420441605773356	0.0	0.1875813602912773
HIST1H4B	C28	142	R3	0.11337694423354375	0.07420441605773356	0.0	0.1875813602912773
HIST1H4B	C28	142	R4	0.11337694423354375	0.07420441605773356	0.0	0.1875813602912773
HIST1H4B	C28	143	R0	0.11337694423354375	0.07420441605773356	0.0	0.1875813602912773
HIST1H4B	C28	143	R1	0.11337694423354375	0.07420441605773356	0.0	0.1875813602912773
HIST1H4B	C28	143	R2	0.11337694423354375	0.07420441605773356	0.0	0.1875813602912773
HIST1H4B	C28	143	R3	0.11337694423354375	0.07420441605773356	0.0	0.1875813602912773
HIST1H4B	C28	143	R4	0.11337694423354375	0.07420441605773356	0.0	0.1875813602912773
HIST1H4B	C28	144	R0	0.11337694423354375	0.07420441605773356	0.0	0.1875813602912773
HIST1H4B	C28	144	R1	0.11337694423354375	0.07420441605773356	0.0	0.1875813602912773
HIST1H4B	C28	144	R2	0.11337694423354375	0.07420441605773356	0.0	0.1875813602912773
HIST1H4B	C28	144	R3	0.11337694423354375	0.07420441605773356	0.0	0.1875813602912773
HIST1H4B	C28	144	R4	0.11337694423354375	0.07420441605773356	0.0	0.1875813602912773
HIST1H4B	C29	145	R0	0.11337694423354375	-0.019183555236161495	0.0	0.09419338899738225
HIST1H4B	C29	145	R1	0.11337694423354375	-0.019183555236161495	0.0	0.09419338899738225
HIST1H4B	C29	145	R2	0.11337694423354375	-0.019183555236161495	0.0	0.09419338899738225
HIST1H4B	C29	145	R3	0.11337694423354375	-0.019183555236161495	0.0	0.09419338899738225
HIST1H4B	C29	145	R4	0.11337694423354375	-0.019183555236161495	0.0	0.09419338899738225
HIST1H4B	C29	146	R0	0.11337694423354375	-0.019183555236161495	0.0	0.09419338899738225
HIST1H4B	C29	146	R1	0.11337694423354375	-0.019183555236161495	0.0	0.09419338899738225
HIST1H4B	C29	146	R2	0.11337694423354375	-0.019183555236161495	0.0	0.09419338899738225
HIST1H4B	C29	146	R3	0.11337694423354375	-0.019183555236161495	0.0	0.09419338899738225
HIST1H4B	C29	146	R4	0.11337694423354375	-0.019183555236161495	0.0	0.09419338899738225
HIST1H4B	C29	147	R0	0.11337694423354375	-0.019183555236161495	0.0	0.09419338899738225
HIST1H4B	C29	147	R1	0.11337694423354375	-0.019183555236161495	0.0	0.09419338899738225
HIST1H4B	C29	147	R2	0.11337694423354375	-0.019183555236161495	0.0	0.09419338899738225
HIST1H4B	C29	147	R3	0.11337694423354375	-0.019183555236161495	0.0	0.09419338899738225
HIST1H4B	C29	147	R4	0.11337694423354375	-0.019183555236161495	0.0	0.09419338899738225
HIST1H4B	C29	148	R0	0.11337694423354375	-0.019183555236161495	0.0	0.09419338899738225
HIST1H4B	C29	148	R1	0.11337694423354375	-0.019183555236161495	0.0	0.09419338899738225
HIST1H4B	C29	148	R2	0.11337694423354375	-0.019183555236161495	0.0	0.09419338899738225
HIST1H4B	C29	148	R3	0.11337694423354375	-0.019183555236161495	0.0	0.09419338899738225
HIST1H4B	C29	148	R4	0.11337694423354375	-0.019183555236161495	0.0	0.09419338899738225
HIST1H4B	C29	149	R0	0.11337694423354375	-0.019183555236161495	0.0	0.09419338899738225
HIST1H4B	C29	149	R1	0.11337694423354375	-0.019183555236161495	0.0	0.09419338899738225
HIST1H4B	C29	149	R2	0.11337694423354375	-0.019183555236161495	0.0	0.09419338899738225
HIST1H4B	C29	149	R3	0.11337694423354375	-0.019183555236161495	0.0	0.09419338899738225
HIST1H4B	C29	149	R4	0.11337694423354375	-0.019183555236161495	0.0	0.09419338899738225
COX7A2	C30	150	R0	-0.1099891267314031	-0.07471582937508377	0.0	-0.18470495610648685
COX7A2	C30	150	R1	-0.1099891267314031	-0.07471582937508377	0.0	-0.18470495610648685
COX7A2	C30	150	R2	-0.1099891267314031	-0.07471582937508377	0.0	-0.18470495610648685
COX7A2	C30	150	R3	-0.1099891267314031	-0.07471582937508377	0.0	-0.18470495610648685
COX7A2	C30	150	R4	-0.1099891267314031	-0.07471582937508377	0.0	-0.18470495610648685
COX7A2	C30	151	R0	-0.1099891267314031	-0.07471582937508377	0.0	-0.18470495610648685
COX7A2	C30	151	R1	-0.1099891267314031	-0.07471582937508377	0.0	-0.18470495610648685
COX7A2	C30	151	R2	-0.1099891267314031	-0.07471582937508377	0.0	-0.18470495610648685
COX7A2	C30	151	R3	-0.1099891267314031	-0.07471582937508377	0.0	-0.18470495610648685
COX7A2	C30	151	R4	-0.1099891267314031	-0.07471582937508377	0.0	-0.18470495610648685
COX7A2	C30	152	R0	-0.1099891267314031	-0.07471582937508377	0.0	-0.18470495610648685
COX7A2	C30	152	R1	-0.1099891267314031	-0.07471582937508377	0.0	-0.18470495610648685
COX7A2	C30	152	R2	-0.1099891267314031	-0.07471582937508377	0.0	-0.18470495610648685
COX7A2	C30	152	R3	-0.1099891267314031	-0.07471582937508377	0.0	-0.18470495610648685
COX7A2	C30	152	R4	-0.1099891267314031	-0.07471582937508377	0.0	-0.18470495610648685
COX7A2	C30	153	R0	-0.1099891267314031	-0.07471582937508377	0.0	-0.18470495610648685
COX7A2	C30	153	R1	-0.1099891267314031	-0.07471582937508377	0.0	-0.18470495610648685
COX7A2	C30	153	R2	-0.1099891267314031	-0.07471582937508377	0.0	-0.18470495610648685
COX7A2	C30	153	R3	-0.1099891267314031	-0.07471582937508377	0.0	-0.18470495610648685
COX7A2	C30	153	R4	-0.1099891267314031	-0.07471582937508377	0.0	-0.18470495610648685
COX7A2	C30	154	R0	-0.1099891267314031	-0.07471582937508377	0.0	-0.18470495610648685
COX7A2	C30	154	R1	-0.1099891267314031	-0.07471582937508377	0.0	-0.18470495610648685
COX7A2	C30	154	R2	-0.1099891267314031	-0.07471582937508377	0.0	-0.18470495610648685
COX7A2	C30	154	R3	-0.1099891267314031	-0.07471582937508377	0.0	-0.18470495610648685
COX7A2	C30	154	R4	-0.1099891267314031	-0.07471582937508377	0.0	-0.18470495610648685
COX7A2	C31	155	R0	-0.1099891267314031	0.16924546010277466	0.0	0.05925633337137157
COX7A2	C31	155	R1	-0.1099891267314031	0.16924546010277466	0.0	0.05925633337137157
COX7A2	C31	155	R2	-0.1099891267314031	0.16924546010277466	0.0	0.05925633337137157
COX7A2	C31	155	R3	-0.1099891267314031	0.16924546010277466	0.0	0.05925633337137157
COX7A2	C31	155	R4	-0.1099891267314031	0.16924546010277466	0.0	0.05925633337137157
COX7A2	C31	156	R0	-0.1099891267314031	0.16924546010277466	0.0	0.05925633337137157
COX7A2	C31	156	R1	-0.1099891267314031	0.16924546010277466	0.0	0.05925633337137157
COX7A2	C31	156	R2	-0.1099891267314031	0.16924546010277466	0.0	0.05925633337137157
COX7A2	C31	156	R3	-0.1099891267314031	0.16924546010277466	0.0	0.05925633337137157
COX7A2	C31	156	R4	-0.1099891267314031	0.16924546010277466	0.0	0.05925633337137157
COX7A2	C31	157	R0	-0.1099891267314031	0.16924546010277466	0.0	0.05925633337137157
COX7A2	C31	157	R1	-0.1099891267314031	0.16924546010277466	0.0	0.05925633337137157
COX7A2	C31	157	R2	-0.1099891267314031	0.16924546010277466	0.0	0.05925633337137157
COX7A2	C31	157	R3	-0.1099891267314031	0.16924546010277466	0.0	0.05925633337137157
COX7A2	C31	157	R4	-0.1099891267314031	0.16924546010277466	0.0	0.05925633337137157
COX7A2	C31	158	R0	-0.1099891267314031	0.16924546010277466	0.0	0.05925633337137157
COX7A2	C31	158	R1	-0.1099891267314031	0.16924546010277466	0.0	0.05925633337137157
COX7A2	C31	158	R2	-0.1099891267314031	0.16924546010277466	0.0	0.05925633337137157
COX7A2	C31	158	R3	-0.1099891267314031	0.16924546010277466	0.0	0.05925633337137157
COX7A2	C31	158	R4	-0.1099891267314031	0.16924546010277466	0.0	0.05925633337137157
COX7A2	C31	159	R0	-0.1099891267314031	0.16924546010277466	0.0	0.05925633337137157
COX7A2	C31	159	R1	-0.1099891267314031	0.16924546010277466	0.0	0.05925633337137157
COX7A2	C31	159	R2	-0.1099891267314031	0.16924546010277466	0.0	0.05925633337137157
COX7A2	C31	159	R3	-0.1099891267314031	0.16924546010277466	0.0	0.05925633337137157
COX7A2	C31	159	R4	-0.1099891267314031	0.16924546010277466	0.0	0.05925633337137157
NSF	C32	160	R0	-0.017242820755043575	0.005080775477602897	0.0	-0.012162045277440678
NSF	C32	160	R1	-0.017242820755043575	0.005080775477602897	0.0	-0.012162045277440678
NSF	C32	160	R2	-0.017242820755043575	0.005080775477602897	0.0	-0.012162045277440678
NSF	C32	160	R3	-0.017242820755043575	0.005080775477602897	0.0	-0.012162045277440678
NSF	C32	160	R4	-0.017242820755043575	0.005080775477602897	0.0	-0.012162045277440678
NSF	C32	161	R0	-0.017242820755043575	0.005080775477602897	0.0	-0.012162045277440678
NSF	C32	161	R1	-0.017242820755043575	0.005080775477602897	0.0	-0.012162045277440678
NSF	C32	161	R2	-0.017242820755043575	0.005080775477602897	0.0	-0.012162045277440678
NSF	C32	161	R3	-0.017242820755043575	0.005080775477602897	0.0	-0.012162045277440678
NSF	C32	161	R4	-0.017242820755043575	0.005080775477602897	0.0	-0.012162045277440678
NSF	C32	162	R0	-0.017242820755043575	0.005080775477602897	0.0	-0.012162045277440678
NSF	C32	162	R1	-0.017242820755043575	0.005080775477602897	0.0	-0.012162045277440678
NSF	C32	162	R2	-0.017242820755043575	0.005080775477602897	0.0	-0.012162045277440678
NSF	C32	162	R3	-0.017242820755043575	0.005080775477602897	0.0	-0.012162045277440678
NSF	C32	162	R4	-0.017242820755043575	0.005080775477602897	0.0	-0.012162045277440678
NSF	C32	163	R0	-0.017242820755043575	0.005080775477602897	0.0	-0.012162045277440678
NSF	C32	163	R1	-0.017242820755043575	0.005080775477602897	0.0	-0.012162045277440678
NSF	C32	163	R2	-0.017242820755043575	0.005080775477602897	0.0	-0.012162045277440678
NSF	C32	163	R3	-0.017242820755043575	0.005080775477602897	0.0	-0.012162045277440678
NSF	C32	163	R4	-0.017242820755043575	0.005080775477602897	0.0	-0.012162045277440678
NSF	C32	164	R0	-0.017242820755043575	0.005080775477602897	0.0	-0.012162045277440678
NSF	C32	164	R1	-0.017242820755043575	0.005080775477602897	0.0	-0.012162045277440678
NSF	C32	164	R2	-0.017242820755043575	0.005080775477602897	0.0	-0.012162045277440678
NSF	C32	164	R3	-0.017242820755043575	0.005080775477602897	0.0	-0.012162045277440678
NSF	C32	164	R4	-0.017242820755043575	0.005080775477602897	0.0	-0.012162045277440678
NSF	C33	165	R0	-0.017242820755043575	-0.06369956465693534	0.0	-0.08094238541197891
NSF	C33	165	R1	-0.017242820755043575	-0.06369956465693534	0.0	-0.08094238541197891
NSF	C33	165	R2	-0.017242820755043575	-0.06369956465693534	0.0	-0.08094238541197891
NSF	C33	165	R3	-0.017242820755043575	-0.06369956465693534	0.0	-0.08094238541197891
NSF	C33	165	R4	-0.017242820755043575	-0.06369956465693534	0.0	-0.08094238541197891
NSF	C33	166	R0	-0.017242820755043575	-0.06369956465693534	0.0	-0.08094238541197891
NSF	C33	166	R1	-0.017242820755043575	-0.06369956465693534	0.0	-0.08094238541197891
NSF	C33	166	R2	-0.017242820755043575	-0.06369956465693534	0.0	-0.08094238541197891
NSF	C33	166	R3	-0.017242820755043575	-0.06369956465693534	0.0	-0.08094238541197891
NSF	C33	166	R4	-0.017242820755043575	-0.06369956465693534	0.0	-0.08094238541197891
NSF	C33	167	R0	-0.017242820755043575	-0.06369956465693534	0.0	-0.08094238541197891
NSF	C33	167	R1	-0.017242820755043575	-0.06369956465693534	0.0	-0.08094238541197891
NSF	C33	167	R2	-0.017242820755043575	-0.06369956465693534	0.0	-0.08094238541197891
NSF	C33	167	R3	-0.017242820755043575	-0.06369956465693534	0.0	-0.08094238541197891
NSF	C33	167	R4	-0.017242820755043575	-0.06369956465693534	0.0	-0.08094238541197891
NSF	C33	168	R0	-0.017242820755043575	-0.06369956465693534	0.0	-0.08094238541197891
NSF	C33	168	R1	-0.017242820755043575	-0.06369956465693534	0.0	-0.08094238541197891
NSF	C33	168	R2	-0.017242820755043575	-0.06369956465693534	0.0	-0.08094238541197891
NSF	C33	168	R3	-0.017242820755043575	-0.06369956465693534	0.0	-0.08094238541197891
NSF	C33	168	R4	-0.017242820755043575	-0.06369956465693534	0.0	-0.08094238541197891
NSF	C33	169	R0	-0.017242820755043575	-0.06369956465693534	0.0	-0.08094238541197891
NSF	C33	169	R1	-0.017242820755043575	-0.06369956465693534	0.0	-0.08094238541197891
NSF	C33	169	R2	-0.017242820755043575	-0.06369956465693534	0.0	-0.08094238541197891
NSF	C33	169	R3	-0.017242820755043575	-0.06369956465693534	0.0	-0.08094238541197891
NSF	C33	169	R4	-0.017242820755043575	-0.06369956465693534	0.0	-0.08094238541197891
SMDT1	C34	170	R0	-0.08778584179213718	0.019091548466746603	0.0	-0.06869429332539058
SMDT1	C34	170	R1	-0.08778584179213718	0.019091548466746603	0.0	-0.06869429332539058
SMDT1	C34	170	R2	-0.08778584179213718	0.019091548466746603	0.0	-0.06869429332539058
SMDT1	C34	170	R3	-0.08778584179213718	0.019091548466746603	0.0	-0.06869429332539058
SMDT1	C34	170	R4	-0.08778584179213718	0.019091548466746603	0.0	-0.06869429332539058
SMDT1	C34	171	R0	-0.08778584179213718	0.019091548466746603	0.0	-0.06869429332539058
SMDT1	C34	171	R1	-0.08778584179213718	0.019091548466746603	0.0	-0.06869429332539058
SMDT1	C34	171	R2	-0.08778584179213718	0.019091548466746603	0.0	-0.06869429332539058
SMDT1	C34	171	R3	-0.08778584179213718	0.019091548466746603	0.0	-0.06869429332539058
SMDT1	C34	171	R4	-0.08778584179213718	0.019091548466746603	0.0	-0.06869429332539058
SMDT1	C34	172	R0	-0.08778584179213718	0.019091548466746603	0.0	-0.06869429332539058
SMDT1	C34	172	R1	-0.08778584179213718	0.019091548466746603	0.0	-0.06869429332539058
SMDT1	C34	172	R2	-0.08778584179213718	0.019091548466746603	0.0	-0.06869429332539058
SMDT1	C34	172	R3	-0.08778584179213718	0.019091548466746603	0.0	-0.06869429332539058
SMDT1	C34	172	R4	-0.08778584179213718	0.019091548466746603	0.0	-0.06869429332539058
SMDT1	C34	173	R0	-0.08778584179213718	0.019091548466746603	0.0	-0.06869429332539058
SMDT1	C34	173	R1	-0.08778584179213718	0.019091548466746603	0.0	-0.06869429332539058
SMDT1	C34	173	R2	-0.08778584179213718	0.019091548466746603	0.0	-0.06869429332539058
SMDT1	C34	173	R3	-0.08778584179213718	0.019091548466746603	0.0	-0.06869429332539058
SMDT1	C34	173	R4	-0.08778584179213718	0.019091548466746603	0.0	-0.06869429332539058
SMDT1	C34	174	R0	-0.08778584179213718	0.019091548466746603	0.0	-0.06869429332539058
SMDT1	C34	174	R1	-0.08778584179213718	0.019091548466746603	0.0	-0.06869429332539058
SMDT1	C34	174	R2	-0.08778584179213718	0.019091548466746603	0.0	-0.06869429332539058
SMDT1	C34	174	R3	-0.08778584179213718	0.019091548466746603	0.0	-0.06869429332539058
SMDT1	C34	174	R4	-0.08778584179213718	0.019091548466746603	0.0	-0.06869429332539058
SMDT1	C35	175	R0	-0.08778584179213718	0.21002551364788424	0.0	0.12223967185574706
SMDT1	C35	175	R1	-0.08778584179213718	0.21002551364788424	0.0	0.12223967185574706
SMDT1	C35	175	R2	-0.08778584179213718	0.21002551364788424	0.0	0.12223967185574706
SMDT1	C35	175	R3	-0.08778584179213718	0.21002551364788424	0.0	0.12223967185574706
SMDT1	C35	175	R4	-0.08778584179213718	0.21002551364788424	0.0	0.12223967185574706
SMDT1	C35	176	R0	-0.08778584179213718	0.21002551364788424	0.0	0.12223967185574706
SMDT1	C35	176	R1	-0.08778584179213718	0.21002551364788424	0.0	0.12223967185574706
SMDT1	C35	176	R2	-0.08778584179213718	0.21002551364788424	0.0	0.12223967185574706
SMDT1	C35	176	R3	-0.08778584179213718	0.21002551364788424	0.0	0.12223967185574706
SMDT1	C35	176	R4	-0.08778584179213718	0.21002551364788424	0.0	0.12223967185574706
SMDT1	C35	177	R0	-0.08778584179213718	0.21002551364788424	0.0	0.12223967185574706
SMDT1	C35	177	R1	-0.08778584179213718	0.21002551364788424	0.0	0.12223967185574706
SMDT1	C35	177	R2	-0.08778584179213718	0.21002551364788424	0.0	0.12223967185574706
SMDT1	C35	177	R3	-0.08778584179213718	0.21002551364788424	0.0	0.12223967185574706
SMDT1	C35	177	R4	-0.08778584179213718	0.21002551364788424	0.0	0.12223967185574706
SMDT1	C35	178	R0	-0.08778584179213718	0.21002551364788424	0.0	0.12223967185574706
SMDT1	C35	178	R1	-0.08778584179213718	0.21002551364788424	0.0	0.12223967185574706
SMDT1	C35	178	R2	-0.08778584179213718	0.21002551364788424	0.0	0.12223967185574706
SMDT1	C35	178	R3	-0.08778584179213718	0.21002551364788424	0.0	0.12223967185574706
SMDT1	C35	178	R4	-0.08778584179213718	0.21002551364788424	0.0	0.12223967185574706
SMDT1	C35	179	R0	-0.08778584179213718	0.21002551364788424	0.0	0.12223967185574706
SMDT1	C35	179	R1	-0.08778584179213718	0.21002551364788424	0.0	0.12223967185574706
SMDT1	C35	179	R2	-0.08778584179213718	0.21002551364788424	0.0	0.12223967185574706
SMDT1	C35	179	R3	-0.08778584179213718	0.21002551364788424	0.0	0.12223967185574706
SMDT1	C35	179	R4	-0.08778584179213718	0.21002551364788424	0.0	0.12223967185574706
