Condition	sgRNA	Gene	c1	c2	r1	r2
Neuron	ACSM3_sg001	ACSM3	10086	9278	8918	8514
Neuron	ACSM3_sg002	ACSM3	16990	15345	15622	14528
Neuron	ACSM3_sg003	ACSM3	18612	17572	17215	15904
Neuron	ACSM3_sg004	ACSM3	9969	9190	9259	8582
Neuron	ACSM3_sg005	ACSM3	9923	9303	8926	8574
Neuron	ACSM3_sg006	ACSM3	21897	20543	20177	18365
Neuron	ACSM3_sg007	ACSM3	12723	12365	11919	11005
Neuron	ACSM3_sg008	ACSM3	13993	13123	12756	11792
Neuron	ACSM3_sg009	ACSM3	13089	11983	11703	10617
Neuron	ACSM3_sg010	ACSM3	15872	14779	14481	13416
Neuron	ANAPC4_sg011	ANAPC4	14057	13265	12648	11770
Neuron	ANAPC4_sg012	ANAPC4	13664	12592	12177	11273
Neuron	ANAPC4_sg013	ANAPC4	17739	16796	16170	14884
Neuron	ANAPC4_sg014	ANAPC4	19759	18100	18262	16474
Neuron	ANAPC4_sg015	ANAPC4	11889	10968	10780	10278
Neuron	ANAPC4_sg016	ANAPC4	12605	11428	11240	10254
Neuron	ANAPC4_sg017	ANAPC4	14334	13321	12926	12205
Neuron	ANAPC4_sg018	ANAPC4	11246	10581	10259	9691
Neuron	ANAPC4_sg019	ANAPC4	8654	8097	8166	7494
Neuron	ANAPC4_sg020	ANAPC4	22699	21394	20465	19016
Neuron	ANXA7_sg021	ANXA7	16071	14811	14789	13554
Neuron	ANXA7_sg022	ANXA7	15964	15087	14754	13513
Neuron	ANXA7_sg023	ANXA7	13150	12272	12479	11195
Neuron	ANXA7_sg024	ANXA7	9972	9177	9171	8267
Neuron	ANXA7_sg025	ANXA7	9207	8718	8648	7980
Neuron	ANXA7_sg026	ANXA7	19149	17673	17367	16444
Neuron	ANXA7_sg027	ANXA7	13320	12355	12072	11241
Neuron	ANXA7_sg028	ANXA7	13590	12607	12392	11656
Neuron	ANXA7_sg029	ANXA7	15089	13615	13473	12285
Neuron	ANXA7_sg030	ANXA7	37089	34181	33859	31102
Neuron	APOH_sg031	APOH	15606	14484	14722	13184
Neuron	APOH_sg032	APOH	11295	10430	10198	9429
Neuron	APOH_sg033	APOH	12883	11854	11408	10772
Neuron	APOH_sg034	APOH	17742	16553	15958	15042
Neuron	APOH_sg035	APOH	20382	19031	18390	16967
Neuron	APOH_sg036	APOH	15001	14150	13934	12577
Neuron	APOH_sg037	APOH	11032	10419	10258	9246
Neuron	APOH_sg038	APOH	14042	12974	12622	11933
Neuron	APOH_sg039	APOH	17174	15734	15666	14382
Neuron	APOH_sg040	APOH	21617	20220	19947	18060
Neuron	ARHGAP44_sg041	ARHGAP44	8530	8015	7788	7308
Neuron	ARHGAP44_sg042	ARHGAP44	19028	17614	17297	16113
Neuron	ARHGAP44_sg043	ARHGAP44	10585	10252	9899	8964
Neuron	ARHGAP44_sg044	ARHGAP44	12676	11854	11635	11066
Neuron	ARHGAP44_sg045	ARHGAP44	12229	11235	11082	10360
Neuron	ARHGAP44_sg046	ARHGAP44	10501	9749	9406	8657
Neuron	ARHGAP44_sg047	ARHGAP44	11037	9762	9743	9100
Neuron	ARHGAP44_sg048	ARHGAP44	11250	10568	10279	9392
Neuron	ARHGAP44_sg049	ARHGAP44	9912	9052	8976	8187
Neuron	ARHGAP44_sg050	ARHGAP44	10550	9857	9647	8709
Neuron	ARHGEF4_sg051	ARHGEF4	15842	14671	14605	13585
Neuron	ARHGEF4_sg052	ARHGEF4	11468	10551	10518	9324
Neuron	ARHGEF4_sg053	ARHGEF4	15656	14561	14656	13460
Neuron	ARHGEF4_sg054	ARHGEF4	14593	13818	13581	12333
Neuron	ARHGEF4_sg055	ARHGEF4	12753	12220	11877	10789
Neuron	ARHGEF4_sg056	ARHGEF4	14053	12918	12840	11679
Neuron	ARHGEF4_sg057	ARHGEF4	13706	12825	12630	11733
Neuron	ARHGEF4_sg058	ARHGEF4	8504	7916	7643	7049
Neuron	ARHGEF4_sg059	ARHGEF4	12097	11254	11337	10236
Neuron	ARHGEF4_sg060	ARHGEF4	10294	9331	9330	8465
Neuron	ATG5_sg061	ATG5	22706	20787	20812	19454
Neuron	ATG5_sg062	ATG5	13240	12224	12326	11048
Neuron	ATG5_sg063	ATG5	31804	29153	28137	26555
Neuron	ATG5_sg064	ATG5	8379	7464	7470	7082
Neuron	ATG5_sg065	ATG5	14416	13463	13051	12128
Neuron	ATG5_sg066	ATG5	22092	20504	20009	18675
Neuron	ATG5_sg067	ATG5	12228	11238	11142	10055
Neuron	ATG5_sg068	ATG5	6940	6327	6108	5939
Neuron	ATG5_sg069	ATG5	31300	28957	28548	26038
Neuron	ATG5_sg070	ATG5	16589	15613	14894	14209
Neuron	B4GALT6_sg071	B4GALT6	13553	12807	12396	11531
Neuron	B4GALT6_sg072	B4GALT6	10325	9349	9490	8725
Neuron	B4GALT6_sg073	B4GALT6	14724	13622	13748	12632
Neuron	B4GALT6_sg074	B4GALT6	13319	12652	12133	11295
Neuron	B4GALT6_sg075	B4GALT6	23137	21512	21458	19642
Neuron	B4GALT6_sg076	B4GALT6	31945	29745	29224	26714
Neuron	B4GALT6_sg077	B4GALT6	24680	22734	22475	20479
Neuron	B4GALT6_sg078	B4GALT6	14863	13507	13500	12298
Neuron	B4GALT6_sg079	B4GALT6	1	1	1	1
Neuron	B4GALT6_sg080	B4GALT6	10034	9527	8874	8381
Neuron	BCL11B_sg081	BCL11B	11743	11077	10727	9948
Neuron	BCL11B_sg082	BCL11B	14382	13218	13125	11871
Neuron	BCL11B_sg083	BCL11B	12968	12119	12255	11042
Neuron	BCL11B_sg084	BCL11B	21355	19751	19797	17982
Neuron	BCL11B_sg085	BCL11B	24263	22947	21987	20577
Neuron	BCL11B_sg086	BCL11B	13637	12756	12587	11632
Neuron	BCL11B_sg087	BCL11B	14620	13466	13343	12520
Neuron	BCL11B_sg088	BCL11B	16942	15371	15651	14027
Neuron	BCL11B_sg089	BCL11B	11398	10530	10363	9341
Neuron	BCL11B_sg090	BCL11B	19048	17616	17534	16057
Neuron	BCR_sg091	BCR	7161	6790	6488	5983
Neuron	BCR_sg092	BCR	11983	11315	11091	10117
Neuron	BCR_sg093	BCR	23317	22015	21567	19709
Neuron	BCR_sg094	BCR	10035	9267	9279	8567
Neuron	BCR_sg095	BCR	13501	12596	12546	11413
Neuron	BCR_sg096	BCR	14100	13151	12578	11847
Neuron	BCR_sg097	BCR	10290	9215	9285	8789
Neuron	BCR_sg098	BCR	9886	9022	8748	8276
Neuron	BCR_sg099	BCR	11333	10947	10648	9591
Neuron	BCR_sg100	BCR	10831	9950	9791	8913
Neuron	C2CD2L_sg101	C2CD2L	13597	12185	12194	11215
Neuron	C2CD2L_sg102	C2CD2L	10943	10066	9992	9346
Neuron	C2CD2L_sg103	C2CD2L	12811	11749	11800	10650
Neuron	C2CD2L_sg104	C2CD2L	19078	17286	17113	15538
Neuron	C2CD2L_sg105	C2CD2L	11266	10033	10131	9248
Neuron	C2CD2L_sg106	C2CD2L	11446	10537	10467	9415
Neuron	C2CD2L_sg107	C2CD2L	11011	10129	9797	9390
Neuron	C2CD2L_sg108	C2CD2L	13885	12849	12479	11584
Neuron	C2CD2L_sg109	C2CD2L	14160	13243	13046	12140
Neuron	C2CD2L_sg110	C2CD2L	12165	11678	11343	10304
Neuron	CAV2_sg111	CAV2	15648	14544	14157	13136
Neuron	CAV2_sg112	CAV2	19895	18437	18172	16851
Neuron	CAV2_sg113	CAV2	12411	11579	11386	10519
Neuron	CAV2_sg114	CAV2	14974	14280	13889	12667
Neuron	CAV2_sg115	CAV2	10348	9516	9469	8709
Neuron	CAV2_sg116	CAV2	14356	13042	12998	12018
Neuron	CAV2_sg117	CAV2	14449	12956	12581	10883
Neuron	CAV2_sg118	CAV2	13563	12602	12312	11554
Neuron	CAV2_sg119	CAV2	9678	9310	8769	8226
Neuron	CAV2_sg120	CAV2	9978	9551	9206	8603
Neuron	CDC123_sg121	CDC123	11924	10920	10818	9889
Neuron	CDC123_sg122	CDC123	11831	10728	10550	9897
Neuron	CDC123_sg123	CDC123	19358	17924	17694	16684
Neuron	CDC123_sg124	CDC123	27473	25176	25073	22846
Neuron	CDC123_sg125	CDC123	15386	14551	13909	13167
Neuron	CDC123_sg126	CDC123	13063	11977	11569	11123
Neuron	CDC123_sg127	CDC123	11094	10161	9997	9111
Neuron	CDC123_sg128	CDC123	10361	9521	9873	9129
Neuron	CDC123_sg129	CDC123	9630	8896	8781	8214
Neuron	CDC123_sg130	CDC123	10789	9900	9818	9006
Neuron	CDC45_sg131	CDC45	13574	12732	12951	11704
Neuron	CDC45_sg132	CDC45	15632	14445	14177	12936
Neuron	CDC45_sg133	CDC45	11293	10422	10164	9267
Neuron	CDC45_sg134	CDC45	10758	9974	9840	9139
Neuron	CDC45_sg135	CDC45	10625	9691	9392	8732
Neuron	CDC45_sg136	CDC45	9555	9018	8976	8311
Neuron	CDC45_sg137	CDC45	11957	10847	10771	10027
Neuron	CDC45_sg138	CDC45	11962	10971	11221	9981
Neuron	CDC45_sg139	CDC45	15877	14783	14311	13344
Neuron	CDC45_sg140	CDC45	11505	10629	10535	9785
Neuron	CDHR5_sg141	CDHR5	7512	6879	6877	6200
Neuron	CDHR5_sg142	CDHR5	15539	13935	13996	12981
Neuron	CDHR5_sg143	CDHR5	19558	18058	17935	16551
Neuron	CDHR5_sg144	CDHR5	14022	12901	12246	11816
Neuron	CDHR5_sg145	CDHR5	12027	11284	11291	10227
Neuron	CDHR5_sg146	CDHR5	12125	11144	11229	10233
Neuron	CDHR5_sg147	CDHR5	8326	7887	7612	7050
Neuron	CDHR5_sg148	CDHR5	11795	11033	10506	9936
Neuron	CDHR5_sg149	CDHR5	18035	16443	16147	14967
Neuron	CDHR5_sg150	CDHR5	15736	14985	14463	13232
Neuron	CERS5_sg151	CERS5	17870	16660	16496	15093
Neuron	CERS5_sg152	CERS5	13636	12526	12567	11357
Neuron	CERS5_sg153	CERS5	19985	18383	18075	16661
Neuron	CERS5_sg154	CERS5	20806	19165	18433	17483
Neuron	CERS5_sg155	CERS5	13127	11947	11699	10922
Neuron	CERS5_sg156	CERS5	15313	14494	13582	12997
Neuron	CERS5_sg157	CERS5	16084	15097	14669	13450
Neuron	CERS5_sg158	CERS5	17912	17053	16142	15225
Neuron	CERS5_sg159	CERS5	19735	18443	17735	16637
Neuron	CERS5_sg160	CERS5	13468	12513	12231	11119
Neuron	CHD8_sg161	CHD8	20811	19193	18605	17700
Neuron	CHD8_sg162	CHD8	14890	13800	13575	12471
Neuron	CHD8_sg163	CHD8	10579	9841	9780	8869
Neuron	CHD8_sg164	CHD8	19814	18440	17962	16804
Neuron	CHD8_sg165	CHD8	15659	14656	14351	13373
Neuron	CHD8_sg166	CHD8	10543	9924	9539	9057
Neuron	CHD8_sg167	CHD8	9200	8373	8408	7531
Neuron	CHD8_sg168	CHD8	13770	12510	12736	11481
Neuron	CHD8_sg169	CHD8	14709	13787	13469	12546
Neuron	CHD8_sg170	CHD8	9771	9134	9016	8334
Neuron	CHST1_sg171	CHST1	15572	14418	14139	12878
Neuron	CHST1_sg172	CHST1	13400	12212	12237	11097
Neuron	CHST1_sg173	CHST1	8289	7492	7520	6692
Neuron	CHST1_sg174	CHST1	7351	7023	6501	6449
Neuron	CHST1_sg175	CHST1	11665	11018	10811	9934
Neuron	CHST1_sg176	CHST1	9559	8840	8742	8088
Neuron	CHST1_sg177	CHST1	12501	11641	11547	10486
Neuron	CHST1_sg178	CHST1	12342	11560	11269	10476
Neuron	CHST1_sg179	CHST1	9666	8745	8732	7922
Neuron	CHST1_sg180	CHST1	11624	10907	10584	9742
Neuron	CINP_sg181	CINP	13575	12753	12641	11629
Neuron	CINP_sg182	CINP	15727	14576	14654	13482
Neuron	CINP_sg183	CINP	13936	12936	12794	11499
Neuron	CINP_sg184	CINP	12228	11495	11285	10343
Neuron	CINP_sg185	CINP	11110	10206	10220	9352
Neuron	CINP_sg186	CINP	10136	9396	8781	8272
Neuron	CINP_sg187	CINP	16172	14994	14715	13680
Neuron	CINP_sg188	CINP	13961	13573	12850	11908
Neuron	CINP_sg189	CINP	16803	15236	15346	13691
Neuron	CINP_sg190	CINP	17964	16721	16107	15014
Neuron	CYP46A1_sg191	CYP46A1	19076	17941	17237	16240
Neuron	CYP46A1_sg192	CYP46A1	11347	10566	10544	9647
Neuron	CYP46A1_sg193	CYP46A1	20459	18936	18471	17048
Neuron	CYP46A1_sg194	CYP46A1	12436	11742	11444	10746
Neuron	CYP46A1_sg195	CYP46A1	16250	15466	15272	13695
Neuron	CYP46A1_sg196	CYP46A1	13598	13084	12746	11600
Neuron	CYP46A1_sg197	CYP46A1	13062	12192	12086	10896
Neuron	CYP46A1_sg198	CYP46A1	14167	13156	12799	12044
Neuron	CYP46A1_sg199	CYP46A1	14223	13496	12971	12178
Neuron	CYP46A1_sg200	CYP46A1	26095	24332	23625	22051
Neuron	DECR2_sg201	DECR2	13972	13051	12261	11650
Neuron	DECR2_sg202	DECR2	19723	18168	17830	16440
Neuron	DECR2_sg203	DECR2	8616	8405	8045	7462
Neuron	DECR2_sg204	DECR2	21446	20086	19748	17991
Neuron	DECR2_sg205	DECR2	10340	9594	9483	8811
Neuron	DECR2_sg206	DECR2	13568	12596	12315	11393
Neuron	DECR2_sg207	DECR2	17931	16521	16376	15160
Neuron	DECR2_sg208	DECR2	16938	16017	15406	14365
Neuron	DECR2_sg209	DECR2	14065	12990	12914	11487
Neuron	DECR2_sg210	DECR2	16082	15021	14675	13610
Neuron	DKK4_sg211	DKK4	12848	12059	11765	11045
Neuron	DKK4_sg212	DKK4	13807	12865	12670	11598
Neuron	DKK4_sg213	DKK4	10464	9727	9536	8920
Neuron	DKK4_sg214	DKK4	3719	3394	2921	2898
Neuron	DKK4_sg215	DKK4	12614	11895	11664	10581
Neuron	DKK4_sg216	DKK4	12849	11893	11553	10887
Neuron	DKK4_sg217	DKK4	11569	10729	10179	9659
Neuron	DKK4_sg218	DKK4	21350	19634	19028	17798
Neuron	DKK4_sg219	DKK4	19511	18063	17917	16654
Neuron	DKK4_sg220	DKK4	10464	10026	9876	8817
Neuron	DPEP1_sg221	DPEP1	8442	7749	7958	7159
Neuron	DPEP1_sg222	DPEP1	11165	10596	10409	9328
Neuron	DPEP1_sg223	DPEP1	19438	18209	17694	16466
Neuron	DPEP1_sg224	DPEP1	10887	10354	10061	9384
Neuron	DPEP1_sg225	DPEP1	14141	12720	12994	11713
Neuron	DPEP1_sg226	DPEP1	15982	14698	14598	13480
Neuron	DPEP1_sg227	DPEP1	13604	12862	12702	11523
Neuron	DPEP1_sg228	DPEP1	22649	21081	20538	18796
Neuron	DPEP1_sg229	DPEP1	18553	17283	16807	15571
Neuron	DPEP1_sg230	DPEP1	11583	11129	10506	10081
Neuron	DUSP14_sg231	DUSP14	9411	8529	8639	7802
Neuron	DUSP14_sg232	DUSP14	17151	16134	16028	14364
Neuron	DUSP14_sg233	DUSP14	13713	13030	12621	11625
Neuron	DUSP14_sg234	DUSP14	10378	9852	9563	8885
Neuron	DUSP14_sg235	DUSP14	17672	16644	16030	14667
Neuron	DUSP14_sg236	DUSP14	18663	17242	16739	15971
Neuron	DUSP14_sg237	DUSP14	17779	16498	15969	14945
Neuron	DUSP14_sg238	DUSP14	14776	13808	13367	12398
Neuron	DUSP14_sg239	DUSP14	8950	8466	8330	7659
Neuron	DUSP14_sg240	DUSP14	14687	13636	13286	12265
Neuron	DUSP3_sg241	DUSP3	13830	12771	12573	11598
Neuron	DUSP3_sg242	DUSP3	10521	9605	9580	8858
Neuron	DUSP3_sg243	DUSP3	19057	17718	17218	16086
Neuron	DUSP3_sg244	DUSP3	14302	13292	13492	12243
Neuron	DUSP3_sg245	DUSP3	8758	7902	7770	7181
Neuron	DUSP3_sg246	DUSP3	13802	13025	12613	11735
Neuron	DUSP3_sg247	DUSP3	9815	8979	9064	8209
Neuron	DUSP3_sg248	DUSP3	19515	18105	18081	16461
Neuron	DUSP3_sg249	DUSP3	10726	10368	10160	9270
Neuron	DUSP3_sg250	DUSP3	11347	10482	10339	9654
Neuron	EFHD2_sg251	EFHD2	14082	13040	12895	11970
Neuron	EFHD2_sg252	EFHD2	21443	19199	19276	17698
Neuron	EFHD2_sg253	EFHD2	9982	9400	9073	8490
Neuron	EFHD2_sg254	EFHD2	12876	12419	12108	11025
Neuron	EFHD2_sg255	EFHD2	14330	13545	13298	12034
Neuron	EFHD2_sg256	EFHD2	18707	17278	17142	15965
Neuron	EFHD2_sg257	EFHD2	13492	12619	12295	11433
Neuron	EFHD2_sg258	EFHD2	15689	14213	14298	13104
Neuron	EFHD2_sg259	EFHD2	14449	13669	13353	12482
Neuron	EFHD2_sg260	EFHD2	24768	23153	23043	20971
Neuron	EFNA2_sg261	EFNA2	17069	15895	15796	14289
Neuron	EFNA2_sg262	EFNA2	12956	12087	11998	11222
Neuron	EFNA2_sg263	EFNA2	10291	9473	9429	8675
Neuron	EFNA2_sg264	EFNA2	12073	11135	10913	9987
Neuron	EFNA2_sg265	EFNA2	11333	10838	10462	9733
Neuron	EFNA2_sg266	EFNA2	11102	10247	10216	9183
Neuron	EFNA2_sg267	EFNA2	8106	7619	7283	6884
Neuron	EFNA2_sg268	EFNA2	42333	39217	37881	35015
Neuron	EFNA2_sg269	EFNA2	7491	7102	6912	6400
Neuron	EFNA2_sg270	EFNA2	12195	11467	11348	10224
Neuron	ENTPD4_sg271	ENTPD4	15648	14469	14089	13085
Neuron	ENTPD4_sg272	ENTPD4	13936	13146	12888	11854
Neuron	ENTPD4_sg273	ENTPD4	10688	9789	9475	8633
Neuron	ENTPD4_sg274	ENTPD4	15273	14017	13987	12889
Neuron	ENTPD4_sg275	ENTPD4	12737	11691	11868	10807
Neuron	ENTPD4_sg276	ENTPD4	16421	15332	15066	14183
Neuron	ENTPD4_sg277	ENTPD4	10738	9811	9582	8905
Neuron	ENTPD4_sg278	ENTPD4	9351	8601	8517	7799
Neuron	ENTPD4_sg279	ENTPD4	17560	16084	16002	14865
Neuron	ENTPD4_sg280	ENTPD4	14730	13306	12847	11914
Neuron	EPHA4_sg281	EPHA4	12786	11873	11659	10845
Neuron	EPHA4_sg282	EPHA4	11433	10432	10297	9294
Neuron	EPHA4_sg283	EPHA4	15570	14620	14406	13013
Neuron	EPHA4_sg284	EPHA4	19383	17839	17780	16350
Neuron	EPHA4_sg285	EPHA4	22049	20702	19993	18725
Neuron	EPHA4_sg286	EPHA4	22011	20261	20284	18514
Neuron	EPHA4_sg287	EPHA4	12799	11797	11588	10730
Neuron	EPHA4_sg288	EPHA4	20146	19059	18354	16741
Neuron	EPHA4_sg289	EPHA4	10558	9667	9662	8920
Neuron	EPHA4_sg290	EPHA4	676	608	621	553
Neuron	EPN2_sg291	EPN2	13670	12361	12093	11450
Neuron	EPN2_sg292	EPN2	8590	8011	7655	7237
Neuron	EPN2_sg293	EPN2	580	473	413	245
Neuron	EPN2_sg294	EPN2	26338	24516	23797	22221
Neuron	EPN2_sg295	EPN2	15093	14003	13669	12706
Neuron	EPN2_sg296	EPN2	16875	15965	15741	14217
Neuron	EPN2_sg297	EPN2	12536	11322	11119	10426
Neuron	EPN2_sg298	EPN2	16849	15990	15534	14366
Neuron	EPN2_sg299	EPN2	15739	14678	14056	13239
Neuron	EPN2_sg300	EPN2	13021	12026	11977	10844
Neuron	ESPL1_sg301	ESPL1	12421	11667	11110	10509
Neuron	ESPL1_sg302	ESPL1	9780	8982	9218	8427
Neuron	ESPL1_sg303	ESPL1	750	709	703	629
Neuron	ESPL1_sg304	ESPL1	12618	11849	11749	10749
Neuron	ESPL1_sg305	ESPL1	14604	13623	13460	12385
Neuron	ESPL1_sg306	ESPL1	11983	11166	11199	10541
Neuron	ESPL1_sg307	ESPL1	10118	9229	9229	8470
Neuron	ESPL1_sg308	ESPL1	34007	31315	30953	28545
Neuron	ESPL1_sg309	ESPL1	15164	13870	13483	12418
Neuron	ESPL1_sg310	ESPL1	14511	13395	13166	11997
Neuron	ETV2_sg311	ETV2	10935	10023	10193	9213
Neuron	ETV2_sg312	ETV2	18107	16529	16266	15326
Neuron	ETV2_sg313	ETV2	10473	9972	9746	8983
Neuron	ETV2_sg314	ETV2	18252	17355	16693	15514
Neuron	ETV2_sg315	ETV2	18680	17283	17143	15736
Neuron	ETV2_sg316	ETV2	9440	9007	8803	8072
Neuron	ETV2_sg317	ETV2	17461	16229	16148	14556
Neuron	ETV2_sg318	ETV2	11921	11020	10961	9856
Neuron	ETV2_sg319	ETV2	10695	10165	9938	8890
Neuron	ETV2_sg320	ETV2	16118	14896	14838	13530
Neuron	F11_sg321	F11	13881	12816	12428	11871
Neuron	F11_sg322	F11	16476	15358	14635	13760
Neuron	F11_sg323	F11	11385	10734	10499	9708
Neuron	F11_sg324	F11	11933	11260	10930	10228
Neuron	F11_sg325	F11	12958	12152	11791	10960
Neuron	F11_sg326	F11	13269	12121	11828	11096
Neuron	F11_sg327	F11	24433	22716	22209	20477
Neuron	F11_sg328	F11	22432	21211	20840	18960
Neuron	F11_sg329	F11	5084	4814	4723	4324
Neuron	F11_sg330	F11	15663	14518	14001	13182
Neuron	FADS1_sg331	FADS1	20153	18600	18647	17144
Neuron	FADS1_sg332	FADS1	13913	13078	12988	11972
Neuron	FADS1_sg333	FADS1	10389	9615	9727	8794
Neuron	FADS1_sg334	FADS1	15221	14132	13829	13114
Neuron	FADS1_sg335	FADS1	12104	11502	11408	10439
Neuron	FADS1_sg336	FADS1	16107	15043	14737	13326
Neuron	FADS1_sg337	FADS1	16730	15900	15432	14398
Neuron	FADS1_sg338	FADS1	25905	24354	23659	21977
Neuron	FADS1_sg339	FADS1	13369	12502	12098	11294
Neuron	FADS1_sg340	FADS1	18867	17745	17537	15901
Neuron	FEZF2_sg341	FEZF2	4770	4567	4358	4151
Neuron	FEZF2_sg342	FEZF2	11707	10462	10510	9649
Neuron	FEZF2_sg343	FEZF2	19880	18290	18326	16666
Neuron	FEZF2_sg344	FEZF2	15259	14256	13761	12722
Neuron	FEZF2_sg345	FEZF2	6286	5859	6012	5420
Neuron	FEZF2_sg346	FEZF2	16709	15772	15404	14240
Neuron	FEZF2_sg347	FEZF2	8890	8161	8080	7550
Neuron	FEZF2_sg348	FEZF2	13813	12949	12801	11945
Neuron	FEZF2_sg349	FEZF2	16361	15178	14553	13439
Neuron	FEZF2_sg350	FEZF2	17176	16029	15609	14440
Neuron	FMO3_sg351	FMO3	15526	14940	14173	13345
Neuron	FMO3_sg352	FMO3	13175	12548	12377	11452
Neuron	FMO3_sg353	FMO3	14425	13206	12936	12344
Neuron	FMO3_sg354	FMO3	14512	13638	13033	12053
Neuron	FMO3_sg355	FMO3	8862	8190	8090	7695
Neuron	FMO3_sg356	FMO3	18660	17309	16477	15485
Neuron	FMO3_sg357	FMO3	15709	14806	14349	13514
Neuron	FMO3_sg358	FMO3	1	1	1	1
Neuron	FMO3_sg359	FMO3	8229	7377	7327	6936
Neuron	FMO3_sg360	FMO3	15874	14309	14022	13092
Neuron	FOXN1_sg361	FOXN1	11938	11134	10930	10054
Neuron	FOXN1_sg362	FOXN1	9285	8477	8647	7840
Neuron	FOXN1_sg363	FOXN1	13898	13174	12817	11863
Neuron	FOXN1_sg364	FOXN1	17432	16215	15759	14463
Neuron	FOXN1_sg365	FOXN1	11985	11187	11079	10294
Neuron	FOXN1_sg366	FOXN1	23800	21894	21861	20708
Neuron	FOXN1_sg367	FOXN1	26866	24540	24247	22210
Neuron	FOXN1_sg368	FOXN1	21141	20296	19688	18571
Neuron	FOXN1_sg369	FOXN1	18066	16981	16081	15369
Neuron	FOXN1_sg370	FOXN1	17238	16338	15201	14173
Neuron	GCKR_sg371	GCKR	10858	10047	9910	8914
Neuron	GCKR_sg372	GCKR	13714	12888	12518	11365
Neuron	GCKR_sg373	GCKR	20644	18891	18796	17089
Neuron	GCKR_sg374	GCKR	11876	11110	10564	9859
Neuron	GCKR_sg375	GCKR	12064	11345	11239	10226
Neuron	GCKR_sg376	GCKR	15133	14230	13923	12909
Neuron	GCKR_sg377	GCKR	20454	19428	18652	17322
Neuron	GCKR_sg378	GCKR	9545	9189	8807	8229
Neuron	GCKR_sg379	GCKR	20850	19011	18818	17251
Neuron	GCKR_sg380	GCKR	18542	17417	16898	15695
Neuron	GNAI3_sg381	GNAI3	16796	15843	15638	14241
Neuron	GNAI3_sg382	GNAI3	17166	15702	15485	14204
Neuron	GNAI3_sg383	GNAI3	2711	2487	2472	2302
Neuron	GNAI3_sg384	GNAI3	11869	11112	10797	10046
Neuron	GNAI3_sg385	GNAI3	19634	18100	17392	16070
Neuron	GNAI3_sg386	GNAI3	19833	18494	18291	16619
Neuron	GNAI3_sg387	GNAI3	14626	13819	13620	12619
Neuron	GNAI3_sg388	GNAI3	17695	16391	15765	14739
Neuron	GNAI3_sg389	GNAI3	17399	16546	16320	14667
Neuron	GNAI3_sg390	GNAI3	17536	16375	16052	14760
Neuron	GNRHR_sg391	GNRHR	13857	12856	12747	11668
Neuron	GNRHR_sg392	GNRHR	14049	13312	12959	11938
Neuron	GNRHR_sg393	GNRHR	12822	11637	11654	10741
Neuron	GNRHR_sg394	GNRHR	10477	9617	9436	9005
Neuron	GNRHR_sg395	GNRHR	20947	19850	19015	17848
Neuron	GNRHR_sg396	GNRHR	14744	13936	13296	12280
Neuron	GNRHR_sg397	GNRHR	23060	21125	20541	19160
Neuron	GNRHR_sg398	GNRHR	17143	15944	15696	14254
Neuron	GNRHR_sg399	GNRHR	12710	12059	12057	10667
Neuron	GNRHR_sg400	GNRHR	11239	10548	10251	9494
Neuron	GRIA1_sg401	GRIA1	10663	10100	9848	8990
Neuron	GRIA1_sg402	GRIA1	16654	15564	15167	14084
Neuron	GRIA1_sg403	GRIA1	17589	16554	16103	14873
Neuron	GRIA1_sg404	GRIA1	11137	10473	10018	9525
Neuron	GRIA1_sg405	GRIA1	11805	10879	10870	10064
Neuron	GRIA1_sg406	GRIA1	12798	11907	11847	10909
Neuron	GRIA1_sg407	GRIA1	20929	19203	18420	17442
Neuron	GRIA1_sg408	GRIA1	19861	18635	18300	16887
Neuron	GRIA1_sg409	GRIA1	11728	10954	10694	9783
Neuron	GRIA1_sg410	GRIA1	20470	19142	18372	17274
Neuron	GRIN2A_sg411	GRIN2A	13919	12743	12649	11844
Neuron	GRIN2A_sg412	GRIN2A	11416	10721	10479	9494
Neuron	GRIN2A_sg413	GRIN2A	17223	16008	15419	14652
Neuron	GRIN2A_sg414	GRIN2A	34085	31826	31333	28891
Neuron	GRIN2A_sg415	GRIN2A	14406	13676	13355	12251
Neuron	GRIN2A_sg416	GRIN2A	15103	14057	13920	12860
Neuron	GRIN2A_sg417	GRIN2A	9424	8620	8474	7940
Neuron	GRIN2A_sg418	GRIN2A	15636	14712	14352	13113
Neuron	GRIN2A_sg419	GRIN2A	26174	24650	24011	22380
Neuron	GRIN2A_sg420	GRIN2A	13718	12680	12475	11414
Neuron	GRM1_sg421	GRM1	11204	10194	10269	9229
Neuron	GRM1_sg422	GRM1	12503	11451	11347	10639
Neuron	GRM1_sg423	GRM1	14034	12789	12865	11817
Neuron	GRM1_sg424	GRM1	12123	11102	10775	10087
Neuron	GRM1_sg425	GRM1	7971	7327	7223	6646
Neuron	GRM1_sg426	GRM1	16007	15086	14651	13199
Neuron	GRM1_sg427	GRM1	10571	10012	9751	9068
Neuron	GRM1_sg428	GRM1	11824	10828	10666	9854
Neuron	GRM1_sg429	GRM1	17547	16424	16150	14860
Neuron	GRM1_sg430	GRM1	13014	12401	11714	11467
Neuron	GRM6_sg431	GRM6	10147	9415	9040	8398
Neuron	GRM6_sg432	GRM6	11777	10780	10964	9891
Neuron	GRM6_sg433	GRM6	14033	13042	12751	11765
Neuron	GRM6_sg434	GRM6	13198	12269	12177	11325
Neuron	GRM6_sg435	GRM6	26061	23778	23467	21731
Neuron	GRM6_sg436	GRM6	15847	14745	14451	13548
Neuron	GRM6_sg437	GRM6	10581	9420	9550	8717
Neuron	GRM6_sg438	GRM6	15817	14640	14440	13202
Neuron	GRM6_sg439	GRM6	10307	9706	9533	8864
Neuron	GRM6_sg440	GRM6	11629	10741	10751	10039
Neuron	HDGFL1_sg441	HDGFL1	8385	7614	7513	7084
Neuron	HDGFL1_sg442	HDGFL1	11721	10853	10406	9717
Neuron	HDGFL1_sg443	HDGFL1	15767	14425	14367	13234
Neuron	HDGFL1_sg444	HDGFL1	13442	12646	12280	11591
Neuron	HDGFL1_sg445	HDGFL1	7756	7127	6912	6511
Neuron	HDGFL1_sg446	HDGFL1	10368	9608	9053	8759
Neuron	HDGFL1_sg447	HDGFL1	14063	13149	12700	11835
Neuron	HDGFL1_sg448	HDGFL1	18771	17542	16944	15832
Neuron	HDGFL1_sg449	HDGFL1	17135	15374	15331	14264
Neuron	HDGFL1_sg450	HDGFL1	12973	12026	11729	10774
Neuron	HOXC8_sg451	HOXC8	19365	17766	17635	16031
Neuron	HOXC8_sg452	HOXC8	10519	10201	9607	8942
Neuron	HOXC8_sg453	HOXC8	14356	12961	13129	12109
Neuron	HOXC8_sg454	HOXC8	9668	9018	8884	8163
Neuron	HOXC8_sg455	HOXC8	17701	16749	15996	15091
Neuron	HOXC8_sg456	HOXC8	12725	11563	11333	10427
Neuron	HOXC8_sg457	HOXC8	9818	8912	8843	8231
Neuron	HOXC8_sg458	HOXC8	13300	12193	12041	11277
Neuron	HOXC8_sg459	HOXC8	16172	14716	14678	13539
Neuron	HOXC8_sg460	HOXC8	14090	13096	12846	11874
Neuron	HSD17B1_sg461	HSD17B1	10286	9448	9417	8547
Neuron	HSD17B1_sg462	HSD17B1	8627	7898	7837	7209
Neuron	HSD17B1_sg463	HSD17B1	12228	11363	11150	10320
Neuron	HSD17B1_sg464	HSD17B1	8458	8147	7783	7374
Neuron	HSD17B1_sg465	HSD17B1	13723	12750	12825	11613
Neuron	HSD17B1_sg466	HSD17B1	7316	6935	6656	6294
Neuron	HSD17B1_sg467	HSD17B1	10598	9865	9744	9006
Neuron	HSD17B1_sg468	HSD17B1	15735	14728	14432	13235
Neuron	HSD17B1_sg469	HSD17B1	21512	19897	19709	18183
Neuron	HSD17B1_sg470	HSD17B1	19635	18107	17933	16321
Neuron	IFNG_sg471	IFNG	11499	10488	10313	9591
Neuron	IFNG_sg472	IFNG	11123	10410	10033	9436
Neuron	IFNG_sg473	IFNG	19992	18511	18195	16872
Neuron	IFNG_sg474	IFNG	11483	10556	10064	9576
Neuron	IFNG_sg475	IFNG	26917	24833	24861	22388
Neuron	IFNG_sg476	IFNG	15436	14193	13981	13088
Neuron	IFNG_sg477	IFNG	17412	16361	15533	14632
Neuron	IFNG_sg478	IFNG	18500	17354	16926	15311
Neuron	IFNG_sg479	IFNG	16686	15786	15466	14487
Neuron	IFNG_sg480	IFNG	36308	33850	32999	30306
Neuron	IL17F_sg481	IL17F	14871	13853	13524	12630
Neuron	IL17F_sg482	IL17F	12368	11393	11251	10419
Neuron	IL17F_sg483	IL17F	10138	9689	9013	8477
Neuron	IL17F_sg484	IL17F	11834	11096	11047	10133
Neuron	IL17F_sg485	IL17F	14494	13220	13054	12056
Neuron	IL17F_sg486	IL17F	9766	9064	8950	8139
Neuron	IL17F_sg487	IL17F	13231	12548	12079	11319
Neuron	IL17F_sg488	IL17F	8664	8014	7723	7270
Neuron	IL17F_sg489	IL17F	21045	19665	19263	17646
Neuron	IL17F_sg490	IL17F	15810	14792	14561	13370
Neuron	INSRR_sg491	INSRR	15321	14379	13998	12904
Neuron	INSRR_sg492	INSRR	11278	10491	10381	9612
Neuron	INSRR_sg493	INSRR	9234	8647	8510	7959
Neuron	INSRR_sg494	INSRR	11366	10553	10383	9562
Neuron	INSRR_sg495	INSRR	15422	14639	14216	13224
Neuron	INSRR_sg496	INSRR	15263	14120	13840	12597
Neuron	INSRR_sg497	INSRR	10675	10339	9832	9106
Neuron	INSRR_sg498	INSRR	26546	24502	24535	22405
Neuron	INSRR_sg499	INSRR	11164	10747	10144	9323
Neuron	INSRR_sg500	INSRR	13812	13029	12681	11532
Neuron	KRT23_sg501	KRT23	20717	19200	18961	17444
Neuron	KRT23_sg502	KRT23	14177	13203	13036	11835
Neuron	KRT23_sg503	KRT23	12130	11231	11099	10077
Neuron	KRT23_sg504	KRT23	17033	16185	15553	14359
Neuron	KRT23_sg505	KRT23	11312	10401	10234	9561
Neuron	KRT23_sg506	KRT23	8568	7897	7863	7316
Neuron	KRT23_sg507	KRT23	19179	17980	17547	16170
Neuron	KRT23_sg508	KRT23	13006	11937	11707	10644
Neuron	KRT23_sg509	KRT23	10011	9344	9294	8299
Neuron	KRT23_sg510	KRT23	23400	21934	20900	19847
Neuron	LAMP1_sg511	LAMP1	11883	11178	11114	10281
Neuron	LAMP1_sg512	LAMP1	12581	11569	11708	10940
Neuron	LAMP1_sg513	LAMP1	13623	12771	12561	11534
Neuron	LAMP1_sg514	LAMP1	10625	10058	9775	9061
Neuron	LAMP1_sg515	LAMP1	12511	11615	11199	10584
Neuron	LAMP1_sg516	LAMP1	20583	19413	19192	17527
Neuron	LAMP1_sg517	LAMP1	17018	15789	15496	14245
Neuron	LAMP1_sg518	LAMP1	19264	17621	17077	15686
Neuron	LAMP1_sg519	LAMP1	20532	19176	18626	17472
Neuron	LAMP1_sg520	LAMP1	16512	15442	15237	14013
Neuron	MCM6_sg521	MCM6	13415	12649	12504	11246
Neuron	MCM6_sg522	MCM6	16672	15390	15137	13940
Neuron	MCM6_sg523	MCM6	15837	14469	14354	13365
Neuron	MCM6_sg524	MCM6	7945	7342	7243	6618
Neuron	MCM6_sg525	MCM6	21949	20937	19709	18425
Neuron	MCM6_sg526	MCM6	11236	10888	10338	9875
Neuron	MCM6_sg527	MCM6	15192	14246	13841	12919
Neuron	MCM6_sg528	MCM6	23974	22375	21847	20191
Neuron	MCM6_sg529	MCM6	13600	12754	12069	11268
Neuron	MCM6_sg530	MCM6	19009	18033	17658	16379
Neuron	MCOLN3_sg531	MCOLN3	15405	14413	14060	13003
Neuron	MCOLN3_sg532	MCOLN3	19251	17531	17308	15800
Neuron	MCOLN3_sg533	MCOLN3	15465	14017	14434	13372
Neuron	MCOLN3_sg534	MCOLN3	14084	12791	12763	11820
Neuron	MCOLN3_sg535	MCOLN3	13028	12012	11759	10801
Neuron	MCOLN3_sg536	MCOLN3	23857	22005	21867	19873
Neuron	MCOLN3_sg537	MCOLN3	9615	9087	8694	8241
Neuron	MCOLN3_sg538	MCOLN3	9097	8300	8419	7679
Neuron	MCOLN3_sg539	MCOLN3	9590	9040	8497	8123
Neuron	MCOLN3_sg540	MCOLN3	15522	14558	14251	13203
Neuron	MDFI_sg541	MDFI	20914	19684	19425	17829
Neuron	MDFI_sg542	MDFI	12736	11567	11613	10591
Neuron	MDFI_sg543	MDFI	12116	11245	11343	10329
Neuron	MDFI_sg544	MDFI	22832	20901	20999	18806
Neuron	MDFI_sg545	MDFI	14766	13855	13752	12539
Neuron	MDFI_sg546	MDFI	8269	7618	7524	7144
Neuron	MDFI_sg547	MDFI	12126	11308	11061	10271
Neuron	MDFI_sg548	MDFI	14869	14054	13503	12362
Neuron	MDFI_sg549	MDFI	25719	23993	23617	21562
Neuron	MDFI_sg550	MDFI	9377	9077	8648	8277
Neuron	MNAT1_sg551	MNAT1	24544	22740	22618	20924
Neuron	MNAT1_sg552	MNAT1	14321	13493	13261	11868
Neuron	MNAT1_sg553	MNAT1	17976	16735	16056	15042
Neuron	MNAT1_sg554	MNAT1	22675	21154	20507	19298
Neuron	MNAT1_sg555	MNAT1	15030	14314	13612	12904
Neuron	MNAT1_sg556	MNAT1	1	1	1	1
Neuron	MNAT1_sg557	MNAT1	11605	10910	10698	9981
Neuron	MNAT1_sg558	MNAT1	12237	11822	11410	10586
Neuron	MNAT1_sg559	MNAT1	15166	14008	13716	12326
Neuron	MNAT1_sg560	MNAT1	20212	18993	18403	16934
Neuron	MYF6_sg561	MYF6	17708	16718	16052	14928
Neuron	MYF6_sg562	MYF6	14515	13304	13440	12340
Neuron	MYF6_sg563	MYF6	13379	12461	12432	11171
Neuron	MYF6_sg564	MYF6	10319	9691	9310	8417
Neuron	MYF6_sg565	MYF6	18764	17450	17157	15842
Neuron	MYF6_sg566	MYF6	9275	8764	8630	7938
Neuron	MYF6_sg567	MYF6	27316	25273	24847	22749
Neuron	MYF6_sg568	MYF6	22641	21093	20471	19050
Neuron	MYF6_sg569	MYF6	9992	9029	9340	8155
Neuron	MYF6_sg570	MYF6	14048	12999	12609	11725
Neuron	MYO15_sg571	MYO15	15058	13997	13799	12572
Neuron	MYO15_sg572	MYO15	17065	15326	15248	13973
Neuron	MYO15_sg573	MYO15	10611	9829	9498	8690
Neuron	MYO15_sg574	MYO15	16273	14911	14710	13782
Neuron	MYO15_sg575	MYO15	12592	11725	11812	10911
Neuron	MYO15_sg576	MYO15	18838	17656	17259	16070
Neuron	MYO15_sg577	MYO15	21108	19865	18943	17671
Neuron	MYO15_sg578	MYO15	18652	17527	17393	15728
Neuron	MYO15_sg579	MYO15	18707	17109	17116	15537
Neuron	MYO15_sg580	MYO15	11759	10752	11062	10006
Neuron	NKX3-2_sg581	NKX3-2	8994	8528	8280	7550
Neuron	NKX3-2_sg582	NKX3-2	9848	9007	9117	8320
Neuron	NKX3-2_sg583	NKX3-2	11568	11090	10870	9927
Neuron	NKX3-2_sg584	NKX3-2	23893	22499	22027	20160
Neuron	NKX3-2_sg585	NKX3-2	13461	13043	12551	11559
Neuron	NKX3-2_sg586	NKX3-2	17155	15609	15674	14577
Neuron	NKX3-2_sg587	NKX3-2	14201	13192	12871	11817
Neuron	NKX3-2_sg588	NKX3-2	11934	11113	10973	10234
Neuron	NKX3-2_sg589	NKX3-2	11145	10441	10252	9454
Neuron	NKX3-2_sg590	NKX3-2	11427	10667	10502	9437
Neuron	NLGN1_sg591	NLGN1	18773	17512	16949	15666
Neuron	NLGN1_sg592	NLGN1	9401	8681	8575	7888
Neuron	NLGN1_sg593	NLGN1	9271	8543	8743	7616
Neuron	NLGN1_sg594	NLGN1	10701	10145	9907	9009
Neuron	NLGN1_sg595	NLGN1	14747	13751	13453	12493
Neuron	NLGN1_sg596	NLGN1	19645	18555	18022	16466
Neuron	NLGN1_sg597	NLGN1	16552	15263	15256	13884
Neuron	NLGN1_sg598	NLGN1	13182	12102	11741	10879
Neuron	NLGN1_sg599	NLGN1	29008	27019	26471	24179
Neuron	NLGN1_sg600	NLGN1	15929	14759	14450	13367
Neuron	NonTarg_1	Control	9062	8371	8358	7639
Neuron	NonTarg_10	Control	10999	10014	9803	9159
Neuron	NonTarg_11	Control	20007	19042	18314	17053
Neuron	NonTarg_12	Control	13571	12527	12365	11463
Neuron	NonTarg_13	Control	22943	21354	21463	19583
Neuron	NonTarg_14	Control	13167	12018	11971	11028
Neuron	NonTarg_15	Control	13244	12060	12099	11118
Neuron	NonTarg_16	Control	12891	11923	11613	11085
Neuron	NonTarg_17	Control	17471	16331	15635	14620
Neuron	NonTarg_18	Control	13073	12259	11909	10677
Neuron	NonTarg_19	Control	13618	12503	12219	11673
Neuron	NonTarg_2	Control	11184	10540	10211	9521
Neuron	NonTarg_20	Control	7164	6795	6321	5929
Neuron	NonTarg_21	Control	12772	11542	11793	10715
Neuron	NonTarg_22	Control	16254	15165	15097	14004
Neuron	NonTarg_23	Control	14931	14050	13471	12569
Neuron	NonTarg_24	Control	13161	12518	12381	11231
Neuron	NonTarg_25	Control	14527	13244	13078	12123
Neuron	NonTarg_26	Control	12930	11915	11375	11017
Neuron	NonTarg_27	Control	6402	6093	5512	5492
Neuron	NonTarg_28	Control	12092	11552	11234	10116
Neuron	NonTarg_29	Control	11161	10743	10145	9651
Neuron	NonTarg_3	Control	17742	16048	16275	14895
Neuron	NonTarg_30	Control	10262	9483	9324	8530
Neuron	NonTarg_31	Control	25275	23395	22880	21287
Neuron	NonTarg_32	Control	8990	8193	8108	7317
Neuron	NonTarg_33	Control	13249	12336	12155	11226
Neuron	NonTarg_34	Control	8024	7376	7202	6654
Neuron	NonTarg_35	Control	13954	12808	12645	11618
Neuron	NonTarg_36	Control	16873	15603	15217	14141
Neuron	NonTarg_37	Control	15312	14091	13964	12768
Neuron	NonTarg_38	Control	16146	15510	14589	13622
Neuron	NonTarg_39	Control	17452	16231	15965	14658
Neuron	NonTarg_4	Control	9579	8883	8756	8172
Neuron	NonTarg_40	Control	9567	8640	8907	7947
Neuron	NonTarg_41	Control	11126	10103	9879	9286
Neuron	NonTarg_42	Control	11537	10968	10868	10139
Neuron	NonTarg_43	Control	22789	21166	20467	19129
Neuron	NonTarg_44	Control	11275	10441	10435	9562
Neuron	NonTarg_45	Control	9855	9567	9241	8552
Neuron	NonTarg_46	Control	12381	11738	11265	10631
Neuron	NonTarg_47	Control	14844	13913	13683	12501
Neuron	NonTarg_48	Control	12792	11786	11662	10700
Neuron	NonTarg_49	Control	11132	10243	9931	9415
Neuron	NonTarg_5	Control	15347	14130	13720	12796
Neuron	NonTarg_50	Control	12882	12107	11790	11007
Neuron	NonTarg_51	Control	13958	12934	12664	11777
Neuron	NonTarg_52	Control	16565	15750	15280	14311
Neuron	NonTarg_53	Control	20668	19214	18258	17127
Neuron	NonTarg_54	Control	15751	14587	14382	13420
Neuron	NonTarg_55	Control	16615	15180	14945	13662
Neuron	NonTarg_56	Control	12194	11060	10927	10239
Neuron	NonTarg_57	Control	17906	16942	16077	15061
Neuron	NonTarg_58	Control	12856	12143	11851	10669
Neuron	NonTarg_59	Control	12641	11436	11317	10340
Neuron	NonTarg_6	Control	11555	10633	10474	9885
Neuron	NonTarg_60	Control	11588	10736	10509	9857
Neuron	NonTarg_61	Control	11199	10242	10319	9230
Neuron	NonTarg_62	Control	12272	11461	11414	10287
Neuron	NonTarg_63	Control	11732	10846	10945	9919
Neuron	NonTarg_64	Control	16034	14872	14473	13530
Neuron	NonTarg_65	Control	9978	9350	9338	8573
Neuron	NonTarg_66	Control	14397	13158	13255	12258
Neuron	NonTarg_67	Control	12870	11874	11617	10725
Neuron	NonTarg_68	Control	9872	9111	9159	8412
Neuron	NonTarg_69	Control	16106	14624	14492	13192
Neuron	NonTarg_7	Control	10284	9313	9020	8345
Neuron	NonTarg_70	Control	18266	17184	17011	15367
Neuron	NonTarg_71	Control	14632	13277	12854	12436
Neuron	NonTarg_72	Control	17125	15946	15318	14285
Neuron	NonTarg_73	Control	23614	21790	20973	19722
Neuron	NonTarg_74	Control	23203	21506	21457	19684
Neuron	NonTarg_75	Control	16010	15036	14948	13583
Neuron	NonTarg_76	Control	10047	9295	9085	8622
Neuron	NonTarg_77	Control	12794	11930	12032	10795
Neuron	NonTarg_78	Control	3336	3114	3104	2883
Neuron	NonTarg_79	Control	12991	11964	11779	11125
Neuron	NonTarg_8	Control	8294	7850	7655	7191
Neuron	NonTarg_80	Control	10917	10366	10250	9269
Neuron	NonTarg_81	Control	15214	14178	13994	12791
Neuron	NonTarg_82	Control	33424	31016	30260	27733
Neuron	NonTarg_83	Control	11026	10207	9933	9277
Neuron	NonTarg_84	Control	12439	11504	11416	10499
Neuron	NonTarg_85	Control	21531	19911	19676	18072
Neuron	NonTarg_86	Control	19429	17677	17567	16304
Neuron	NonTarg_87	Control	15639	14758	14503	13114
Neuron	NonTarg_88	Control	14686	13547	13467	12379
Neuron	NonTarg_89	Control	15052	13764	13647	12451
Neuron	NonTarg_9	Control	17691	16208	16156	14979
Neuron	NonTarg_90	Control	11094	10085	10166	9325
Neuron	NRXN1_sg601	NRXN1	10041	9105	8951	8045
Neuron	NRXN1_sg602	NRXN1	14501	13102	12984	11983
Neuron	NRXN1_sg603	NRXN1	15193	13662	13640	12340
Neuron	NRXN1_sg604	NRXN1	24128	22373	21906	20292
Neuron	NRXN1_sg605	NRXN1	14683	13992	13624	12592
Neuron	NRXN1_sg606	NRXN1	17195	15774	15633	14178
Neuron	NRXN1_sg607	NRXN1	21069	19765	19368	17897
Neuron	NRXN1_sg608	NRXN1	13113	12061	12034	10911
Neuron	NRXN1_sg609	NRXN1	27263	25823	25205	23263
Neuron	NRXN1_sg610	NRXN1	13114	12066	11710	11146
Neuron	ORC3_sg611	ORC3	19655	18333	17857	16693
Neuron	ORC3_sg612	ORC3	12160	11340	10937	10121
Neuron	ORC3_sg613	ORC3	14692	13661	13281	12388
Neuron	ORC3_sg614	ORC3	18850	17334	17043	15774
Neuron	ORC3_sg615	ORC3	16798	16052	15468	14264
Neuron	ORC3_sg616	ORC3	12677	12071	11522	10786
Neuron	ORC3_sg617	ORC3	18586	17461	16825	15791
Neuron	ORC3_sg618	ORC3	22156	20572	20130	18591
Neuron	ORC3_sg619	ORC3	12741	12012	11691	10948
Neuron	ORC3_sg620	ORC3	18392	16894	16684	15415
Neuron	PHOX2B_sg621	PHOX2B	8880	8189	7999	7443
Neuron	PHOX2B_sg622	PHOX2B	9051	8536	8388	7903
Neuron	PHOX2B_sg623	PHOX2B	12186	11103	10903	10303
Neuron	PHOX2B_sg624	PHOX2B	11379	10252	10270	9525
Neuron	PHOX2B_sg625	PHOX2B	12742	12188	11762	10855
Neuron	PHOX2B_sg626	PHOX2B	15352	14118	13936	12743
Neuron	PHOX2B_sg627	PHOX2B	11148	10384	10194	9144
Neuron	PHOX2B_sg628	PHOX2B	14721	13939	13217	12808
Neuron	PHOX2B_sg629	PHOX2B	10742	9974	9834	9040
Neuron	PHOX2B_sg630	PHOX2B	13323	12044	12004	11045
Neuron	POLR1B_sg631	POLR1B	12440	11243	11393	10148
Neuron	POLR1B_sg632	POLR1B	14931	13867	13350	12266
Neuron	POLR1B_sg633	POLR1B	12940	12034	12212	11136
Neuron	POLR1B_sg634	POLR1B	12964	11783	11499	10655
Neuron	POLR1B_sg635	POLR1B	14089	12906	12568	11814
Neuron	POLR1B_sg636	POLR1B	14019	12918	12706	11705
Neuron	POLR1B_sg637	POLR1B	15588	14532	14300	13001
Neuron	POLR1B_sg638	POLR1B	13547	12376	12643	11313
Neuron	POLR1B_sg639	POLR1B	21738	20456	20203	18405
Neuron	POLR1B_sg640	POLR1B	15138	14108	14318	13242
Neuron	POLR2C_sg641	POLR2C	15048	13960	13533	12626
Neuron	POLR2C_sg642	POLR2C	18142	16867	16620	15549
Neuron	POLR2C_sg643	POLR2C	11438	10573	10568	9526
Neuron	POLR2C_sg644	POLR2C	19966	18517	18554	16821
Neuron	POLR2C_sg645	POLR2C	16535	15390	15153	13836
Neuron	POLR2C_sg646	POLR2C	17813	16340	16308	14835
Neuron	POLR2C_sg647	POLR2C	11836	11122	10778	10083
Neuron	POLR2C_sg648	POLR2C	21054	19798	19098	17830
Neuron	POLR2C_sg649	POLR2C	12688	11675	11043	10382
Neuron	POLR2C_sg650	POLR2C	15741	14391	14468	13320
Neuron	POLR3K_sg651	POLR3K	7229	6572	6321	5614
Neuron	POLR3K_sg652	POLR3K	16397	15432	14904	13381
Neuron	POLR3K_sg653	POLR3K	17114	15808	15536	14245
Neuron	POLR3K_sg654	POLR3K	12197	11618	11121	9849
Neuron	POLR3K_sg655	POLR3K	16690	15413	14650	13367
Neuron	POLR3K_sg656	POLR3K	17902	16777	16587	15095
Neuron	POLR3K_sg657	POLR3K	18046	16828	15834	14666
Neuron	POLR3K_sg658	POLR3K	20445	18835	18057	16413
Neuron	POLR3K_sg659	POLR3K	25038	23763	22384	20388
Neuron	POLR3K_sg660	POLR3K	8878	8176	8017	7220
Neuron	PPY_sg661	PPY	11779	10726	10821	9899
Neuron	PPY_sg662	PPY	12654	11941	11846	11145
Neuron	PPY_sg663	PPY	7351	6729	6580	6162
Neuron	PPY_sg664	PPY	19187	17791	17604	15818
Neuron	PPY_sg665	PPY	10262	9261	9152	8470
Neuron	PPY_sg666	PPY	8820	8185	8119	7382
Neuron	PPY_sg667	PPY	13371	12724	12124	11162
Neuron	PPY_sg668	PPY	21232	19782	19505	17999
Neuron	PPY_sg669	PPY	12787	11886	11715	11034
Neuron	PPY_sg670	PPY	14388	13136	13171	11688
Neuron	PRDM13_sg671	PRDM13	10469	9645	9416	8663
Neuron	PRDM13_sg672	PRDM13	10547	10022	9997	9002
Neuron	PRDM13_sg673	PRDM13	1491	1315	1146	1089
Neuron	PRDM13_sg674	PRDM13	14702	13494	13360	12480
Neuron	PRDM13_sg675	PRDM13	20500	18943	18939	17286
Neuron	PRDM13_sg676	PRDM13	15754	14452	14195	13079
Neuron	PRDM13_sg677	PRDM13	19034	18094	17614	16107
Neuron	PRDM13_sg678	PRDM13	12860	11734	11587	10449
Neuron	PRDM13_sg679	PRDM13	11583	10689	10585	9986
Neuron	PRDM13_sg680	PRDM13	11183	10534	10179	9495
Neuron	PRPH2_sg681	PRPH2	24972	22794	22953	21136
Neuron	PRPH2_sg682	PRPH2	12682	11470	11398	10628
Neuron	PRPH2_sg683	PRPH2	15567	14487	14486	13177
Neuron	PRPH2_sg684	PRPH2	15690	14460	14432	13097
Neuron	PRPH2_sg685	PRPH2	14077	12930	12751	11976
Neuron	PRPH2_sg686	PRPH2	7634	6992	6881	6453
Neuron	PRPH2_sg687	PRPH2	10042	9266	9098	8578
Neuron	PRPH2_sg688	PRPH2	1	1	1	1
Neuron	PRPH2_sg689	PRPH2	22343	20773	20754	18823
Neuron	PRPH2_sg690	PRPH2	18101	17016	16075	15424
Neuron	PSMB1_sg691	PSMB1	14210	13551	12148	10592
Neuron	PSMB1_sg692	PSMB1	11529	10598	9447	8209
Neuron	PSMB1_sg693	PSMB1	8399	7973	7261	6445
Neuron	PSMB1_sg694	PSMB1	15460	14710	14158	13023
Neuron	PSMB1_sg695	PSMB1	22513	20719	19292	17383
Neuron	PSMB1_sg696	PSMB1	24464	23189	21120	18698
Neuron	PSMB1_sg697	PSMB1	9569	8574	8389	7331
Neuron	PSMB1_sg698	PSMB1	11534	10680	9537	8589
Neuron	PSMB1_sg699	PSMB1	14897	13734	12616	11421
Neuron	PSMB1_sg700	PSMB1	7407	6655	6276	5767
Neuron	PSMC1_sg701	PSMC1	17181	14592	13965	12291
Neuron	PSMC1_sg702	PSMC1	19363	18047	17042	15132
Neuron	PSMC1_sg703	PSMC1	13026	12091	11505	10519
Neuron	PSMC1_sg704	PSMC1	8861	8294	8085	7252
Neuron	PSMC1_sg705	PSMC1	12509	11591	11423	10016
Neuron	PSMC1_sg706	PSMC1	9582	8942	8910	8020
Neuron	PSMC1_sg707	PSMC1	11776	10866	10671	9772
Neuron	PSMC1_sg708	PSMC1	23930	22364	21124	19433
Neuron	PSMC1_sg709	PSMC1	14183	13135	12323	11442
Neuron	PSMC1_sg710	PSMC1	22006	20250	20178	18428
Neuron	PSMC3_sg711	PSMC3	10066	9553	9249	8564
Neuron	PSMC3_sg712	PSMC3	14765	13623	12966	11927
Neuron	PSMC3_sg713	PSMC3	17506	15833	14592	12698
Neuron	PSMC3_sg714	PSMC3	11746	11097	9760	9093
Neuron	PSMC3_sg715	PSMC3	13498	12629	12127	10789
Neuron	PSMC3_sg716	PSMC3	13259	12462	11885	10493
Neuron	PSMC3_sg717	PSMC3	14621	13643	12990	11761
Neuron	PSMC3_sg718	PSMC3	11902	11187	10283	9285
Neuron	PSMC3_sg719	PSMC3	13671	12589	12174	11022
Neuron	PSMC3_sg720	PSMC3	25400	23938	23033	21368
Neuron	PSMC5_sg721	PSMC5	16524	15276	13835	12478
Neuron	PSMC5_sg722	PSMC5	11178	10284	8948	8225
Neuron	PSMC5_sg723	PSMC5	12345	11260	10734	9850
Neuron	PSMC5_sg724	PSMC5	12550	11615	10748	9711
Neuron	PSMC5_sg725	PSMC5	8316	7717	7356	6510
Neuron	PSMC5_sg726	PSMC5	11271	10345	9357	8180
Neuron	PSMC5_sg727	PSMC5	12115	11583	10665	9777
Neuron	PSMC5_sg728	PSMC5	25943	24084	22469	20137
Neuron	PSMC5_sg729	PSMC5	8442	7848	7040	6560
Neuron	PSMC5_sg730	PSMC5	11946	11115	10904	9937
Neuron	PSMD4_sg731	PSMD4	17749	16068	16042	14213
Neuron	PSMD4_sg732	PSMD4	14917	13950	13630	12671
Neuron	PSMD4_sg733	PSMD4	9246	8700	8503	7796
Neuron	PSMD4_sg734	PSMD4	16001	15304	14987	13691
Neuron	PSMD4_sg735	PSMD4	15141	14102	13630	12872
Neuron	PSMD4_sg736	PSMD4	12702	11845	11497	10679
Neuron	PSMD4_sg737	PSMD4	13487	12584	12603	11572
Neuron	PSMD4_sg738	PSMD4	25355	23798	22855	21333
Neuron	PSMD4_sg739	PSMD4	17138	15919	15841	14253
Neuron	PSMD4_sg740	PSMD4	17875	16944	16103	14994
Neuron	RBFOX3_sg741	RBFOX3	18213	17248	16746	15388
Neuron	RBFOX3_sg742	RBFOX3	22402	20707	20502	18383
Neuron	RBFOX3_sg743	RBFOX3	16913	15395	15519	13952
Neuron	RBFOX3_sg744	RBFOX3	14285	13625	13441	11933
Neuron	RBFOX3_sg745	RBFOX3	13721	12814	12626	11349
Neuron	RBFOX3_sg746	RBFOX3	12517	11668	11544	10770
Neuron	RBFOX3_sg747	RBFOX3	13768	12870	12599	11670
Neuron	RBFOX3_sg748	RBFOX3	12432	11712	11498	10595
Neuron	RBFOX3_sg749	RBFOX3	10623	9728	9769	8790
Neuron	RBFOX3_sg750	RBFOX3	9748	9311	9108	8341
Neuron	SALL4_sg751	SALL4	16973	15870	15199	14174
Neuron	SALL4_sg752	SALL4	10688	10076	9815	9167
Neuron	SALL4_sg753	SALL4	14389	13466	13315	12254
Neuron	SALL4_sg754	SALL4	12845	12306	11687	10946
Neuron	SALL4_sg755	SALL4	11508	10507	10438	9568
Neuron	SALL4_sg756	SALL4	17134	16048	16147	14648
Neuron	SALL4_sg757	SALL4	11645	11026	10729	9802
Neuron	SALL4_sg758	SALL4	7889	7516	6964	6745
Neuron	SALL4_sg759	SALL4	11564	10494	10412	9500
Neuron	SALL4_sg760	SALL4	14786	13606	13433	12279
Neuron	SATB2_sg761	SATB2	10673	10119	9580	8930
Neuron	SATB2_sg762	SATB2	13987	13307	12977	11934
Neuron	SATB2_sg763	SATB2	19505	18120	18044	16428
Neuron	SATB2_sg764	SATB2	26125	24297	23903	22227
Neuron	SATB2_sg765	SATB2	9832	9133	9031	8196
Neuron	SATB2_sg766	SATB2	14337	13096	12873	11908
Neuron	SATB2_sg767	SATB2	23281	22006	21007	19631
Neuron	SATB2_sg768	SATB2	17440	16611	15845	14829
Neuron	SATB2_sg769	SATB2	11364	10667	10368	9753
Neuron	SATB2_sg770	SATB2	13530	12709	12305	11288
Neuron	SEL1L2_sg771	SEL1L2	27866	26056	25234	22943
Neuron	SEL1L2_sg772	SEL1L2	30392	28267	27965	25669
Neuron	SEL1L2_sg773	SEL1L2	13869	12696	12657	11660
Neuron	SEL1L2_sg774	SEL1L2	15833	14895	14344	13368
Neuron	SEL1L2_sg775	SEL1L2	16573	15125	15092	13790
Neuron	SEL1L2_sg776	SEL1L2	26110	24638	24365	22226
Neuron	SEL1L2_sg777	SEL1L2	22566	21231	20903	19099
Neuron	SEL1L2_sg778	SEL1L2	48	37	12	28
Neuron	SEL1L2_sg779	SEL1L2	17886	16644	16913	15242
Neuron	SEL1L2_sg780	SEL1L2	14750	13801	13849	12277
Neuron	SHANK1_sg781	SHANK1	12829	11875	11748	10773
Neuron	SHANK1_sg782	SHANK1	12837	11783	11402	10481
Neuron	SHANK1_sg783	SHANK1	8594	8045	7680	7251
Neuron	SHANK1_sg784	SHANK1	18078	16766	16660	15300
Neuron	SHANK1_sg785	SHANK1	11289	10795	10672	9792
Neuron	SHANK1_sg786	SHANK1	13818	13115	12553	11579
Neuron	SHANK1_sg787	SHANK1	11130	10314	9979	9108
Neuron	SHANK1_sg788	SHANK1	12766	11951	11790	10810
Neuron	SHANK1_sg789	SHANK1	14558	13558	13632	12363
Neuron	SHANK1_sg790	SHANK1	20556	19297	18814	17135
Neuron	SLC22A16_sg791	SLC22A16	23201	21539	21130	19614
Neuron	SLC22A16_sg792	SLC22A16	11737	10629	10873	10188
Neuron	SLC22A16_sg793	SLC22A16	11076	10157	10103	9192
Neuron	SLC22A16_sg794	SLC22A16	17193	15597	15108	14389
Neuron	SLC22A16_sg795	SLC22A16	17504	15897	16187	14689
Neuron	SLC22A16_sg796	SLC22A16	13106	11772	11934	10659
Neuron	SLC22A16_sg797	SLC22A16	20398	19220	18944	17371
Neuron	SLC22A16_sg798	SLC22A16	23192	21385	21639	19657
Neuron	SLC22A16_sg799	SLC22A16	19602	18572	17850	16625
Neuron	SLC22A16_sg800	SLC22A16	16968	15476	15285	14459
Neuron	SNX1_sg801	SNX1	20201	18702	18167	16966
Neuron	SNX1_sg802	SNX1	18267	17319	16798	15459
Neuron	SNX1_sg803	SNX1	14111	13407	12680	11943
Neuron	SNX1_sg804	SNX1	25101	23410	22669	21176
Neuron	SNX1_sg805	SNX1	15296	13876	14016	12773
Neuron	SNX1_sg806	SNX1	13391	12379	12209	11276
Neuron	SNX1_sg807	SNX1	17171	15458	15476	13974
Neuron	SNX1_sg808	SNX1	16461	14978	14993	13670
Neuron	SNX1_sg809	SNX1	18610	17216	16864	15263
Neuron	SNX1_sg810	SNX1	23136	21584	21056	19300
Neuron	SULT1E1_sg811	SULT1E1	18849	17656	16910	15766
Neuron	SULT1E1_sg812	SULT1E1	21	1	22	1
Neuron	SULT1E1_sg813	SULT1E1	21135	19963	19792	18213
Neuron	SULT1E1_sg814	SULT1E1	7864	7132	7213	6726
Neuron	SULT1E1_sg815	SULT1E1	17865	16534	16211	15075
Neuron	SULT1E1_sg816	SULT1E1	30071	27905	27254	25056
Neuron	SULT1E1_sg817	SULT1E1	27210	25554	24869	22776
Neuron	SULT1E1_sg818	SULT1E1	10552	9640	9502	8846
Neuron	SULT1E1_sg819	SULT1E1	23850	21845	21563	19587
Neuron	SULT1E1_sg820	SULT1E1	17462	16649	16593	14937
Neuron	SUMO1_sg821	SUMO1	18381	17368	16852	15591
Neuron	SUMO1_sg822	SUMO1	12510	11814	11496	10511
Neuron	SUMO1_sg823	SUMO1	17231	16020	16207	14554
Neuron	SUMO1_sg824	SUMO1	18803	17280	16959	15685
Neuron	SUMO1_sg825	SUMO1	17464	16260	15699	14730
Neuron	SUMO1_sg826	SUMO1	17585	17072	16377	14965
Neuron	SUMO1_sg827	SUMO1	22519	21128	20419	19096
Neuron	SUMO1_sg828	SUMO1	4763	4265	4236	3920
Neuron	SUMO1_sg829	SUMO1	18677	17795	17172	15937
Neuron	SUMO1_sg830	SUMO1	32849	30891	29901	27718
Neuron	TCL1_sg831	TCL1	12653	11698	11621	10535
Neuron	TCL1_sg832	TCL1	14559	13282	13183	11980
Neuron	TCL1_sg833	TCL1	23193	21819	21131	19226
Neuron	TCL1_sg834	TCL1	7109	6823	6623	6063
Neuron	TCL1_sg835	TCL1	21769	20829	20747	19018
Neuron	TCL1_sg836	TCL1	10360	9685	9248	8680
Neuron	TCL1_sg837	TCL1	14502	13680	13771	12726
Neuron	TCL1_sg838	TCL1	17395	16319	15933	14459
Neuron	TCL1_sg839	TCL1	23711	22230	21727	20038
Neuron	TCL1_sg840	TCL1	9265	8788	8601	8053
Neuron	TH_sg841	TH	13010	11885	11615	10690
Neuron	TH_sg842	TH	13442	12661	12304	11507
Neuron	TH_sg843	TH	8811	8332	8108	7197
Neuron	TH_sg844	TH	14277	13084	13312	12002
Neuron	TH_sg845	TH	17332	16277	15397	14396
Neuron	TH_sg846	TH	17242	16056	15704	14511
Neuron	TH_sg847	TH	18167	16505	16456	15283
Neuron	TH_sg848	TH	22247	20658	20150	18796
Neuron	TH_sg849	TH	16812	15303	15088	14002
Neuron	TH_sg850	TH	24787	23047	22624	21022
Neuron	TIAM1_sg851	TIAM1	11337	10486	10019	9543
Neuron	TIAM1_sg852	TIAM1	2e4	18651	17855	16998
Neuron	TIAM1_sg853	TIAM1	13446	12681	12095	11148
Neuron	TIAM1_sg854	TIAM1	12419	11479	11742	10809
Neuron	TIAM1_sg855	TIAM1	10417	10008	9713	9065
Neuron	TIAM1_sg856	TIAM1	10442	9427	9280	8451
Neuron	TIAM1_sg857	TIAM1	9612	8970	8861	8032
Neuron	TIAM1_sg858	TIAM1	20132	18953	18703	17143
Neuron	TIAM1_sg859	TIAM1	19809	18436	18172	16782
Neuron	TIAM1_sg860	TIAM1	14882	14001	13677	12596
Neuron	TMPRSS11E_sg861	TMPRSS11E	14129	13591	13206	12169
Neuron	TMPRSS11E_sg862	TMPRSS11E	12735	11525	11373	10624
Neuron	TMPRSS11E_sg863	TMPRSS11E	11134	10327	10374	9411
Neuron	TMPRSS11E_sg864	TMPRSS11E	16918	15509	15454	14181
Neuron	TMPRSS11E_sg865	TMPRSS11E	20069	18275	18289	16641
Neuron	TMPRSS11E_sg866	TMPRSS11E	12020	11195	11174	10032
Neuron	TMPRSS11E_sg867	TMPRSS11E	1	1	1	1
Neuron	TMPRSS11E_sg868	TMPRSS11E	17951	16755	16427	15247
Neuron	TMPRSS11E_sg869	TMPRSS11E	13268	12357	12336	11305
Neuron	TMPRSS11E_sg870	TMPRSS11E	13076	11924	11615	10894
Neuron	TRRAP_sg871	TRRAP	12343	11514	11204	10326
Neuron	TRRAP_sg872	TRRAP	10894	10078	10084	9282
Neuron	TRRAP_sg873	TRRAP	8332	7854	7526	6835
Neuron	TRRAP_sg874	TRRAP	23360	21794	20772	19513
Neuron	TRRAP_sg875	TRRAP	16150	15141	15005	13473
Neuron	TRRAP_sg876	TRRAP	21649	20075	19446	17906
Neuron	TRRAP_sg877	TRRAP	17039	15767	15411	14149
Neuron	TRRAP_sg878	TRRAP	18913	17066	16973	15709
Neuron	TRRAP_sg879	TRRAP	9473	8617	8237	7901
Neuron	TRRAP_sg880	TRRAP	13955	13511	12850	11815
Neuron	ULBP1_sg881	ULBP1	16192	15142	14927	13760
Neuron	ULBP1_sg882	ULBP1	15339	14557	14119	13252
Neuron	ULBP1_sg883	ULBP1	18336	17138	16795	15147
Neuron	ULBP1_sg884	ULBP1	1	1	1	1
Neuron	ULBP1_sg885	ULBP1	38095	35923	35657	32357
Neuron	ULBP1_sg886	ULBP1	17087	15596	15303	14375
Neuron	ULBP1_sg887	ULBP1	34812	32878	31530	29368
Neuron	ULBP1_sg888	ULBP1	9401	8715	8644	8171
Neuron	ULBP1_sg889	ULBP1	15464	14438	14223	13050
Neuron	ULBP1_sg890	ULBP1	22988	21398	20546	19130
Neuron	VSX1_sg891	VSX1	11409	10444	10434	9413
Neuron	VSX1_sg892	VSX1	12544	11915	11302	10588
Neuron	VSX1_sg893	VSX1	13649	12747	12553	11641
Neuron	VSX1_sg894	VSX1	13036	12273	12181	11159
Neuron	VSX1_sg895	VSX1	17667	16253	15910	14850
Neuron	VSX1_sg896	VSX1	25033	23155	22686	20956
Neuron	VSX1_sg897	VSX1	14003	13057	12630	11657
Neuron	VSX1_sg898	VSX1	8712	7991	7949	7431
Neuron	VSX1_sg899	VSX1	9061	8172	8230	7460
Neuron	VSX1_sg900	VSX1	7689	7107	6955	6374
